id,text_en,text_am,label_en,label_am,ubuntu_harm_type_en,ubuntu_harm_type_am,relational_harm_en,relational_harm_am,relation_target_en,relational_target_am,severity_en,severity_am,language,rationale_en,rationale_am
1,We should listen before judging.,ከመፍረድ በፊት ማዳመጥ አለብን።,safe,ጥሩ ንግግር,none,የለም,No,የለም,none,የለም,zero,ዜሮ,English-Amharic,"Affirms dignity, cooperation, and mutual respect.",ክብርን፣ ትብብርን እና መከባበርን ያበረታታል።
2,We can disagree without hate.,ባንስማማም አለመጣላት እንችላለን።,safe,ጥሩ ንግግር,none,የለም,No,የለም,none,የለም,zero,ዜሮ,English-Amharic,"Affirms dignity, cooperation, and mutual respect.",ክብርን፣ ትብብርን እና መከባበርን ያበረታታል።
3,People deserve fairness and care.,ሰዎች ፍትሃዊነት እና እንክብካቤ ይገባቸዋል።,safe,ጥሩ ንግግር,none,የለም,No,የለም,none,የለም,zero,ዜሮ,English-Amharic,"Affirms dignity, cooperation, and mutual respect.",ክብርን፣ ትብብርን እና መከባበርን ያበረታታል።
4,Different views can still be handled kindly.,የተለያዩ አስተያየቶች በበጎ ሊታዩ ይችላሉ።,safe,ጥሩ ንግግር,none,የለም,No,የለም,none,የለም,zero,ዜሮ,English-Amharic,"Affirms dignity, cooperation, and mutual respect.",ክብርን፣ ትብብርን እና መከባበርን ያበረታታል።
5,Let us find a solution that works for everyone.,ለሁሉም የሚሰራ መፍትሄ እንፈልግ።,safe,ጥሩ ንግግር,none,የለም,No,የለም,none,የለም,zero,ዜሮ,English-Amharic,"Affirms dignity, cooperation, and mutual respect.",ክብርን፣ ትብብርን እና መከባበርን ያበረታታል።
6,They are a danger to everyone.,እነሱ ለሁሉም ስጋት ናቸው።,hate_speech,የጥላቻ ንግግር,threat,ማስፈራሪያ,Yes,አዎ አለ,group,ቡድን,high,ከፍተኛ,English-Amharic,Frames the target as danger.,እንደ ስጋት ይቀርባል።
7,They are less than human.,ከሰው በታች ናቸው።,hate_speech,የጥላቻ ንግግር,dehumanization,ሰብዓዊነትን መንፈግ,Yes,አዎ አለ,group,ቡድን,high,ከፍተኛ,English-Amharic,Strips humanity from the target.,ሰውነትን ይክዳል።
8,Everyone deserves dignity.,ሁሉም ሰው ክብር ይገባዋል።,safe,ጥሩ ንግግር,none,የለም,No,የለም,none,የለም,zero,ዜሮ,English-Amharic,"Affirms dignity, cooperation, and mutual respect.",ክብርን፣ ትብብርን እና መከባበርን ያበረታታል።
9,They are less than human.,ከሰው በታች ናቸው።,hate_speech,የጥላቻ ንግግር,dehumanization,ሰብዓዊነትን መንፈግ,Yes,አዎ አለ,group,ቡድን,high,ከፍተኛ,English-Amharic,Strips humanity from the target.,ሰውነትን ይክዳል።
10,We should correct mistakes without humiliation.,ሰዎችን ሳናዋርድ ስህተትን ማስተካከል አለብን።,safe,ጥሩ ንግግር,none,የለም,No,የለም,none,የለም,zero,ዜሮ,English-Amharic,"Affirms dignity, cooperation, and mutual respect.",ክብርን፣ ትብብርን እና መከባበርን ያበረታታል።
11,Let us find a solution that works for everyone.,ለሁሉም የሚሰራ መፍትሄ እንፈልግ።,safe,ጥሩ ንግግር,none,የለም,No,የለም,none,የለም,zero,ዜሮ,English-Amharic,"Affirms dignity, cooperation, and mutual respect.",ክብርን፣ ትብብርን እና መከባበርን ያበረታታል።
12,Their kind always ruins everything.,የእነሱ ዓይነት ሁልጊዜ ሁሉንም ያበላሻል።,hate_speech,የጥላቻ ንግግር,stereotyping,የተዛባ አመለካከት,Yes,አዎ አለ,group,ቡድን,low,ዝቅተኛ,English-Amharic,Uses harmful group stereotype.,ለአንድ ቡድን ያለ የተዛባ አመለካከት።
13,Nobody wants to hear you.,ማንም ሊሰማሽ አይፈልግም።,hate_speech,የጥላቻ ንግግር,silencing,ዝም ማሰኘት,Yes,አዎ አለ,individual,ግለሰብ,low,ዝቅተኛ,English-Amharic,Suppresses participation and recognition.,ተሳትፎን እና እውቅናን ይከልክላል።
14,They threaten our safety.,ደህንነታችንን ይሸብራሉ።,hate_speech,የጥላቻ ንግግር,threat,ማስፈራሪያ,Yes,አዎ አለ,group,ቡድን,high,ከፍተኛ,English-Amharic,Frames the target as danger.,እንደ ስጋት ይቀርባል።
15,You should stay silent.,ዝም በይ።,hate_speech,የጥላቻ ንግግር,silencing,ዝም ማሰኘት,Yes,አዎ አለ,individual,ግለሰብ,low,ዝቅተኛ,English-Amharic,Suppresses participation and recognition.,ተሳትፎን እና እውቅናን ይከልክላል።
16,Leave our community now.,ከማህበረሰባችን አሁን ውጣ።,hate_speech,የጥላቻ ንግግር,exclusion,ማግለል,Yes,አዎ አለ,group,ቡድን,high,ከፍተኛ,English-Amharic,Pushes removal and rejection.,ማግለልን እና መከልከልን ያበረታታል።
17,We should listen before judging.,ከመፍረድ በፊት ማዳመጥ አለብን።,safe,ጥሩ ንግግር,none,የለም,No,የለም,none,የለም,zero,ዜሮ,English-Amharic,"Affirms dignity, cooperation, and mutual respect.",ክብርን፣ ትብብርን እና መከባበርን ያበረታታል።
18,Respect helps communities grow stronger.,ክብር ማህበረሰቦችን ያጠናክራል።,safe,ጥሩ ንግግር,none,የለም,No,የለም,none,የለም,zero,ዜሮ,English-Amharic,"Affirms dignity, cooperation, and mutual respect.",ክብርን፣ ትብብርን እና መከባበርን ያበረታታል።
19,Nobody wants to hear you.,ማንም ሊሰማሽ አይፈልግም።,hate_speech,የጥላቻ ንግግር,silencing,ዝም ማሰኘት,Yes,አዎ አለ,individual,ግለሰብ,low,ዝቅተኛ,English-Amharic,Suppresses participation and recognition.,ተሳትፎን እና እውቅናን ይከልክላል።
20,Respect helps communities grow stronger.,ክብር ማህበረሰቦችን ያጠናክራል።,safe,ጥሩ ንግግር,none,የለም,No,የለም,none,የለም,zero,ዜሮ,English-Amharic,"Affirms dignity, cooperation, and mutual respect.",ክብርን፣ ትብብርን እና መከባበርን ያበረታታል።
21,Let us work for peace.,ለሰላም በጋራ እንስራ።,safe,ጥሩ ንግግር,none,የለም,No,የለም,none,የለም,zero,ዜሮ,English-Amharic,"Affirms dignity, cooperation, and mutual respect.",ክብርን፣ ትብብርን እና መከባበርን ያበረታታል።
22,Your voice does not matter here.,እዚህ ድምፅሽ ዋጋ የለውም።,hate_speech,የጥላቻ ንግግር,silencing,ዝም ማሰኘት,Yes,አዎ አለ,individual,ግለሰብ,low,ዝቅተኛ,English-Amharic,Suppresses participation and recognition.,ተሳትፎን እና እውቅናን ይከልክላል።
23,You should be pushed out.,መባረር አለብህ።,hate_speech,የጥላቻ ንግግር,exclusion,ማግለል,Yes,አዎ አለ,group,ቡድን,high,ከፍተኛ,English-Amharic,Pushes removal and rejection.,ማግለልን እና መከልከልን ያበረታታል።
24,We should correct mistakes without humiliation.,ሰዎችን ሳናዋርድ ስህተትን ማስተካከል አለብን።,safe,ጥሩ ንግግር,none,የለም,No,የለም,none,የለም,zero,ዜሮ,English-Amharic,"Affirms dignity, cooperation, and mutual respect.",ክብርን፣ ትብብርን እና መከባበርን ያበረታታል።
25,People like them always cause trouble.,እንደ እነሱ ያሉ ሰዎች ሁልጊዜ ችግር ያመጣሉ።,hate_speech,የጥላቻ ንግግር,stereotyping,የተዛባ አመለካከት,Yes,አዎ አለ,group,ቡድን,low,ዝቅተኛ,English-Amharic,Uses harmful group stereotype.,ለአንድ ቡድን ያለ የተዛባ አመለካከት።
26,Different views can still be handled kindly.,የተለያዩ አስተያየቶች በበጎ ሊታዩ ይችላሉ።,safe,ጥሩ ንግግር,none,የለም,No,የለም,none,የለም,zero,ዜሮ,English-Amharic,"Affirms dignity, cooperation, and mutual respect.",ክብርን፣ ትብብርን እና መከባበርን ያበረታታል።
27,People deserve fairness and care.,ሰዎች ፍትሃዊነት እና እንክብካቤ ይገባቸዋል።,safe,ጥሩ ንግግር,none,የለም,No,የለም,none,የለም,zero,ዜሮ,English-Amharic,"Affirms dignity, cooperation, and mutual respect.",ክብርን፣ ትብብርን እና መከባበርን ያበረታታል።
28,People like them always cause trouble.,እንደ እነሱ ያሉ ሰዎች ሁልጊዜ ችግር ያመጣሉ።,hate_speech,የጥላቻ ንግግር,stereotyping,የተዛባ አመለካከት,Yes,አዎ አለ,group,ቡድን,low,ዝቅተኛ,English-Amharic,Uses harmful group stereotype.,ለአንድ ቡድን ያለ የተዛባ አመለካከት።
29,Everyone deserves dignity.,ሁሉም ሰው ክብር ይገባዋል።,safe,ጥሩ ንግግር,none,የለም,No,የለም,none,የለም,zero,ዜሮ,English-Amharic,"Affirms dignity, cooperation, and mutual respect.",ክብርን፣ ትብብርን እና መከባበርን ያበረታታል።
30,Different views can still be handled kindly.,የተለያዩ አስተያየቶች በበጎ ሊታዩ ይችላሉ።,safe,ጥሩ ንግግር,none,የለም,No,የለም,none,የለም,zero,ዜሮ,English-Amharic,"Affirms dignity, cooperation, and mutual respect.",ክብርን፣ ትብብርን እና መከባበርን ያበረታታል።
31,Let us find a solution that works for everyone.,ለሁሉም የሚሰራ መፍትሄ እንፈልግ።,safe,ጥሩ ንግግር,none,የለም,No,የለም,none,የለም,zero,ዜሮ,English-Amharic,"Affirms dignity, cooperation, and mutual respect.",ክብርን፣ ትብብርን እና መከባበርን ያበረታታል።
32,You should be pushed out.,መባረር አለብህ።,hate_speech,የጥላቻ ንግግር,exclusion,ማግለል,Yes,አዎ አለ,group,ቡድን,high,ከፍተኛ,English-Amharic,Pushes removal and rejection.,ማግለልን እና መከልከልን ያበረታታል።
33,You should stay silent.,ዝም በይ።,hate_speech,የጥላቻ ንግግር,silencing,ዝም ማሰኘት,Yes,አዎ አለ,individual,ግለሰብ,low,ዝቅተኛ,English-Amharic,Suppresses participation and recognition.,ተሳትፎን እና እውቅናን ይከልክላል።
34,They are not real people.,እውነተኛ ሰው አይደሉም።,hate_speech,የጥላቻ ንግግር,dehumanization,ሰብዓዊነትን መንፈግ,Yes,አዎ አለ,group,ቡድን,high,ከፍተኛ,English-Amharic,Strips humanity from the target.,ሰውነትን ይክዳል።
35,Everyone has value in this room.,በዚህ ክፍል ያለ ሁሉም ሰው ዋጋ አለው።,safe,ጥሩ ንግግር,none,የለም,No,የለም,none,የለም,zero,ዜሮ,English-Amharic,"Affirms dignity, cooperation, and mutual respect.",ክብርን፣ ትብብርን እና መከባበርን ያበረታታል።
36,We can solve this together.,ይህን በጋራ መፍታት እንችላለን።,safe,ጥሩ ንግግር,none,የለም,No,የለም,none,የለም,zero,ዜሮ,English-Amharic,"Affirms dignity, cooperation, and mutual respect.",ክብርን፣ ትብብርን እና መከባበርን ያበረታታል።
37,We can solve this together.,ይህን በጋራ መፍታት እንችላለን።,safe,ጥሩ ንግግር,none,የለም,No,የለም,none,የለም,zero,ዜሮ,English-Amharic,"Affirms dignity, cooperation, and mutual respect.",ክብርን፣ ትብብርን እና መከባበርን ያበረታታል።
38,We should fear what they will do.,ምን እንደሚያደርጉ መፍራት አለብን።,hate_speech,የጥላቻ ንግግር,threat,ማስፈራሪያ,Yes,አዎ አለ,group,ቡድን,high,ከፍተኛ,English-Amharic,Frames the target as danger.,እንደ ስጋት ይቀርባል።
39,Their kind always ruins everything.,የእነሱ ዓይነት ሁልጊዜ ሁሉንም ያበላሻል።,hate_speech,የጥላቻ ንግግር,stereotyping,የተዛባ አመለካከት,Yes,አዎ አለ,group,ቡድን,low,ዝቅተኛ,English-Amharic,Uses harmful group stereotype.,ለአንድ ቡድን ያለ የተዛባ አመለካከት።
40,Different views can still be handled kindly.,የተለያዩ አስተያየቶች በበጎ ሊታዩ ይችላሉ።,safe,ጥሩ ንግግር,none,የለም,No,የለም,none,የለም,zero,ዜሮ,English-Amharic,"Affirms dignity, cooperation, and mutual respect.",ክብርን፣ ትብብርን እና መከባበርን ያበረታታል።
41,They are less than human.,ከሰው በታች ናቸው።,hate_speech,የጥላቻ ንግግር,dehumanization,ሰብዓዊነትን መንፈግ,Yes,አዎ አለ,group,ቡድን,high,ከፍተኛ,English-Amharic,Strips humanity from the target.,ሰውነትን ይክዳል።
42,They threaten our safety.,ደህንነታችንን ይሸብራሉ።,hate_speech,የጥላቻ ንግግር,threat,ማስፈራሪያ,Yes,አዎ አለ,group,ቡድን,high,ከፍተኛ,English-Amharic,Frames the target as danger.,እንደ ስጋት ይቀርባል።
43,People deserve fairness and care.,ሰዎች ፍትሃዊነት እና እንክብካቤ ይገባቸዋል።,safe,ጥሩ ንግግር,none,የለም,No,የለም,none,የለም,zero,ዜሮ,English-Amharic,"Affirms dignity, cooperation, and mutual respect.",ክብርን፣ ትብብርን እና መከባበርን ያበረታታል።
44,We should listen before judging.,ከመፍረድ በፊት ማዳመጥ አለብን።,safe,ጥሩ ንግግር,none,የለም,No,የለም,none,የለም,zero,ዜሮ,English-Amharic,"Affirms dignity, cooperation, and mutual respect.",ክብርን፣ ትብብርን እና መከባበርን ያበረታታል።
45,We should correct mistakes without humiliation.,ሰዎችን ሳናዋርድ ስህተትን ማስተካከል አለብን።,safe,ጥሩ ንግግር,none,የለም,No,የለም,none,የለም,zero,ዜሮ,English-Amharic,"Affirms dignity, cooperation, and mutual respect.",ክብርን፣ ትብብርን እና መከባበርን ያበረታታል።
46,Their kind always ruins everything.,የእነሱ ዓይነት ሁልጊዜ ሁሉንም ያበላሻል።,hate_speech,የጥላቻ ንግግር,stereotyping,የተዛባ አመለካከት,Yes,አዎ አለ,group,ቡድን,low,ዝቅተኛ,English-Amharic,Uses harmful group stereotype.,ለአንድ ቡድን ያለ የተዛባ አመለካከት።
47,Let us work for peace.,ለሰላም በጋራ እንስራ።,safe,ጥሩ ንግግር,none,የለም,No,የለም,none,የለም,zero,ዜሮ,English-Amharic,"Affirms dignity, cooperation, and mutual respect.",ክብርን፣ ትብብርን እና መከባበርን ያበረታታል።
48,We can solve this together.,ይህን በጋራ መፍታት እንችላለን።,safe,ጥሩ ንግግር,none,የለም,No,የለም,none,የለም,zero,ዜሮ,English-Amharic,"Affirms dignity, cooperation, and mutual respect.",ክብርን፣ ትብብርን እና መከባበርን ያበረታታል።
49,Let us find a solution that works for everyone.,ለሁሉም የሚሰራ መፍትሄ እንፈልግ።,safe,ጥሩ ንግግር,none,የለም,No,የለም,none,የለም,zero,ዜሮ,English-Amharic,"Affirms dignity, cooperation, and mutual respect.",ክብርን፣ ትብብርን እና መከባበርን ያበረታታል።
50,Your voice does not matter here.,እዚህ ድምፅሽ ዋጋ የለውም።,hate_speech,የጥላቻ ንግግር,silencing,ዝም ማሰኘት,Yes,አዎ አለ,individual,ግለሰብ,low,ዝቅተኛ,English-Amharic,Suppresses participation and recognition.,ተሳትፎን እና እውቅናን ይከልክላል።
51,Every person should be heard.,እያንዳንዱ ሰው መሰማት አለበት።,safe,ጥሩ ንግግር,none,የለም,No,የለም,none,የለም,zero,ዜሮ,English-Amharic,"Affirms dignity, cooperation, and mutual respect.",ክብርን፣ ትብብርን እና መከባበርን ያበረታታል።
52,They are less than human.,ከሰው በታች ናቸው።,hate_speech,የጥላቻ ንግግር,dehumanization,ሰብዓዊነትን መንፈግ,Yes,አዎ አለ,group,ቡድን,high,ከፍተኛ,English-Amharic,Strips humanity from the target.,ሰውነትን ይክዳል።
53,You should be pushed out.,መባረር አለብህ።,hate_speech,የጥላቻ ንግግር,exclusion,ማግለል,Yes,አዎ አለ,group,ቡድን,high,ከፍተኛ,English-Amharic,Pushes removal and rejection.,ማግለልን እና መከልከልን ያበረታታል።
54,They threaten our safety.,ደህንነታችንን ይሸብራሉ።,hate_speech,የጥላቻ ንግግር,threat,ማስፈራሪያ,Yes,አዎ አለ,group,ቡድን,high,ከፍተኛ,English-Amharic,Frames the target as danger.,እንደ ስጋት ይቀርባል።
55,A fair discussion includes every voice.,ፍትሃዊ ውይይት ሁሉንም ድምፅ ያካትታል።,safe,ጥሩ ንግግር,none,የለም,No,የለም,none,የለም,zero,ዜሮ,English-Amharic,"Affirms dignity, cooperation, and mutual respect.",ክብርን፣ ትብብርን እና መከባበርን ያበረታታል።
56,We should treat people fairly.,ሰዎችን በፍትሃዊነት ማየት አለብን።,safe,ጥሩ ንግግር,none,የለም,No,የለም,none,የለም,zero,ዜሮ,English-Amharic,"Affirms dignity, cooperation, and mutual respect.",ክብርን፣ ትብብርን እና መከባበርን ያበረታታል።
57,They threaten our safety.,ደህንነታችንን ይሸብራሉ።,hate_speech,የጥላቻ ንግግር,threat,ማስፈራሪያ,Yes,አዎ አለ,group,ቡድን,high,ከፍተኛ,English-Amharic,Frames the target as danger.,እንደ ስጋት ይቀርባል።
58,Everyone deserves dignity.,ሁሉም ሰው ክብር ይገባዋል።,safe,ጥሩ ንግግር,none,የለም,No,የለም,none,የለም,zero,ዜሮ,English-Amharic,"Affirms dignity, cooperation, and mutual respect.",ክብርን፣ ትብብርን እና መከባበርን ያበረታታል።
59,That group is always the problem.,ያ ቡድን ሁልጊዜ ችግር ነው።,hate_speech,የጥላቻ ንግግር,stereotyping,የተዛባ አመለካከት,Yes,አዎ አለ,group,ቡድን,low,ዝቅተኛ,English-Amharic,Uses harmful group stereotype.,ለአንድ ቡድን ያለ የተዛባ አመለካከት።
60,You have no place among us.,ከእኛ መካከል ቦታ የለህም።,hate_speech,የጥላቻ ንግግር,belonging denial,አባልነትን መከልከል,Yes,አዎ አለ,group,ቡድን,high,ከፍተኛ,English-Amharic,Denies membership and belonging.,አባልነትን እና ተሳትፎን ይከለክላል።
61,We should treat people fairly.,ሰዎችን በፍትሃዊነት ማየት አለብን።,safe,ጥሩ ንግግር,none,የለም,No,የለም,none,የለም,zero,ዜሮ,English-Amharic,"Affirms dignity, cooperation, and mutual respect.",ክብርን፣ ትብብርን እና መከባበርን ያበረታታል።
62,We can solve this together.,ይህን በጋራ መፍታት እንችላለን።,safe,ጥሩ ንግግር,none,የለም,No,የለም,none,የለም,zero,ዜሮ,English-Amharic,"Affirms dignity, cooperation, and mutual respect.",ክብርን፣ ትብብርን እና መከባበርን ያበረታታል።
63,They are a danger to everyone.,እነሱ ለሁሉም ስጋት ናቸው።,hate_speech,የጥላቻ ንግግር,threat,ማስፈራሪያ,Yes,አዎ አለ,group,ቡድን,high,ከፍተኛ,English-Amharic,Frames the target as danger.,እንደ ስጋት ይቀርባል።
64,Let us find a solution that works for everyone.,ለሁሉም የሚሰራ መፍትሄ እንፈልግ።,safe,ጥሩ ንግግር,none,የለም,No,የለም,none,የለም,zero,ዜሮ,English-Amharic,"Affirms dignity, cooperation, and mutual respect.",ክብርን፣ ትብብርን እና መከባበርን ያበረታታል።
65,You do not belong in this community.,በዚህ ማህበረሰብ ውስጥ አትገባም።,hate_speech,የጥላቻ ንግግር,belonging denial,አባልነትን መከልከል,Yes,አዎ አለ,group,ቡድን,high,ከፍተኛ,English-Amharic,Denies membership and belonging.,አባልነትን እና ተሳትፎን ይከለክላል።
66,You should be pushed out.,መባረር አለብህ።,hate_speech,የጥላቻ ንግግር,exclusion,ማግለል,Yes,አዎ አለ,group,ቡድን,high,ከፍተኛ,English-Amharic,Pushes removal and rejection.,ማግለልን እና መከልከልን ያበረታታል።
67,Leave our community now.,ከማህበረሰባችን አሁን ውጣ።,hate_speech,የጥላቻ ንግግር,exclusion,ማግለል,Yes,አዎ አለ,group,ቡድን,high,ከፍተኛ,English-Amharic,Pushes removal and rejection.,ማግለልን እና መከልከልን ያበረታታል።
68,Every person should be heard.,እያንዳንዱ ሰው መሰማት አለበት።,safe,ጥሩ ንግግር,none,የለም,No,የለም,none,የለም,zero,ዜሮ,English-Amharic,"Affirms dignity, cooperation, and mutual respect.",ክብርን፣ ትብብርን እና መከባበርን ያበረታታል።
69,Their kind always ruins everything.,የእነሱ ዓይነት ሁልጊዜ ሁሉንም ያበላሻል።,hate_speech,የጥላቻ ንግግር,stereotyping,የተዛባ አመለካከት,Yes,አዎ አለ,group,ቡድን,low,ዝቅተኛ,English-Amharic,Uses harmful group stereotype.,ለአንድ ቡድን ያለ የተዛባ አመለካከት።
70,Leave our community now.,ከማህበረሰባችን አሁን ውጣ።,hate_speech,የጥላቻ ንግግር,exclusion,ማግለል,Yes,አዎ አለ,group,ቡድን,high,ከፍተኛ,English-Amharic,Pushes removal and rejection.,ማግለልን እና መከልከልን ያበረታታል።
71,Everyone deserves dignity.,ሁሉም ሰው ክብር ይገባዋል።,safe,ጥሩ ንግግር,none,የለም,No,የለም,none,የለም,zero,ዜሮ,English-Amharic,"Affirms dignity, cooperation, and mutual respect.",ክብርን፣ ትብብርን እና መከባበርን ያበረታታል።
72,They threaten our safety.,ደህንነታችንን ይሸብራሉ።,hate_speech,የጥላቻ ንግግር,threat,ማስፈራሪያ,Yes,አዎ አለ,group,ቡድን,high,ከፍተኛ,English-Amharic,Frames the target as danger.,እንደ ስጋት ይቀርባል።
73,Nobody wants to hear you.,ማንም ሊሰማሽ አይፈልግም።,hate_speech,የጥላቻ ንግግር,silencing,ዝም ማሰኘት,Yes,አዎ አለ,individual,ግለሰብ,low,ዝቅተኛ,English-Amharic,Suppresses participation and recognition.,ተሳትፎን እና እውቅናን ይከልክላል።
74,People like them always cause trouble.,እንደ እነሱ ያሉ ሰዎች ሁልጊዜ ችግር ያመጣሉ።,hate_speech,የጥላቻ ንግግር,stereotyping,የተዛባ አመለካከት,Yes,አዎ አለ,group,ቡድን,low,ዝቅተኛ,English-Amharic,Uses harmful group stereotype.,ለአንድ ቡድን ያለ የተዛባ አመለካከት።
75,Let us find a solution that works for everyone.,ለሁሉም የሚሰራ መፍትሄ እንፈልግ።,safe,ጥሩ ንግግር,none,የለም,No,የለም,none,የለም,zero,ዜሮ,English-Amharic,"Affirms dignity, cooperation, and mutual respect.",ክብርን፣ ትብብርን እና መከባበርን ያበረታታል።
76,They are not fully human.,እነሱ ሙሉ ሰው አይደሉም።,hate_speech,የጥላቻ ንግግር,dehumanization,ሰብዓዊነትን መንፈግ,Yes,አዎ አለ,group,ቡድን,high,ከፍተኛ,English-Amharic,Strips humanity from the target.,ሰውነትን ይክዳል።
77,We can disagree without hate.,ባንስማማም አለመጣላት እንችላለን።,safe,ጥሩ ንግግር,none,የለም,No,የለም,none,የለም,zero,ዜሮ,English-Amharic,"Affirms dignity, cooperation, and mutual respect.",ክብርን፣ ትብብርን እና መከባበርን ያበረታታል።
78,They are less than human.,ከሰው በታች ናቸው።,hate_speech,የጥላቻ ንግግር,dehumanization,ሰብዓዊነትን መንፈግ,Yes,አዎ አለ,group,ቡድን,high,ከፍተኛ,English-Amharic,Strips humanity from the target.,ሰውነትን ይክዳል።
79,We should speak respectfully.,በክብር መናገር አለብን።,safe,ጥሩ ንግግር,none,የለም,No,የለም,none,የለም,zero,ዜሮ,English-Amharic,"Affirms dignity, cooperation, and mutual respect.",ክብርን፣ ትብብርን እና መከባበርን ያበረታታል።
80,They are a danger to everyone.,እነሱ ለሁሉም ስጋት ናቸው።,hate_speech,የጥላቻ ንግግር,threat,ማስፈራሪያ,Yes,አዎ አለ,group,ቡድን,high,ከፍተኛ,English-Amharic,Frames the target as danger.,እንደ ስጋት ይቀርባል።
81,Leave our community now.,ከማህበረሰባችን አሁን ውጣ።,hate_speech,የጥላቻ ንግግር,exclusion,ማግለል,Yes,አዎ አለ,group,ቡድን,high,ከፍተኛ,English-Amharic,Pushes removal and rejection.,ማግለልን እና መከልከልን ያበረታታል።
82,They are a danger to everyone.,እነሱ ለሁሉም ስጋት ናቸው።,hate_speech,የጥላቻ ንግግር,threat,ማስፈራሪያ,Yes,አዎ አለ,group,ቡድን,high,ከፍተኛ,English-Amharic,Frames the target as danger.,እንደ ስጋት ይቀርባል።
83,People deserve fairness and care.,ሰዎች ፍትሃዊነት እና እንክብካቤ ይገባቸዋል።,safe,ጥሩ ንግግር,none,የለም,No,የለም,none,የለም,zero,ዜሮ,English-Amharic,"Affirms dignity, cooperation, and mutual respect.",ክብርን፣ ትብብርን እና መከባበርን ያበረታታል።
84,A fair discussion includes every voice.,ፍትሃዊ ውይይት ሁሉንም ድምፅ ያካትታል።,safe,ጥሩ ንግግር,none,የለም,No,የለም,none,የለም,zero,ዜሮ,English-Amharic,"Affirms dignity, cooperation, and mutual respect.",ክብርን፣ ትብብርን እና መከባበርን ያበረታታል።
85,Your voice does not matter here.,እዚህ ድምፅሽ ዋጋ የለውም።,hate_speech,የጥላቻ ንግግር,silencing,ዝም ማሰኘት,Yes,አዎ አለ,individual,ግለሰብ,low,ዝቅተኛ,English-Amharic,Suppresses participation and recognition.,ተሳትፎን እና እውቅናን ይከልክላል።
86,Nobody wants to hear you.,ማንም ሊሰማሽ አይፈልግም።,hate_speech,የጥላቻ ንግግር,silencing,ዝም ማሰኘት,Yes,አዎ አለ,individual,ግለሰብ,low,ዝቅተኛ,English-Amharic,Suppresses participation and recognition.,ተሳትፎን እና እውቅናን ይከልክላል።
87,We can solve this together.,ይህን በጋራ መፍታት እንችላለን።,safe,ጥሩ ንግግር,none,የለም,No,የለም,none,የለም,zero,ዜሮ,English-Amharic,"Affirms dignity, cooperation, and mutual respect.",ክብርን፣ ትብብርን እና መከባበርን ያበረታታል።
88,We should listen before judging.,ከመፍረድ በፊት ማዳመጥ አለብን።,safe,ጥሩ ንግግር,none,የለም,No,የለም,none,የለም,zero,ዜሮ,English-Amharic,"Affirms dignity, cooperation, and mutual respect.",ክብርን፣ ትብብርን እና መከባበርን ያበረታታል።
89,Let us find a solution that works for everyone.,ለሁሉም የሚሰራ መፍትሄ እንፈልግ።,safe,ጥሩ ንግግር,none,የለም,No,የለም,none,የለም,zero,ዜሮ,English-Amharic,"Affirms dignity, cooperation, and mutual respect.",ክብርን፣ ትብብርን እና መከባበርን ያበረታታል።
90,Let us work for peace.,ለሰላም በጋራ እንስራ።,safe,ጥሩ ንግግር,none,የለም,No,የለም,none,የለም,zero,ዜሮ,English-Amharic,"Affirms dignity, cooperation, and mutual respect.",ክብርን፣ ትብብርን እና መከባበርን ያበረታታል።
91,People like them always cause trouble.,እንደ እነሱ ያሉ ሰዎች ሁልጊዜ ችግር ያመጣሉ።,hate_speech,የጥላቻ ንግግር,stereotyping,የተዛባ አመለካከት,Yes,አዎ አለ,group,ቡድን,low,ዝቅተኛ,English-Amharic,Uses harmful group stereotype.,ለአንድ ቡድን ያለ የተዛባ አመለካከት።
92,Let us find a solution that works for everyone.,ለሁሉም የሚሰራ መፍትሄ እንፈልግ።,safe,ጥሩ ንግግር,none,የለም,No,የለም,none,የለም,zero,ዜሮ,English-Amharic,"Affirms dignity, cooperation, and mutual respect.",ክብርን፣ ትብብርን እና መከባበርን ያበረታታል።
93,Respect helps communities grow stronger.,ክብር ማህበረሰቦችን ያጠናክራል።,safe,ጥሩ ንግግር,none,የለም,No,የለም,none,የለም,zero,ዜሮ,English-Amharic,"Affirms dignity, cooperation, and mutual respect.",ክብርን፣ ትብብርን እና መከባበርን ያበረታታል።
94,Let us work for peace.,ለሰላም በጋራ እንስራ።,safe,ጥሩ ንግግር,none,የለም,No,የለም,none,የለም,zero,ዜሮ,English-Amharic,"Affirms dignity, cooperation, and mutual respect.",ክብርን፣ ትብብርን እና መከባበርን ያበረታታል።
95,You do not belong in this community.,በዚህ ማህበረሰብ ውስጥ አትገባም።,hate_speech,የጥላቻ ንግግር,belonging denial,አባልነትን መከልከል,Yes,አዎ አለ,group,ቡድን,high,ከፍተኛ,English-Amharic,Denies membership and belonging.,አባልነትን እና ተሳትፎን ይከለክላል።
96,You do not belong here.,ይህ የእናንተ ቦታ አይደለም።,hate_speech,የጥላቻ ንግግር,belonging denial,አባልነትን መከልከል,Yes,አዎ አለ,group,ቡድን,high,ከፍተኛ,English-Amharic,Denies membership and belonging.,አባልነትን እና ተሳትፎን ይከለክላል።
97,You have no place among us.,ከእኛ መካከል ቦታ የለህም።,hate_speech,የጥላቻ ንግግር,belonging denial,አባልነትን መከልከል,Yes,አዎ አለ,group,ቡድን,high,ከፍተኛ,English-Amharic,Denies membership and belonging.,አባልነትን እና ተሳትፎን ይከለክላል።
98,That group is always the problem.,ያ ቡድን ሁልጊዜ ችግር ነው።,hate_speech,የጥላቻ ንግግር,stereotyping,የተዛባ አመለካከት,Yes,አዎ አለ,group,ቡድን,low,ዝቅተኛ,English-Amharic,Uses harmful group stereotype.,ለአንድ ቡድን ያለ የተዛባ አመለካከት።
99,They are not real people.,እውነተኛ ሰው አይደሉም።,hate_speech,የጥላቻ ንግግር,dehumanization,ሰብዓዊነትን መንፈግ,Yes,አዎ አለ,group,ቡድን,high,ከፍተኛ,English-Amharic,Strips humanity from the target.,ሰውነትን ይክዳል።
100,Their kind always ruins everything.,የእነሱ ዓይነት ሁልጊዜ ሁሉንም ያበላሻል።,hate_speech,የጥላቻ ንግግር,stereotyping,የተዛባ አመለካከት,Yes,አዎ አለ,group,ቡድን,low,ዝቅተኛ,English-Amharic,Uses harmful group stereotype.,ለአንድ ቡድን ያለ የተዛባ አመለካከት።
101,Everyone has value in this room.,በዚህ ክፍል ያለ ሁሉም ሰው ዋጋ አለው።,safe,ጥሩ ንግግር,none,የለም,No,የለም,none,የለም,zero,ዜሮ,English-Amharic,"Affirms dignity, cooperation, and mutual respect.",ክብርን፣ ትብብርን እና መከባበርን ያበረታታል።
102,Different views can still be handled kindly.,የተለያዩ አስተያየቶች በበጎ ሊታዩ ይችላሉ።,safe,ጥሩ ንግግር,none,የለም,No,የለም,none,የለም,zero,ዜሮ,English-Amharic,"Affirms dignity, cooperation, and mutual respect.",ክብርን፣ ትብብርን እና መከባበርን ያበረታታል።
103,We should listen before judging.,ከመፍረድ በፊት ማዳመጥ አለብን።,safe,ጥሩ ንግግር,none,የለም,No,የለም,none,የለም,zero,ዜሮ,English-Amharic,"Affirms dignity, cooperation, and mutual respect.",ክብርን፣ ትብብርን እና መከባበርን ያበረታታል።
104,They are a danger to everyone.,እነሱ ለሁሉም ስጋት ናቸው።,hate_speech,የጥላቻ ንግግር,threat,ማስፈራሪያ,Yes,አዎ አለ,group,ቡድን,high,ከፍተኛ,English-Amharic,Frames the target as danger.,እንደ ስጋት ይቀርባል።
105,Nobody wants to hear you.,ማንም ሊሰማሽ አይፈልግም።,hate_speech,የጥላቻ ንግግር,silencing,ዝም ማሰኘት,Yes,አዎ አለ,individual,ግለሰብ,low,ዝቅተኛ,English-Amharic,Suppresses participation and recognition.,ተሳትፎን እና እውቅናን ይከልክላል።
106,Your voice does not matter here.,እዚህ ድምፅሽ ዋጋ የለውም።,hate_speech,የጥላቻ ንግግር,silencing,ዝም ማሰኘት,Yes,አዎ አለ,individual,ግለሰብ,low,ዝቅተኛ,English-Amharic,Suppresses participation and recognition.,ተሳትፎን እና እውቅናን ይከልክላል።
107,We should speak respectfully.,በክብር መናገር አለብን።,safe,ጥሩ ንግግር,none,የለም,No,የለም,none,የለም,zero,ዜሮ,English-Amharic,"Affirms dignity, cooperation, and mutual respect.",ክብርን፣ ትብብርን እና መከባበርን ያበረታታል።
108,They are not fully human.,እነሱ ሙሉ ሰው አይደሉም።,hate_speech,የጥላቻ ንግግር,dehumanization,ሰብዓዊነትን መንፈግ,Yes,አዎ አለ,group,ቡድን,high,ከፍተኛ,English-Amharic,Strips humanity from the target.,ሰውነትን ይክዳል።
109,We should fear what they will do.,ምን እንደሚያደርጉ መፍራት አለብን።,hate_speech,የጥላቻ ንግግር,threat,ማስፈራሪያ,Yes,አዎ አለ,group,ቡድን,high,ከፍተኛ,English-Amharic,Frames the target as danger.,እንደ ስጋት ይቀርባል።
110,You do not belong in this community.,በዚህ ማህበረሰብ ውስጥ አትገባም።,hate_speech,የጥላቻ ንግግር,belonging denial,አባልነትን መከልከል,Yes,አዎ አለ,group,ቡድን,high,ከፍተኛ,English-Amharic,Denies membership and belonging.,አባልነትን እና ተሳትፎን ይከለክላል።
111,Everyone deserves dignity.,ሁሉም ሰው ክብር ይገባዋል።,safe,ጥሩ ንግግር,none,የለም,No,የለም,none,የለም,zero,ዜሮ,English-Amharic,"Affirms dignity, cooperation, and mutual respect.",ክብርን፣ ትብብርን እና መከባበርን ያበረታታል።
112,People like them always cause trouble.,እንደ እነሱ ያሉ ሰዎች ሁልጊዜ ችግር ያመጣሉ።,hate_speech,የጥላቻ ንግግር,stereotyping,የተዛባ አመለካከት,Yes,አዎ አለ,group,ቡድን,low,ዝቅተኛ,English-Amharic,Uses harmful group stereotype.,ለአንድ ቡድን ያለ የተዛባ አመለካከት።
113,We can solve this together.,ይህን በጋራ መፍታት እንችላለን።,safe,ጥሩ ንግግር,none,የለም,No,የለም,none,የለም,zero,ዜሮ,English-Amharic,"Affirms dignity, cooperation, and mutual respect.",ክብርን፣ ትብብርን እና መከባበርን ያበረታታል።
114,Everyone deserves dignity.,ሁሉም ሰው ክብር ይገባዋል።,safe,ጥሩ ንግግር,none,የለም,No,የለም,none,የለም,zero,ዜሮ,English-Amharic,"Affirms dignity, cooperation, and mutual respect.",ክብርን፣ ትብብርን እና መከባበርን ያበረታታል።
115,Nobody wants to hear you.,ማንም ሊሰማሽ አይፈልግም።,hate_speech,የጥላቻ ንግግር,silencing,ዝም ማሰኘት,Yes,አዎ አለ,individual,ግለሰብ,low,ዝቅተኛ,English-Amharic,Suppresses participation and recognition.,ተሳትፎን እና እውቅናን ይከልክላል።
116,We should treat people fairly.,ሰዎችን በፍትሃዊነት ማየት አለብን።,safe,ጥሩ ንግግር,none,የለም,No,የለም,none,የለም,zero,ዜሮ,English-Amharic,"Affirms dignity, cooperation, and mutual respect.",ክብርን፣ ትብብርን እና መከባበርን ያበረታታል።
117,Everyone deserves dignity.,ሁሉም ሰው ክብር ይገባዋል።,safe,ጥሩ ንግግር,none,የለም,No,የለም,none,የለም,zero,ዜሮ,English-Amharic,"Affirms dignity, cooperation, and mutual respect.",ክብርን፣ ትብብርን እና መከባበርን ያበረታታል።
118,We should fear what they will do.,ምን እንደሚያደርጉ መፍራት አለብን።,hate_speech,የጥላቻ ንግግር,threat,ማስፈራሪያ,Yes,አዎ አለ,group,ቡድን,high,ከፍተኛ,English-Amharic,Frames the target as danger.,እንደ ስጋት ይቀርባል።
119,They are a danger to everyone.,እነሱ ለሁሉም ስጋት ናቸው።,hate_speech,የጥላቻ ንግግር,threat,ማስፈራሪያ,Yes,አዎ አለ,group,ቡድን,high,ከፍተኛ,English-Amharic,Frames the target as danger.,እንደ ስጋት ይቀርባል።
120,Everyone deserves dignity.,ሁሉም ሰው ክብር ይገባዋል።,safe,ጥሩ ንግግር,none,የለም,No,የለም,none,የለም,zero,ዜሮ,English-Amharic,"Affirms dignity, cooperation, and mutual respect.",ክብርን፣ ትብብርን እና መከባበርን ያበረታታል።
121,You should stay silent.,ዝም በይ።,hate_speech,የጥላቻ ንግግር,silencing,ዝም ማሰኘት,Yes,አዎ አለ,individual,ግለሰብ,low,ዝቅተኛ,English-Amharic,Suppresses participation and recognition.,ተሳትፎን እና እውቅናን ይከልክላል።
122,You do not belong here.,ይህ የእናንተ ቦታ አይደለም።,hate_speech,የጥላቻ ንግግር,belonging denial,አባልነትን መከልከል,Yes,አዎ አለ,group,ቡድን,high,ከፍተኛ,English-Amharic,Denies membership and belonging.,አባልነትን እና ተሳትፎን ይከለክላል።
123,People like them always cause trouble.,እንደ እነሱ ያሉ ሰዎች ሁልጊዜ ችግር ያመጣሉ።,hate_speech,የጥላቻ ንግግር,stereotyping,የተዛባ አመለካከት,Yes,አዎ አለ,group,ቡድን,low,ዝቅተኛ,English-Amharic,Uses harmful group stereotype.,ለአንድ ቡድን ያለ የተዛባ አመለካከት።
124,We should fear what they will do.,ምን እንደሚያደርጉ መፍራት አለብን።,hate_speech,የጥላቻ ንግግር,threat,ማስፈራሪያ,Yes,አዎ አለ,group,ቡድን,high,ከፍተኛ,English-Amharic,Frames the target as danger.,እንደ ስጋት ይቀርባል።
125,People like them always cause trouble.,እንደ እነሱ ያሉ ሰዎች ሁልጊዜ ችግር ያመጣሉ።,hate_speech,የጥላቻ ንግግር,stereotyping,የተዛባ አመለካከት,Yes,አዎ አለ,group,ቡድን,low,ዝቅተኛ,English-Amharic,Uses harmful group stereotype.,ለአንድ ቡድን ያለ የተዛባ አመለካከት።
126,They are not real people.,እውነተኛ ሰው አይደሉም።,hate_speech,የጥላቻ ንግግር,dehumanization,ሰብዓዊነትን መንፈግ,Yes,አዎ አለ,group,ቡድን,high,ከፍተኛ,English-Amharic,Strips humanity from the target.,ሰውነትን ይክዳል።
127,They are not real people.,እውነተኛ ሰው አይደሉም።,hate_speech,የጥላቻ ንግግር,dehumanization,ሰብዓዊነትን መንፈግ,Yes,አዎ አለ,group,ቡድን,high,ከፍተኛ,English-Amharic,Strips humanity from the target.,ሰውነትን ይክዳል።
128,A fair discussion includes every voice.,ፍትሃዊ ውይይት ሁሉንም ድምፅ ያካትታል።,safe,ጥሩ ንግግር,none,የለም,No,የለም,none,የለም,zero,ዜሮ,English-Amharic,"Affirms dignity, cooperation, and mutual respect.",ክብርን፣ ትብብርን እና መከባበርን ያበረታታል።
129,They are a danger to everyone.,እነሱ ለሁሉም ስጋት ናቸው።,hate_speech,የጥላቻ ንግግር,threat,ማስፈራሪያ,Yes,አዎ አለ,group,ቡድን,high,ከፍተኛ,English-Amharic,Frames the target as danger.,እንደ ስጋት ይቀርባል።
130,Get out of our space.,ከቦታችን ውጣ።,hate_speech,የጥላቻ ንግግር,exclusion,ማግለል,Yes,አዎ አለ,group,ቡድን,high,ከፍተኛ,English-Amharic,Pushes removal and rejection.,ማግለልን እና መከልከልን ያበረታታል።
131,We should treat people fairly.,ሰዎችን በፍትሃዊነት ማየት አለብን።,safe,ጥሩ ንግግር,none,የለም,No,የለም,none,የለም,zero,ዜሮ,English-Amharic,"Affirms dignity, cooperation, and mutual respect.",ክብርን፣ ትብብርን እና መከባበርን ያበረታታል።
132,You should stay silent.,ዝም በይ።,hate_speech,የጥላቻ ንግግር,silencing,ዝም ማሰኘት,Yes,አዎ አለ,individual,ግለሰብ,low,ዝቅተኛ,English-Amharic,Suppresses participation and recognition.,ተሳትፎን እና እውቅናን ይከልክላል።
133,They are less than human.,ከሰው በታች ናቸው።,hate_speech,የጥላቻ ንግግር,dehumanization,ሰብዓዊነትን መንፈግ,Yes,አዎ አለ,group,ቡድን,high,ከፍተኛ,English-Amharic,Strips humanity from the target.,ሰውነትን ይክዳል።
134,Nobody wants to hear you.,ማንም ሊሰማሽ አይፈልግም።,hate_speech,የጥላቻ ንግግር,silencing,ዝም ማሰኘት,Yes,አዎ አለ,individual,ግለሰብ,low,ዝቅተኛ,English-Amharic,Suppresses participation and recognition.,ተሳትፎን እና እውቅናን ይከልክላል።
135,You should stay silent.,ዝም በይ።,hate_speech,የጥላቻ ንግግር,silencing,ዝም ማሰኘት,Yes,አዎ አለ,individual,ግለሰብ,low,ዝቅተኛ,English-Amharic,Suppresses participation and recognition.,ተሳትፎን እና እውቅናን ይከልክላል።
136,Different views can still be handled kindly.,የተለያዩ አስተያየቶች በበጎ ሊታዩ ይችላሉ።,safe,ጥሩ ንግግር,none,የለም,No,የለም,none,የለም,zero,ዜሮ,English-Amharic,"Affirms dignity, cooperation, and mutual respect.",ክብርን፣ ትብብርን እና መከባበርን ያበረታታል።
137,We should correct mistakes without humiliation.,ሰዎችን ሳናዋርድ ስህተትን ማስተካከል አለብን።,safe,ጥሩ ንግግር,none,የለም,No,የለም,none,የለም,zero,ዜሮ,English-Amharic,"Affirms dignity, cooperation, and mutual respect.",ክብርን፣ ትብብርን እና መከባበርን ያበረታታል።
138,Let us work for peace.,ለሰላም በጋራ እንስራ።,safe,ጥሩ ንግግር,none,የለም,No,የለም,none,የለም,zero,ዜሮ,English-Amharic,"Affirms dignity, cooperation, and mutual respect.",ክብርን፣ ትብብርን እና መከባበርን ያበረታታል።
139,We can solve this together.,ይህን በጋራ መፍታት እንችላለን።,safe,ጥሩ ንግግር,none,የለም,No,የለም,none,የለም,zero,ዜሮ,English-Amharic,"Affirms dignity, cooperation, and mutual respect.",ክብርን፣ ትብብርን እና መከባበርን ያበረታታል።
140,Let us work for peace.,ለሰላም በጋራ እንስራ።,safe,ጥሩ ንግግር,none,የለም,No,የለም,none,የለም,zero,ዜሮ,English-Amharic,"Affirms dignity, cooperation, and mutual respect.",ክብርን፣ ትብብርን እና መከባበርን ያበረታታል።
141,We can disagree without hate.,ባንስማማም አለመጣላት እንችላለን።,safe,ጥሩ ንግግር,none,የለም,No,የለም,none,የለም,zero,ዜሮ,English-Amharic,"Affirms dignity, cooperation, and mutual respect.",ክብርን፣ ትብብርን እና መከባበርን ያበረታታል።
142,Let us find a solution that works for everyone.,ለሁሉም የሚሰራ መፍትሄ እንፈልግ።,safe,ጥሩ ንግግር,none,የለም,No,የለም,none,የለም,zero,ዜሮ,English-Amharic,"Affirms dignity, cooperation, and mutual respect.",ክብርን፣ ትብብርን እና መከባበርን ያበረታታል።
143,We should fear what they will do.,ምን እንደሚያደርጉ መፍራት አለብን።,hate_speech,የጥላቻ ንግግር,threat,ማስፈራሪያ,Yes,አዎ አለ,group,ቡድን,high,ከፍተኛ,English-Amharic,Frames the target as danger.,እንደ ስጋት ይቀርባል።
144,Nobody wants to hear you.,ማንም ሊሰማሽ አይፈልግም።,hate_speech,የጥላቻ ንግግር,silencing,ዝም ማሰኘት,Yes,አዎ አለ,individual,ግለሰብ,low,ዝቅተኛ,English-Amharic,Suppresses participation and recognition.,ተሳትፎን እና እውቅናን ይከልክላል።
145,Your voice does not matter here.,እዚህ ድምፅሽ ዋጋ የለውም።,hate_speech,የጥላቻ ንግግር,silencing,ዝም ማሰኘት,Yes,አዎ አለ,individual,ግለሰብ,low,ዝቅተኛ,English-Amharic,Suppresses participation and recognition.,ተሳትፎን እና እውቅናን ይከልክላል።
146,They are a danger to everyone.,እነሱ ለሁሉም ስጋት ናቸው።,hate_speech,የጥላቻ ንግግር,threat,ማስፈራሪያ,Yes,አዎ አለ,group,ቡድን,high,ከፍተኛ,English-Amharic,Frames the target as danger.,እንደ ስጋት ይቀርባል።
147,We should treat people fairly.,ሰዎችን በፍትሃዊነት ማየት አለብን።,safe,ጥሩ ንግግር,none,የለም,No,የለም,none,የለም,zero,ዜሮ,English-Amharic,"Affirms dignity, cooperation, and mutual respect.",ክብርን፣ ትብብርን እና መከባበርን ያበረታታል።
148,Everyone has value in this room.,በዚህ ክፍል ያለ ሁሉም ሰው ዋጋ አለው።,safe,ጥሩ ንግግር,none,የለም,No,የለም,none,የለም,zero,ዜሮ,English-Amharic,"Affirms dignity, cooperation, and mutual respect.",ክብርን፣ ትብብርን እና መከባበርን ያበረታታል።
149,Leave our community now.,ከማህበረሰባችን አሁን ውጣ።,hate_speech,የጥላቻ ንግግር,exclusion,ማግለል,Yes,አዎ አለ,group,ቡድን,high,ከፍተኛ,English-Amharic,Pushes removal and rejection.,ማግለልን እና መከልከልን ያበረታታል።
150,They are less than human.,ከሰው በታች ናቸው።,hate_speech,የጥላቻ ንግግር,dehumanization,ሰብዓዊነትን መንፈግ,Yes,አዎ አለ,group,ቡድን,high,ከፍተኛ,English-Amharic,Strips humanity from the target.,ሰውነትን ይክዳል።
151,You should stay silent.,ዝም በይ።,hate_speech,የጥላቻ ንግግር,silencing,ዝም ማሰኘት,Yes,አዎ አለ,individual,ግለሰብ,low,ዝቅተኛ,English-Amharic,Suppresses participation and recognition.,ተሳትፎን እና እውቅናን ይከልክላል።
152,Everyone has value in this room.,በዚህ ክፍል ያለ ሁሉም ሰው ዋጋ አለው።,safe,ጥሩ ንግግር,none,የለም,No,የለም,none,የለም,zero,ዜሮ,English-Amharic,"Affirms dignity, cooperation, and mutual respect.",ክብርን፣ ትብብርን እና መከባበርን ያበረታታል።
153,Nobody wants to hear you.,ማንም ሊሰማሽ አይፈልግም።,hate_speech,የጥላቻ ንግግር,silencing,ዝም ማሰኘት,Yes,አዎ አለ,individual,ግለሰብ,low,ዝቅተኛ,English-Amharic,Suppresses participation and recognition.,ተሳትፎን እና እውቅናን ይከልክላል።
154,Everyone deserves dignity.,ሁሉም ሰው ክብር ይገባዋል።,safe,ጥሩ ንግግር,none,የለም,No,የለም,none,የለም,zero,ዜሮ,English-Amharic,"Affirms dignity, cooperation, and mutual respect.",ክብርን፣ ትብብርን እና መከባበርን ያበረታታል።
155,We should fear what they will do.,ምን እንደሚያደርጉ መፍራት አለብን።,hate_speech,የጥላቻ ንግግር,threat,ማስፈራሪያ,Yes,አዎ አለ,group,ቡድን,high,ከፍተኛ,English-Amharic,Frames the target as danger.,እንደ ስጋት ይቀርባል።
156,You should stay silent.,ዝም በይ።,hate_speech,የጥላቻ ንግግር,silencing,ዝም ማሰኘት,Yes,አዎ አለ,individual,ግለሰብ,low,ዝቅተኛ,English-Amharic,Suppresses participation and recognition.,ተሳትፎን እና እውቅናን ይከልክላል።
157,You do not belong in this community.,በዚህ ማህበረሰብ ውስጥ አትገባም።,hate_speech,የጥላቻ ንግግር,belonging denial,አባልነትን መከልከል,Yes,አዎ አለ,group,ቡድን,high,ከፍተኛ,English-Amharic,Denies membership and belonging.,አባልነትን እና ተሳትፎን ይከለክላል።
158,People deserve fairness and care.,ሰዎች ፍትሃዊነት እና እንክብካቤ ይገባቸዋል።,safe,ጥሩ ንግግር,none,የለም,No,የለም,none,የለም,zero,ዜሮ,English-Amharic,"Affirms dignity, cooperation, and mutual respect.",ክብርን፣ ትብብርን እና መከባበርን ያበረታታል።
159,We should speak respectfully.,በክብር መናገር አለብን።,safe,ጥሩ ንግግር,none,የለም,No,የለም,none,የለም,zero,ዜሮ,English-Amharic,"Affirms dignity, cooperation, and mutual respect.",ክብርን፣ ትብብርን እና መከባበርን ያበረታታል።
160,They are not real people.,እውነተኛ ሰው አይደሉም።,hate_speech,የጥላቻ ንግግር,dehumanization,ሰብዓዊነትን መንፈግ,Yes,አዎ አለ,group,ቡድን,high,ከፍተኛ,English-Amharic,Strips humanity from the target.,ሰውነትን ይክዳል።
161,You should be pushed out.,መባረር አለብህ።,hate_speech,የጥላቻ ንግግር,exclusion,ማግለል,Yes,አዎ አለ,group,ቡድን,high,ከፍተኛ,English-Amharic,Pushes removal and rejection.,ማግለልን እና መከልከልን ያበረታታል።
162,A fair discussion includes every voice.,ፍትሃዊ ውይይት ሁሉንም ድምፅ ያካትታል።,safe,ጥሩ ንግግር,none,የለም,No,የለም,none,የለም,zero,ዜሮ,English-Amharic,"Affirms dignity, cooperation, and mutual respect.",ክብርን፣ ትብብርን እና መከባበርን ያበረታታል።
163,Nobody wants to hear you.,ማንም ሊሰማሽ አይፈልግም።,hate_speech,የጥላቻ ንግግር,silencing,ዝም ማሰኘት,Yes,አዎ አለ,individual,ግለሰብ,low,ዝቅተኛ,English-Amharic,Suppresses participation and recognition.,ተሳትፎን እና እውቅናን ይከልክላል።
164,Nobody wants to hear you.,ማንም ሊሰማሽ አይፈልግም።,hate_speech,የጥላቻ ንግግር,silencing,ዝም ማሰኘት,Yes,አዎ አለ,individual,ግለሰብ,low,ዝቅተኛ,English-Amharic,Suppresses participation and recognition.,ተሳትፎን እና እውቅናን ይከልክላል።
165,People deserve fairness and care.,ሰዎች ፍትሃዊነት እና እንክብካቤ ይገባቸዋል።,safe,ጥሩ ንግግር,none,የለም,No,የለም,none,የለም,zero,ዜሮ,English-Amharic,"Affirms dignity, cooperation, and mutual respect.",ክብርን፣ ትብብርን እና መከባበርን ያበረታታል።
166,You should stay silent.,ዝም በይ።,hate_speech,የጥላቻ ንግግር,silencing,ዝም ማሰኘት,Yes,አዎ አለ,individual,ግለሰብ,low,ዝቅተኛ,English-Amharic,Suppresses participation and recognition.,ተሳትፎን እና እውቅናን ይከልክላል።
167,They are a danger to everyone.,እነሱ ለሁሉም ስጋት ናቸው።,hate_speech,የጥላቻ ንግግር,threat,ማስፈራሪያ,Yes,አዎ አለ,group,ቡድን,high,ከፍተኛ,English-Amharic,Frames the target as danger.,እንደ ስጋት ይቀርባል።
168,People deserve fairness and care.,ሰዎች ፍትሃዊነት እና እንክብካቤ ይገባቸዋል።,safe,ጥሩ ንግግር,none,የለም,No,የለም,none,የለም,zero,ዜሮ,English-Amharic,"Affirms dignity, cooperation, and mutual respect.",ክብርን፣ ትብብርን እና መከባበርን ያበረታታል።
169,Let us find a solution that works for everyone.,ለሁሉም የሚሰራ መፍትሄ እንፈልግ።,safe,ጥሩ ንግግር,none,የለም,No,የለም,none,የለም,zero,ዜሮ,English-Amharic,"Affirms dignity, cooperation, and mutual respect.",ክብርን፣ ትብብርን እና መከባበርን ያበረታታል።
170,Let us work for peace.,ለሰላም በጋራ እንስራ።,safe,ጥሩ ንግግር,none,የለም,No,የለም,none,የለም,zero,ዜሮ,English-Amharic,"Affirms dignity, cooperation, and mutual respect.",ክብርን፣ ትብብርን እና መከባበርን ያበረታታል።
171,Their kind always ruins everything.,የእነሱ ዓይነት ሁልጊዜ ሁሉንም ያበላሻል።,hate_speech,የጥላቻ ንግግር,stereotyping,የተዛባ አመለካከት,Yes,አዎ አለ,group,ቡድን,low,ዝቅተኛ,English-Amharic,Uses harmful group stereotype.,ለአንድ ቡድን ያለ የተዛባ አመለካከት።
172,We should listen before judging.,ከመፍረድ በፊት ማዳመጥ አለብን።,safe,ጥሩ ንግግር,none,የለም,No,የለም,none,የለም,zero,ዜሮ,English-Amharic,"Affirms dignity, cooperation, and mutual respect.",ክብርን፣ ትብብርን እና መከባበርን ያበረታታል።
173,They are not fully human.,እነሱ ሙሉ ሰው አይደሉም።,hate_speech,የጥላቻ ንግግር,dehumanization,ሰብዓዊነትን መንፈግ,Yes,አዎ አለ,group,ቡድን,high,ከፍተኛ,English-Amharic,Strips humanity from the target.,ሰውነትን ይክዳል።
174,We can disagree without hate.,ባንስማማም አለመጣላት እንችላለን።,safe,ጥሩ ንግግር,none,የለም,No,የለም,none,የለም,zero,ዜሮ,English-Amharic,"Affirms dignity, cooperation, and mutual respect.",ክብርን፣ ትብብርን እና መከባበርን ያበረታታል።
175,We should correct mistakes without humiliation.,ሰዎችን ሳናዋርድ ስህተትን ማስተካከል አለብን።,safe,ጥሩ ንግግር,none,የለም,No,የለም,none,የለም,zero,ዜሮ,English-Amharic,"Affirms dignity, cooperation, and mutual respect.",ክብርን፣ ትብብርን እና መከባበርን ያበረታታል።
176,We should speak respectfully.,በክብር መናገር አለብን።,safe,ጥሩ ንግግር,none,የለም,No,የለም,none,የለም,zero,ዜሮ,English-Amharic,"Affirms dignity, cooperation, and mutual respect.",ክብርን፣ ትብብርን እና መከባበርን ያበረታታል።
177,We should speak respectfully.,በክብር መናገር አለብን።,safe,ጥሩ ንግግር,none,የለም,No,የለም,none,የለም,zero,ዜሮ,English-Amharic,"Affirms dignity, cooperation, and mutual respect.",ክብርን፣ ትብብርን እና መከባበርን ያበረታታል።
178,You should stay silent.,ዝም በይ።,hate_speech,የጥላቻ ንግግር,silencing,ዝም ማሰኘት,Yes,አዎ አለ,individual,ግለሰብ,low,ዝቅተኛ,English-Amharic,Suppresses participation and recognition.,ተሳትፎን እና እውቅናን ይከልክላል።
179,We should correct mistakes without humiliation.,ሰዎችን ሳናዋርድ ስህተትን ማስተካከል አለብን።,safe,ጥሩ ንግግር,none,የለም,No,የለም,none,የለም,zero,ዜሮ,English-Amharic,"Affirms dignity, cooperation, and mutual respect.",ክብርን፣ ትብብርን እና መከባበርን ያበረታታል።
180,Different views can still be handled kindly.,የተለያዩ አስተያየቶች በበጎ ሊታዩ ይችላሉ።,safe,ጥሩ ንግግር,none,የለም,No,የለም,none,የለም,zero,ዜሮ,English-Amharic,"Affirms dignity, cooperation, and mutual respect.",ክብርን፣ ትብብርን እና መከባበርን ያበረታታል።
181,They are not real people.,እውነተኛ ሰው አይደሉም።,hate_speech,የጥላቻ ንግግር,dehumanization,ሰብዓዊነትን መንፈግ,Yes,አዎ አለ,group,ቡድን,high,ከፍተኛ,English-Amharic,Strips humanity from the target.,ሰውነትን ይክዳል።
182,Respect helps communities grow stronger.,ክብር ማህበረሰቦችን ያጠናክራል።,safe,ጥሩ ንግግር,none,የለም,No,የለም,none,የለም,zero,ዜሮ,English-Amharic,"Affirms dignity, cooperation, and mutual respect.",ክብርን፣ ትብብርን እና መከባበርን ያበረታታል።
183,Their kind always ruins everything.,የእነሱ ዓይነት ሁልጊዜ ሁሉንም ያበላሻል።,hate_speech,የጥላቻ ንግግር,stereotyping,የተዛባ አመለካከት,Yes,አዎ አለ,group,ቡድን,low,ዝቅተኛ,English-Amharic,Uses harmful group stereotype.,ለአንድ ቡድን ያለ የተዛባ አመለካከት።
184,We can solve this together.,ይህን በጋራ መፍታት እንችላለን።,safe,ጥሩ ንግግር,none,የለም,No,የለም,none,የለም,zero,ዜሮ,English-Amharic,"Affirms dignity, cooperation, and mutual respect.",ክብርን፣ ትብብርን እና መከባበርን ያበረታታል።
185,They are a danger to everyone.,እነሱ ለሁሉም ስጋት ናቸው።,hate_speech,የጥላቻ ንግግር,threat,ማስፈራሪያ,Yes,አዎ አለ,group,ቡድን,high,ከፍተኛ,English-Amharic,Frames the target as danger.,እንደ ስጋት ይቀርባል።
186,Leave our community now.,ከማህበረሰባችን አሁን ውጣ።,hate_speech,የጥላቻ ንግግር,exclusion,ማግለል,Yes,አዎ አለ,group,ቡድን,high,ከፍተኛ,English-Amharic,Pushes removal and rejection.,ማግለልን እና መከልከልን ያበረታታል።
187,We should speak respectfully.,በክብር መናገር አለብን።,safe,ጥሩ ንግግር,none,የለም,No,የለም,none,የለም,zero,ዜሮ,English-Amharic,"Affirms dignity, cooperation, and mutual respect.",ክብርን፣ ትብብርን እና መከባበርን ያበረታታል።
188,Everyone has value in this room.,በዚህ ክፍል ያለ ሁሉም ሰው ዋጋ አለው።,safe,ጥሩ ንግግር,none,የለም,No,የለም,none,የለም,zero,ዜሮ,English-Amharic,"Affirms dignity, cooperation, and mutual respect.",ክብርን፣ ትብብርን እና መከባበርን ያበረታታል።
189,A fair discussion includes every voice.,ፍትሃዊ ውይይት ሁሉንም ድምፅ ያካትታል።,safe,ጥሩ ንግግር,none,የለም,No,የለም,none,የለም,zero,ዜሮ,English-Amharic,"Affirms dignity, cooperation, and mutual respect.",ክብርን፣ ትብብርን እና መከባበርን ያበረታታል።
190,You do not belong in this community.,በዚህ ማህበረሰብ ውስጥ አትገባም።,hate_speech,የጥላቻ ንግግር,belonging denial,አባልነትን መከልከል,Yes,አዎ አለ,group,ቡድን,high,ከፍተኛ,English-Amharic,Denies membership and belonging.,አባልነትን እና ተሳትፎን ይከለክላል።
191,Let us find a solution that works for everyone.,ለሁሉም የሚሰራ መፍትሄ እንፈልግ።,safe,ጥሩ ንግግር,none,የለም,No,የለም,none,የለም,zero,ዜሮ,English-Amharic,"Affirms dignity, cooperation, and mutual respect.",ክብርን፣ ትብብርን እና መከባበርን ያበረታታል።
192,Get out of our space.,ከቦታችን ውጣ።,hate_speech,የጥላቻ ንግግር,exclusion,ማግለል,Yes,አዎ አለ,group,ቡድን,high,ከፍተኛ,English-Amharic,Pushes removal and rejection.,ማግለልን እና መከልከልን ያበረታታል።
193,Your voice does not matter here.,እዚህ ድምፅሽ ዋጋ የለውም።,hate_speech,የጥላቻ ንግግር,silencing,ዝም ማሰኘት,Yes,አዎ አለ,individual,ግለሰብ,low,ዝቅተኛ,English-Amharic,Suppresses participation and recognition.,ተሳትፎን እና እውቅናን ይከልክላል።
194,Your voice does not matter here.,እዚህ ድምፅሽ ዋጋ የለውም።,hate_speech,የጥላቻ ንግግር,silencing,ዝም ማሰኘት,Yes,አዎ አለ,individual,ግለሰብ,low,ዝቅተኛ,English-Amharic,Suppresses participation and recognition.,ተሳትፎን እና እውቅናን ይከልክላል።
195,They threaten our safety.,ደህንነታችንን ይሸብራሉ።,hate_speech,የጥላቻ ንግግር,threat,ማስፈራሪያ,Yes,አዎ አለ,group,ቡድን,high,ከፍተኛ,English-Amharic,Frames the target as danger.,እንደ ስጋት ይቀርባል።
196,Get out of our space.,ከቦታችን ውጣ።,hate_speech,የጥላቻ ንግግር,exclusion,ማግለል,Yes,አዎ አለ,group,ቡድን,high,ከፍተኛ,English-Amharic,Pushes removal and rejection.,ማግለልን እና መከልከልን ያበረታታል።
197,You do not belong here.,ይህ የእናንተ ቦታ አይደለም።,hate_speech,የጥላቻ ንግግር,belonging denial,አባልነትን መከልከል,Yes,አዎ አለ,group,ቡድን,high,ከፍተኛ,English-Amharic,Denies membership and belonging.,አባልነትን እና ተሳትፎን ይከለክላል።
198,A fair discussion includes every voice.,ፍትሃዊ ውይይት ሁሉንም ድምፅ ያካትታል።,safe,ጥሩ ንግግር,none,የለም,No,የለም,none,የለም,zero,ዜሮ,English-Amharic,"Affirms dignity, cooperation, and mutual respect.",ክብርን፣ ትብብርን እና መከባበርን ያበረታታል።
199,We should fear what they will do.,ምን እንደሚያደርጉ መፍራት አለብን።,hate_speech,የጥላቻ ንግግር,threat,ማስፈራሪያ,Yes,አዎ አለ,group,ቡድን,high,ከፍተኛ,English-Amharic,Frames the target as danger.,እንደ ስጋት ይቀርባል።
200,We should speak respectfully.,በክብር መናገር አለብን።,safe,ጥሩ ንግግር,none,የለም,No,የለም,none,የለም,zero,ዜሮ,English-Amharic,"Affirms dignity, cooperation, and mutual respect.",ክብርን፣ ትብብርን እና መከባበርን ያበረታታል።
201,They are not real people.,እውነተኛ ሰው አይደሉም።,hate_speech,የጥላቻ ንግግር,dehumanization,ሰብዓዊነትን መንፈግ,Yes,አዎ አለ,group,ቡድን,high,ከፍተኛ,English-Amharic,Strips humanity from the target.,ሰውነትን ይክዳል።
202,That group is always the problem.,ያ ቡድን ሁልጊዜ ችግር ነው።,hate_speech,የጥላቻ ንግግር,stereotyping,የተዛባ አመለካከት,Yes,አዎ አለ,group,ቡድን,low,ዝቅተኛ,English-Amharic,Uses harmful group stereotype.,ለአንድ ቡድን ያለ የተዛባ አመለካከት።
203,We should listen before judging.,ከመፍረድ በፊት ማዳመጥ አለብን።,safe,ጥሩ ንግግር,none,የለም,No,የለም,none,የለም,zero,ዜሮ,English-Amharic,"Affirms dignity, cooperation, and mutual respect.",ክብርን፣ ትብብርን እና መከባበርን ያበረታታል።
204,Different views can still be handled kindly.,የተለያዩ አስተያየቶች በበጎ ሊታዩ ይችላሉ።,safe,ጥሩ ንግግር,none,የለም,No,የለም,none,የለም,zero,ዜሮ,English-Amharic,"Affirms dignity, cooperation, and mutual respect.",ክብርን፣ ትብብርን እና መከባበርን ያበረታታል።
205,Nobody wants to hear you.,ማንም ሊሰማሽ አይፈልግም።,hate_speech,የጥላቻ ንግግር,silencing,ዝም ማሰኘት,Yes,አዎ አለ,individual,ግለሰብ,low,ዝቅተኛ,English-Amharic,Suppresses participation and recognition.,ተሳትፎን እና እውቅናን ይከልክላል።
206,We should correct mistakes without humiliation.,ሰዎችን ሳናዋርድ ስህተትን ማስተካከል አለብን።,safe,ጥሩ ንግግር,none,የለም,No,የለም,none,የለም,zero,ዜሮ,English-Amharic,"Affirms dignity, cooperation, and mutual respect.",ክብርን፣ ትብብርን እና መከባበርን ያበረታታል።
207,We should correct mistakes without humiliation.,ሰዎችን ሳናዋርድ ስህተትን ማስተካከል አለብን።,safe,ጥሩ ንግግር,none,የለም,No,የለም,none,የለም,zero,ዜሮ,English-Amharic,"Affirms dignity, cooperation, and mutual respect.",ክብርን፣ ትብብርን እና መከባበርን ያበረታታል።
208,You should be pushed out.,መባረር አለብህ።,hate_speech,የጥላቻ ንግግር,exclusion,ማግለል,Yes,አዎ አለ,group,ቡድን,high,ከፍተኛ,English-Amharic,Pushes removal and rejection.,ማግለልን እና መከልከልን ያበረታታል።
209,We should correct mistakes without humiliation.,ሰዎችን ሳናዋርድ ስህተትን ማስተካከል አለብን።,safe,ጥሩ ንግግር,none,የለም,No,የለም,none,የለም,zero,ዜሮ,English-Amharic,"Affirms dignity, cooperation, and mutual respect.",ክብርን፣ ትብብርን እና መከባበርን ያበረታታል።
210,Respect helps communities grow stronger.,ክብር ማህበረሰቦችን ያጠናክራል።,safe,ጥሩ ንግግር,none,የለም,No,የለም,none,የለም,zero,ዜሮ,English-Amharic,"Affirms dignity, cooperation, and mutual respect.",ክብርን፣ ትብብርን እና መከባበርን ያበረታታል።
211,They are not fully human.,እነሱ ሙሉ ሰው አይደሉም።,hate_speech,የጥላቻ ንግግር,dehumanization,ሰብዓዊነትን መንፈግ,Yes,አዎ አለ,group,ቡድን,high,ከፍተኛ,English-Amharic,Strips humanity from the target.,ሰውነትን ይክዳል።
212,Everyone deserves dignity.,ሁሉም ሰው ክብር ይገባዋል።,safe,ጥሩ ንግግር,none,የለም,No,የለም,none,የለም,zero,ዜሮ,English-Amharic,"Affirms dignity, cooperation, and mutual respect.",ክብርን፣ ትብብርን እና መከባበርን ያበረታታል።
213,Different views can still be handled kindly.,የተለያዩ አስተያየቶች በበጎ ሊታዩ ይችላሉ።,safe,ጥሩ ንግግር,none,የለም,No,የለም,none,የለም,zero,ዜሮ,English-Amharic,"Affirms dignity, cooperation, and mutual respect.",ክብርን፣ ትብብርን እና መከባበርን ያበረታታል።
214,Get out of our space.,ከቦታችን ውጣ።,hate_speech,የጥላቻ ንግግር,exclusion,ማግለል,Yes,አዎ አለ,group,ቡድን,high,ከፍተኛ,English-Amharic,Pushes removal and rejection.,ማግለልን እና መከልከልን ያበረታታል።
215,You have no place among us.,ከእኛ መካከል ቦታ የለህም።,hate_speech,የጥላቻ ንግግር,belonging denial,አባልነትን መከልከል,Yes,አዎ አለ,group,ቡድን,high,ከፍተኛ,English-Amharic,Denies membership and belonging.,አባልነትን እና ተሳትፎን ይከለክላል።
216,Every person should be heard.,እያንዳንዱ ሰው መሰማት አለበት።,safe,ጥሩ ንግግር,none,የለም,No,የለም,none,የለም,zero,ዜሮ,English-Amharic,"Affirms dignity, cooperation, and mutual respect.",ክብርን፣ ትብብርን እና መከባበርን ያበረታታል።
217,They are a danger to everyone.,እነሱ ለሁሉም ስጋት ናቸው።,hate_speech,የጥላቻ ንግግር,threat,ማስፈራሪያ,Yes,አዎ አለ,group,ቡድን,high,ከፍተኛ,English-Amharic,Frames the target as danger.,እንደ ስጋት ይቀርባል።
218,Everyone deserves dignity.,ሁሉም ሰው ክብር ይገባዋል።,safe,ጥሩ ንግግር,none,የለም,No,የለም,none,የለም,zero,ዜሮ,English-Amharic,"Affirms dignity, cooperation, and mutual respect.",ክብርን፣ ትብብርን እና መከባበርን ያበረታታል።
219,They are a danger to everyone.,እነሱ ለሁሉም ስጋት ናቸው።,hate_speech,የጥላቻ ንግግር,threat,ማስፈራሪያ,Yes,አዎ አለ,group,ቡድን,high,ከፍተኛ,English-Amharic,Frames the target as danger.,እንደ ስጋት ይቀርባል።
220,We should treat people fairly.,ሰዎችን በፍትሃዊነት ማየት አለብን።,safe,ጥሩ ንግግር,none,የለም,No,የለም,none,የለም,zero,ዜሮ,English-Amharic,"Affirms dignity, cooperation, and mutual respect.",ክብርን፣ ትብብርን እና መከባበርን ያበረታታል።
221,Everyone deserves dignity.,ሁሉም ሰው ክብር ይገባዋል።,safe,ጥሩ ንግግር,none,የለም,No,የለም,none,የለም,zero,ዜሮ,English-Amharic,"Affirms dignity, cooperation, and mutual respect.",ክብርን፣ ትብብርን እና መከባበርን ያበረታታል።
222,Different views can still be handled kindly.,የተለያዩ አስተያየቶች በበጎ ሊታዩ ይችላሉ።,safe,ጥሩ ንግግር,none,የለም,No,የለም,none,የለም,zero,ዜሮ,English-Amharic,"Affirms dignity, cooperation, and mutual respect.",ክብርን፣ ትብብርን እና መከባበርን ያበረታታል።
223,Respect helps communities grow stronger.,ክብር ማህበረሰቦችን ያጠናክራል።,safe,ጥሩ ንግግር,none,የለም,No,የለም,none,የለም,zero,ዜሮ,English-Amharic,"Affirms dignity, cooperation, and mutual respect.",ክብርን፣ ትብብርን እና መከባበርን ያበረታታል።
224,They are not real people.,እውነተኛ ሰው አይደሉም።,hate_speech,የጥላቻ ንግግር,dehumanization,ሰብዓዊነትን መንፈግ,Yes,አዎ አለ,group,ቡድን,high,ከፍተኛ,English-Amharic,Strips humanity from the target.,ሰውነትን ይክዳል።
225,They are not real people.,እውነተኛ ሰው አይደሉም።,hate_speech,የጥላቻ ንግግር,dehumanization,ሰብዓዊነትን መንፈግ,Yes,አዎ አለ,group,ቡድን,high,ከፍተኛ,English-Amharic,Strips humanity from the target.,ሰውነትን ይክዳል።
226,We should fear what they will do.,ምን እንደሚያደርጉ መፍራት አለብን።,hate_speech,የጥላቻ ንግግር,threat,ማስፈራሪያ,Yes,አዎ አለ,group,ቡድን,high,ከፍተኛ,English-Amharic,Frames the target as danger.,እንደ ስጋት ይቀርባል።
227,Their kind always ruins everything.,የእነሱ ዓይነት ሁልጊዜ ሁሉንም ያበላሻል።,hate_speech,የጥላቻ ንግግር,stereotyping,የተዛባ አመለካከት,Yes,አዎ አለ,group,ቡድን,low,ዝቅተኛ,English-Amharic,Uses harmful group stereotype.,ለአንድ ቡድን ያለ የተዛባ አመለካከት።
228,We should treat people fairly.,ሰዎችን በፍትሃዊነት ማየት አለብን።,safe,ጥሩ ንግግር,none,የለም,No,የለም,none,የለም,zero,ዜሮ,English-Amharic,"Affirms dignity, cooperation, and mutual respect.",ክብርን፣ ትብብርን እና መከባበርን ያበረታታል።
229,Get out of our space.,ከቦታችን ውጣ።,hate_speech,የጥላቻ ንግግር,exclusion,ማግለል,Yes,አዎ አለ,group,ቡድን,high,ከፍተኛ,English-Amharic,Pushes removal and rejection.,ማግለልን እና መከልከልን ያበረታታል።
230,Their kind always ruins everything.,የእነሱ ዓይነት ሁልጊዜ ሁሉንም ያበላሻል።,hate_speech,የጥላቻ ንግግር,stereotyping,የተዛባ አመለካከት,Yes,አዎ አለ,group,ቡድን,low,ዝቅተኛ,English-Amharic,Uses harmful group stereotype.,ለአንድ ቡድን ያለ የተዛባ አመለካከት።
231,Your voice does not matter here.,እዚህ ድምፅሽ ዋጋ የለውም።,hate_speech,የጥላቻ ንግግር,silencing,ዝም ማሰኘት,Yes,አዎ አለ,individual,ግለሰብ,low,ዝቅተኛ,English-Amharic,Suppresses participation and recognition.,ተሳትፎን እና እውቅናን ይከልክላል።
232,Your voice does not matter here.,እዚህ ድምፅሽ ዋጋ የለውም።,hate_speech,የጥላቻ ንግግር,silencing,ዝም ማሰኘት,Yes,አዎ አለ,individual,ግለሰብ,low,ዝቅተኛ,English-Amharic,Suppresses participation and recognition.,ተሳትፎን እና እውቅናን ይከልክላል።
233,Nobody wants to hear you.,ማንም ሊሰማሽ አይፈልግም።,hate_speech,የጥላቻ ንግግር,silencing,ዝም ማሰኘት,Yes,አዎ አለ,individual,ግለሰብ,low,ዝቅተኛ,English-Amharic,Suppresses participation and recognition.,ተሳትፎን እና እውቅናን ይከልክላል።
234,Everyone has value in this room.,በዚህ ክፍል ያለ ሁሉም ሰው ዋጋ አለው።,safe,ጥሩ ንግግር,none,የለም,No,የለም,none,የለም,zero,ዜሮ,English-Amharic,"Affirms dignity, cooperation, and mutual respect.",ክብርን፣ ትብብርን እና መከባበርን ያበረታታል።
235,You do not belong here.,ይህ የእናንተ ቦታ አይደለም።,hate_speech,የጥላቻ ንግግር,belonging denial,አባልነትን መከልከል,Yes,አዎ አለ,group,ቡድን,high,ከፍተኛ,English-Amharic,Denies membership and belonging.,አባልነትን እና ተሳትፎን ይከለክላል።
236,We should treat people fairly.,ሰዎችን በፍትሃዊነት ማየት አለብን።,safe,ጥሩ ንግግር,none,የለም,No,የለም,none,የለም,zero,ዜሮ,English-Amharic,"Affirms dignity, cooperation, and mutual respect.",ክብርን፣ ትብብርን እና መከባበርን ያበረታታል።
237,We can disagree without hate.,ባንስማማም አለመጣላት እንችላለን።,safe,ጥሩ ንግግር,none,የለም,No,የለም,none,የለም,zero,ዜሮ,English-Amharic,"Affirms dignity, cooperation, and mutual respect.",ክብርን፣ ትብብርን እና መከባበርን ያበረታታል።
238,They are not fully human.,እነሱ ሙሉ ሰው አይደሉም።,hate_speech,የጥላቻ ንግግር,dehumanization,ሰብዓዊነትን መንፈግ,Yes,አዎ አለ,group,ቡድን,high,ከፍተኛ,English-Amharic,Strips humanity from the target.,ሰውነትን ይክዳል።
239,We should listen before judging.,ከመፍረድ በፊት ማዳመጥ አለብን።,safe,ጥሩ ንግግር,none,የለም,No,የለም,none,የለም,zero,ዜሮ,English-Amharic,"Affirms dignity, cooperation, and mutual respect.",ክብርን፣ ትብብርን እና መከባበርን ያበረታታል።
240,We should speak respectfully.,በክብር መናገር አለብን።,safe,ጥሩ ንግግር,none,የለም,No,የለም,none,የለም,zero,ዜሮ,English-Amharic,"Affirms dignity, cooperation, and mutual respect.",ክብርን፣ ትብብርን እና መከባበርን ያበረታታል።
241,Every person should be heard.,እያንዳንዱ ሰው መሰማት አለበት።,safe,ጥሩ ንግግር,none,የለም,No,የለም,none,የለም,zero,ዜሮ,English-Amharic,"Affirms dignity, cooperation, and mutual respect.",ክብርን፣ ትብብርን እና መከባበርን ያበረታታል።
242,We should treat people fairly.,ሰዎችን በፍትሃዊነት ማየት አለብን።,safe,ጥሩ ንግግር,none,የለም,No,የለም,none,የለም,zero,ዜሮ,English-Amharic,"Affirms dignity, cooperation, and mutual respect.",ክብርን፣ ትብብርን እና መከባበርን ያበረታታል።
243,That group is always the problem.,ያ ቡድን ሁልጊዜ ችግር ነው።,hate_speech,የጥላቻ ንግግር,stereotyping,የተዛባ አመለካከት,Yes,አዎ አለ,group,ቡድን,low,ዝቅተኛ,English-Amharic,Uses harmful group stereotype.,ለአንድ ቡድን ያለ የተዛባ አመለካከት።
244,You do not belong here.,ይህ የእናንተ ቦታ አይደለም።,hate_speech,የጥላቻ ንግግር,belonging denial,አባልነትን መከልከል,Yes,አዎ አለ,group,ቡድን,high,ከፍተኛ,English-Amharic,Denies membership and belonging.,አባልነትን እና ተሳትፎን ይከለክላል።
245,They are not fully human.,እነሱ ሙሉ ሰው አይደሉም።,hate_speech,የጥላቻ ንግግር,dehumanization,ሰብዓዊነትን መንፈግ,Yes,አዎ አለ,group,ቡድን,high,ከፍተኛ,English-Amharic,Strips humanity from the target.,ሰውነትን ይክዳል።
246,Everyone deserves dignity.,ሁሉም ሰው ክብር ይገባዋል።,safe,ጥሩ ንግግር,none,የለም,No,የለም,none,የለም,zero,ዜሮ,English-Amharic,"Affirms dignity, cooperation, and mutual respect.",ክብርን፣ ትብብርን እና መከባበርን ያበረታታል።
247,Different views can still be handled kindly.,የተለያዩ አስተያየቶች በበጎ ሊታዩ ይችላሉ።,safe,ጥሩ ንግግር,none,የለም,No,የለም,none,የለም,zero,ዜሮ,English-Amharic,"Affirms dignity, cooperation, and mutual respect.",ክብርን፣ ትብብርን እና መከባበርን ያበረታታል።
248,You have no place among us.,ከእኛ መካከል ቦታ የለህም።,hate_speech,የጥላቻ ንግግር,belonging denial,አባልነትን መከልከል,Yes,አዎ አለ,group,ቡድን,high,ከፍተኛ,English-Amharic,Denies membership and belonging.,አባልነትን እና ተሳትፎን ይከለክላል።
249,We can disagree without hate.,ባንስማማም አለመጣላት እንችላለን።,safe,ጥሩ ንግግር,none,የለም,No,የለም,none,የለም,zero,ዜሮ,English-Amharic,"Affirms dignity, cooperation, and mutual respect.",ክብርን፣ ትብብርን እና መከባበርን ያበረታታል።
250,You do not belong in this community.,በዚህ ማህበረሰብ ውስጥ አትገባም።,hate_speech,የጥላቻ ንግግር,belonging denial,አባልነትን መከልከል,Yes,አዎ አለ,group,ቡድን,high,ከፍተኛ,English-Amharic,Denies membership and belonging.,አባልነትን እና ተሳትፎን ይከለክላል።
251,You should be pushed out.,መባረር አለብህ።,hate_speech,የጥላቻ ንግግር,exclusion,ማግለል,Yes,አዎ አለ,group,ቡድን,high,ከፍተኛ,English-Amharic,Pushes removal and rejection.,ማግለልን እና መከልከልን ያበረታታል።
252,Everyone deserves dignity.,ሁሉም ሰው ክብር ይገባዋል።,safe,ጥሩ ንግግር,none,የለም,No,የለም,none,የለም,zero,ዜሮ,English-Amharic,"Affirms dignity, cooperation, and mutual respect.",ክብርን፣ ትብብርን እና መከባበርን ያበረታታል።
253,People deserve fairness and care.,ሰዎች ፍትሃዊነት እና እንክብካቤ ይገባቸዋል።,safe,ጥሩ ንግግር,none,የለም,No,የለም,none,የለም,zero,ዜሮ,English-Amharic,"Affirms dignity, cooperation, and mutual respect.",ክብርን፣ ትብብርን እና መከባበርን ያበረታታል።
254,You do not belong in this community.,በዚህ ማህበረሰብ ውስጥ አትገባም።,hate_speech,የጥላቻ ንግግር,belonging denial,አባልነትን መከልከል,Yes,አዎ አለ,group,ቡድን,high,ከፍተኛ,English-Amharic,Denies membership and belonging.,አባልነትን እና ተሳትፎን ይከለክላል።
255,You do not belong in this community.,በዚህ ማህበረሰብ ውስጥ አትገባም።,hate_speech,የጥላቻ ንግግር,belonging denial,አባልነትን መከልከል,Yes,አዎ አለ,group,ቡድን,high,ከፍተኛ,English-Amharic,Denies membership and belonging.,አባልነትን እና ተሳትፎን ይከለክላል።
256,That group is always the problem.,ያ ቡድን ሁልጊዜ ችግር ነው።,hate_speech,የጥላቻ ንግግር,stereotyping,የተዛባ አመለካከት,Yes,አዎ አለ,group,ቡድን,low,ዝቅተኛ,English-Amharic,Uses harmful group stereotype.,ለአንድ ቡድን ያለ የተዛባ አመለካከት።
257,Get out of our space.,ከቦታችን ውጣ።,hate_speech,የጥላቻ ንግግር,exclusion,ማግለል,Yes,አዎ አለ,group,ቡድን,high,ከፍተኛ,English-Amharic,Pushes removal and rejection.,ማግለልን እና መከልከልን ያበረታታል።
258,Your voice does not matter here.,እዚህ ድምፅሽ ዋጋ የለውም።,hate_speech,የጥላቻ ንግግር,silencing,ዝም ማሰኘት,Yes,አዎ አለ,individual,ግለሰብ,low,ዝቅተኛ,English-Amharic,Suppresses participation and recognition.,ተሳትፎን እና እውቅናን ይከልክላል።
259,We should fear what they will do.,ምን እንደሚያደርጉ መፍራት አለብን።,hate_speech,የጥላቻ ንግግር,threat,ማስፈራሪያ,Yes,አዎ አለ,group,ቡድን,high,ከፍተኛ,English-Amharic,Frames the target as danger.,እንደ ስጋት ይቀርባል።
260,We should correct mistakes without humiliation.,ሰዎችን ሳናዋርድ ስህተትን ማስተካከል አለብን።,safe,ጥሩ ንግግር,none,የለም,No,የለም,none,የለም,zero,ዜሮ,English-Amharic,"Affirms dignity, cooperation, and mutual respect.",ክብርን፣ ትብብርን እና መከባበርን ያበረታታል።
261,They are not real people.,እውነተኛ ሰው አይደሉም።,hate_speech,የጥላቻ ንግግር,dehumanization,ሰብዓዊነትን መንፈግ,Yes,አዎ አለ,group,ቡድን,high,ከፍተኛ,English-Amharic,Strips humanity from the target.,ሰውነትን ይክዳል።
262,You do not belong in this community.,በዚህ ማህበረሰብ ውስጥ አትገባም።,hate_speech,የጥላቻ ንግግር,belonging denial,አባልነትን መከልከል,Yes,አዎ አለ,group,ቡድን,high,ከፍተኛ,English-Amharic,Denies membership and belonging.,አባልነትን እና ተሳትፎን ይከለክላል።
263,We should speak respectfully.,በክብር መናገር አለብን።,safe,ጥሩ ንግግር,none,የለም,No,የለም,none,የለም,zero,ዜሮ,English-Amharic,"Affirms dignity, cooperation, and mutual respect.",ክብርን፣ ትብብርን እና መከባበርን ያበረታታል።
264,That group is always the problem.,ያ ቡድን ሁልጊዜ ችግር ነው።,hate_speech,የጥላቻ ንግግር,stereotyping,የተዛባ አመለካከት,Yes,አዎ አለ,group,ቡድን,low,ዝቅተኛ,English-Amharic,Uses harmful group stereotype.,ለአንድ ቡድን ያለ የተዛባ አመለካከት።
265,We can disagree without hate.,ባንስማማም አለመጣላት እንችላለን።,safe,ጥሩ ንግግር,none,የለም,No,የለም,none,የለም,zero,ዜሮ,English-Amharic,"Affirms dignity, cooperation, and mutual respect.",ክብርን፣ ትብብርን እና መከባበርን ያበረታታል።
266,We should correct mistakes without humiliation.,ሰዎችን ሳናዋርድ ስህተትን ማስተካከል አለብን።,safe,ጥሩ ንግግር,none,የለም,No,የለም,none,የለም,zero,ዜሮ,English-Amharic,"Affirms dignity, cooperation, and mutual respect.",ክብርን፣ ትብብርን እና መከባበርን ያበረታታል።
267,We should listen before judging.,ከመፍረድ በፊት ማዳመጥ አለብን።,safe,ጥሩ ንግግር,none,የለም,No,የለም,none,የለም,zero,ዜሮ,English-Amharic,"Affirms dignity, cooperation, and mutual respect.",ክብርን፣ ትብብርን እና መከባበርን ያበረታታል።
268,Let us find a solution that works for everyone.,ለሁሉም የሚሰራ መፍትሄ እንፈልግ።,safe,ጥሩ ንግግር,none,የለም,No,የለም,none,የለም,zero,ዜሮ,English-Amharic,"Affirms dignity, cooperation, and mutual respect.",ክብርን፣ ትብብርን እና መከባበርን ያበረታታል።
269,Everyone has value in this room.,በዚህ ክፍል ያለ ሁሉም ሰው ዋጋ አለው።,safe,ጥሩ ንግግር,none,የለም,No,የለም,none,የለም,zero,ዜሮ,English-Amharic,"Affirms dignity, cooperation, and mutual respect.",ክብርን፣ ትብብርን እና መከባበርን ያበረታታል።
270,You should be pushed out.,መባረር አለብህ።,hate_speech,የጥላቻ ንግግር,exclusion,ማግለል,Yes,አዎ አለ,group,ቡድን,high,ከፍተኛ,English-Amharic,Pushes removal and rejection.,ማግለልን እና መከልከልን ያበረታታል።
271,Your voice does not matter here.,እዚህ ድምፅሽ ዋጋ የለውም።,hate_speech,የጥላቻ ንግግር,silencing,ዝም ማሰኘት,Yes,አዎ አለ,individual,ግለሰብ,low,ዝቅተኛ,English-Amharic,Suppresses participation and recognition.,ተሳትፎን እና እውቅናን ይከልክላል።
272,Everyone deserves dignity.,ሁሉም ሰው ክብር ይገባዋል።,safe,ጥሩ ንግግር,none,የለም,No,የለም,none,የለም,zero,ዜሮ,English-Amharic,"Affirms dignity, cooperation, and mutual respect.",ክብርን፣ ትብብርን እና መከባበርን ያበረታታል።
273,Everyone has value in this room.,በዚህ ክፍል ያለ ሁሉም ሰው ዋጋ አለው።,safe,ጥሩ ንግግር,none,የለም,No,የለም,none,የለም,zero,ዜሮ,English-Amharic,"Affirms dignity, cooperation, and mutual respect.",ክብርን፣ ትብብርን እና መከባበርን ያበረታታል።
274,Everyone deserves dignity.,ሁሉም ሰው ክብር ይገባዋል።,safe,ጥሩ ንግግር,none,የለም,No,የለም,none,የለም,zero,ዜሮ,English-Amharic,"Affirms dignity, cooperation, and mutual respect.",ክብርን፣ ትብብርን እና መከባበርን ያበረታታል።
275,Let us work for peace.,ለሰላም በጋራ እንስራ።,safe,ጥሩ ንግግር,none,የለም,No,የለም,none,የለም,zero,ዜሮ,English-Amharic,"Affirms dignity, cooperation, and mutual respect.",ክብርን፣ ትብብርን እና መከባበርን ያበረታታል።
276,Your voice does not matter here.,እዚህ ድምፅሽ ዋጋ የለውም።,hate_speech,የጥላቻ ንግግር,silencing,ዝም ማሰኘት,Yes,አዎ አለ,individual,ግለሰብ,low,ዝቅተኛ,English-Amharic,Suppresses participation and recognition.,ተሳትፎን እና እውቅናን ይከልክላል።
277,A fair discussion includes every voice.,ፍትሃዊ ውይይት ሁሉንም ድምፅ ያካትታል።,safe,ጥሩ ንግግር,none,የለም,No,የለም,none,የለም,zero,ዜሮ,English-Amharic,"Affirms dignity, cooperation, and mutual respect.",ክብርን፣ ትብብርን እና መከባበርን ያበረታታል።
278,We should speak respectfully.,በክብር መናገር አለብን።,safe,ጥሩ ንግግር,none,የለም,No,የለም,none,የለም,zero,ዜሮ,English-Amharic,"Affirms dignity, cooperation, and mutual respect.",ክብርን፣ ትብብርን እና መከባበርን ያበረታታል።
279,Everyone deserves dignity.,ሁሉም ሰው ክብር ይገባዋል።,safe,ጥሩ ንግግር,none,የለም,No,የለም,none,የለም,zero,ዜሮ,English-Amharic,"Affirms dignity, cooperation, and mutual respect.",ክብርን፣ ትብብርን እና መከባበርን ያበረታታል።
280,You should be pushed out.,መባረር አለብህ።,hate_speech,የጥላቻ ንግግር,exclusion,ማግለል,Yes,አዎ አለ,group,ቡድን,high,ከፍተኛ,English-Amharic,Pushes removal and rejection.,ማግለልን እና መከልከልን ያበረታታል።
281,We should speak respectfully.,በክብር መናገር አለብን።,safe,ጥሩ ንግግር,none,የለም,No,የለም,none,የለም,zero,ዜሮ,English-Amharic,"Affirms dignity, cooperation, and mutual respect.",ክብርን፣ ትብብርን እና መከባበርን ያበረታታል።
282,That group is always the problem.,ያ ቡድን ሁልጊዜ ችግር ነው።,hate_speech,የጥላቻ ንግግር,stereotyping,የተዛባ አመለካከት,Yes,አዎ አለ,group,ቡድን,low,ዝቅተኛ,English-Amharic,Uses harmful group stereotype.,ለአንድ ቡድን ያለ የተዛባ አመለካከት።
283,Respect helps communities grow stronger.,ክብር ማህበረሰቦችን ያጠናክራል።,safe,ጥሩ ንግግር,none,የለም,No,የለም,none,የለም,zero,ዜሮ,English-Amharic,"Affirms dignity, cooperation, and mutual respect.",ክብርን፣ ትብብርን እና መከባበርን ያበረታታል።
284,We should fear what they will do.,ምን እንደሚያደርጉ መፍራት አለብን።,hate_speech,የጥላቻ ንግግር,threat,ማስፈራሪያ,Yes,አዎ አለ,group,ቡድን,high,ከፍተኛ,English-Amharic,Frames the target as danger.,እንደ ስጋት ይቀርባል።
285,They are less than human.,ከሰው በታች ናቸው።,hate_speech,የጥላቻ ንግግር,dehumanization,ሰብዓዊነትን መንፈግ,Yes,አዎ አለ,group,ቡድን,high,ከፍተኛ,English-Amharic,Strips humanity from the target.,ሰውነትን ይክዳል።
286,Everyone has value in this room.,በዚህ ክፍል ያለ ሁሉም ሰው ዋጋ አለው።,safe,ጥሩ ንግግር,none,የለም,No,የለም,none,የለም,zero,ዜሮ,English-Amharic,"Affirms dignity, cooperation, and mutual respect.",ክብርን፣ ትብብርን እና መከባበርን ያበረታታል።
287,Their kind always ruins everything.,የእነሱ ዓይነት ሁልጊዜ ሁሉንም ያበላሻል።,hate_speech,የጥላቻ ንግግር,stereotyping,የተዛባ አመለካከት,Yes,አዎ አለ,group,ቡድን,low,ዝቅተኛ,English-Amharic,Uses harmful group stereotype.,ለአንድ ቡድን ያለ የተዛባ አመለካከት።
288,Every person should be heard.,እያንዳንዱ ሰው መሰማት አለበት።,safe,ጥሩ ንግግር,none,የለም,No,የለም,none,የለም,zero,ዜሮ,English-Amharic,"Affirms dignity, cooperation, and mutual respect.",ክብርን፣ ትብብርን እና መከባበርን ያበረታታል።
289,Your voice does not matter here.,እዚህ ድምፅሽ ዋጋ የለውም።,hate_speech,የጥላቻ ንግግር,silencing,ዝም ማሰኘት,Yes,አዎ አለ,individual,ግለሰብ,low,ዝቅተኛ,English-Amharic,Suppresses participation and recognition.,ተሳትፎን እና እውቅናን ይከልክላል።
290,They threaten our safety.,ደህንነታችንን ይሸብራሉ።,hate_speech,የጥላቻ ንግግር,threat,ማስፈራሪያ,Yes,አዎ አለ,group,ቡድን,high,ከፍተኛ,English-Amharic,Frames the target as danger.,እንደ ስጋት ይቀርባል።
291,You have no place among us.,ከእኛ መካከል ቦታ የለህም።,hate_speech,የጥላቻ ንግግር,belonging denial,አባልነትን መከልከል,Yes,አዎ አለ,group,ቡድን,high,ከፍተኛ,English-Amharic,Denies membership and belonging.,አባልነትን እና ተሳትፎን ይከለክላል።
292,They are a danger to everyone.,እነሱ ለሁሉም ስጋት ናቸው።,hate_speech,የጥላቻ ንግግር,threat,ማስፈራሪያ,Yes,አዎ አለ,group,ቡድን,high,ከፍተኛ,English-Amharic,Frames the target as danger.,እንደ ስጋት ይቀርባል።
293,We should listen before judging.,ከመፍረድ በፊት ማዳመጥ አለብን።,safe,ጥሩ ንግግር,none,የለም,No,የለም,none,የለም,zero,ዜሮ,English-Amharic,"Affirms dignity, cooperation, and mutual respect.",ክብርን፣ ትብብርን እና መከባበርን ያበረታታል።
294,You do not belong in this community.,በዚህ ማህበረሰብ ውስጥ አትገባም።,hate_speech,የጥላቻ ንግግር,belonging denial,አባልነትን መከልከል,Yes,አዎ አለ,group,ቡድን,high,ከፍተኛ,English-Amharic,Denies membership and belonging.,አባልነትን እና ተሳትፎን ይከለክላል።
295,Their kind always ruins everything.,የእነሱ ዓይነት ሁልጊዜ ሁሉንም ያበላሻል።,hate_speech,የጥላቻ ንግግር,stereotyping,የተዛባ አመለካከት,Yes,አዎ አለ,group,ቡድን,low,ዝቅተኛ,English-Amharic,Uses harmful group stereotype.,ለአንድ ቡድን ያለ የተዛባ አመለካከት።
296,We should fear what they will do.,ምን እንደሚያደርጉ መፍራት አለብን።,hate_speech,የጥላቻ ንግግር,threat,ማስፈራሪያ,Yes,አዎ አለ,group,ቡድን,high,ከፍተኛ,English-Amharic,Frames the target as danger.,እንደ ስጋት ይቀርባል።
297,Let us work for peace.,ለሰላም በጋራ እንስራ።,safe,ጥሩ ንግግር,none,የለም,No,የለም,none,የለም,zero,ዜሮ,English-Amharic,"Affirms dignity, cooperation, and mutual respect.",ክብርን፣ ትብብርን እና መከባበርን ያበረታታል።
298,We should correct mistakes without humiliation.,ሰዎችን ሳናዋርድ ስህተትን ማስተካከል አለብን።,safe,ጥሩ ንግግር,none,የለም,No,የለም,none,የለም,zero,ዜሮ,English-Amharic,"Affirms dignity, cooperation, and mutual respect.",ክብርን፣ ትብብርን እና መከባበርን ያበረታታል።
299,We should speak respectfully.,በክብር መናገር አለብን።,safe,ጥሩ ንግግር,none,የለም,No,የለም,none,የለም,zero,ዜሮ,English-Amharic,"Affirms dignity, cooperation, and mutual respect.",ክብርን፣ ትብብርን እና መከባበርን ያበረታታል።
300,They are not real people.,እውነተኛ ሰው አይደሉም።,hate_speech,የጥላቻ ንግግር,dehumanization,ሰብዓዊነትን መንፈግ,Yes,አዎ አለ,group,ቡድን,high,ከፍተኛ,English-Amharic,Strips humanity from the target.,ሰውነትን ይክዳል።
301,You do not belong here.,ይህ የእናንተ ቦታ አይደለም።,hate_speech,የጥላቻ ንግግር,belonging denial,አባልነትን መከልከል,Yes,አዎ አለ,group,ቡድን,high,ከፍተኛ,English-Amharic,Denies membership and belonging.,አባልነትን እና ተሳትፎን ይከለክላል።
302,They are less than human.,ከሰው በታች ናቸው።,hate_speech,የጥላቻ ንግግር,dehumanization,ሰብዓዊነትን መንፈግ,Yes,አዎ አለ,group,ቡድን,high,ከፍተኛ,English-Amharic,Strips humanity from the target.,ሰውነትን ይክዳል።
303,You have no place among us.,ከእኛ መካከል ቦታ የለህም።,hate_speech,የጥላቻ ንግግር,belonging denial,አባልነትን መከልከል,Yes,አዎ አለ,group,ቡድን,high,ከፍተኛ,English-Amharic,Denies membership and belonging.,አባልነትን እና ተሳትፎን ይከለክላል።
304,Leave our community now.,ከማህበረሰባችን አሁን ውጣ።,hate_speech,የጥላቻ ንግግር,exclusion,ማግለል,Yes,አዎ አለ,group,ቡድን,high,ከፍተኛ,English-Amharic,Pushes removal and rejection.,ማግለልን እና መከልከልን ያበረታታል።
305,We should correct mistakes without humiliation.,ሰዎችን ሳናዋርድ ስህተትን ማስተካከል አለብን።,safe,ጥሩ ንግግር,none,የለም,No,የለም,none,የለም,zero,ዜሮ,English-Amharic,"Affirms dignity, cooperation, and mutual respect.",ክብርን፣ ትብብርን እና መከባበርን ያበረታታል።
306,They threaten our safety.,ደህንነታችንን ይሸብራሉ።,hate_speech,የጥላቻ ንግግር,threat,ማስፈራሪያ,Yes,አዎ አለ,group,ቡድን,high,ከፍተኛ,English-Amharic,Frames the target as danger.,እንደ ስጋት ይቀርባል።
307,They are a danger to everyone.,እነሱ ለሁሉም ስጋት ናቸው።,hate_speech,የጥላቻ ንግግር,threat,ማስፈራሪያ,Yes,አዎ አለ,group,ቡድን,high,ከፍተኛ,English-Amharic,Frames the target as danger.,እንደ ስጋት ይቀርባል።
308,People deserve fairness and care.,ሰዎች ፍትሃዊነት እና እንክብካቤ ይገባቸዋል።,safe,ጥሩ ንግግር,none,የለም,No,የለም,none,የለም,zero,ዜሮ,English-Amharic,"Affirms dignity, cooperation, and mutual respect.",ክብርን፣ ትብብርን እና መከባበርን ያበረታታል።
309,Let us work for peace.,ለሰላም በጋራ እንስራ።,safe,ጥሩ ንግግር,none,የለም,No,የለም,none,የለም,zero,ዜሮ,English-Amharic,"Affirms dignity, cooperation, and mutual respect.",ክብርን፣ ትብብርን እና መከባበርን ያበረታታል።
310,We can disagree without hate.,ባንስማማም አለመጣላት እንችላለን።,safe,ጥሩ ንግግር,none,የለም,No,የለም,none,የለም,zero,ዜሮ,English-Amharic,"Affirms dignity, cooperation, and mutual respect.",ክብርን፣ ትብብርን እና መከባበርን ያበረታታል።
311,You should be pushed out.,መባረር አለብህ።,hate_speech,የጥላቻ ንግግር,exclusion,ማግለል,Yes,አዎ አለ,group,ቡድን,high,ከፍተኛ,English-Amharic,Pushes removal and rejection.,ማግለልን እና መከልከልን ያበረታታል።
312,Nobody wants to hear you.,ማንም ሊሰማሽ አይፈልግም።,hate_speech,የጥላቻ ንግግር,silencing,ዝም ማሰኘት,Yes,አዎ አለ,individual,ግለሰብ,low,ዝቅተኛ,English-Amharic,Suppresses participation and recognition.,ተሳትፎን እና እውቅናን ይከልክላል።
313,Different views can still be handled kindly.,የተለያዩ አስተያየቶች በበጎ ሊታዩ ይችላሉ።,safe,ጥሩ ንግግር,none,የለም,No,የለም,none,የለም,zero,ዜሮ,English-Amharic,"Affirms dignity, cooperation, and mutual respect.",ክብርን፣ ትብብርን እና መከባበርን ያበረታታል።
314,Your voice does not matter here.,እዚህ ድምፅሽ ዋጋ የለውም።,hate_speech,የጥላቻ ንግግር,silencing,ዝም ማሰኘት,Yes,አዎ አለ,individual,ግለሰብ,low,ዝቅተኛ,English-Amharic,Suppresses participation and recognition.,ተሳትፎን እና እውቅናን ይከልክላል።
315,We should listen before judging.,ከመፍረድ በፊት ማዳመጥ አለብን።,safe,ጥሩ ንግግር,none,የለም,No,የለም,none,የለም,zero,ዜሮ,English-Amharic,"Affirms dignity, cooperation, and mutual respect.",ክብርን፣ ትብብርን እና መከባበርን ያበረታታል።
316,You should be pushed out.,መባረር አለብህ።,hate_speech,የጥላቻ ንግግር,exclusion,ማግለል,Yes,አዎ አለ,group,ቡድን,high,ከፍተኛ,English-Amharic,Pushes removal and rejection.,ማግለልን እና መከልከልን ያበረታታል።
317,Let us find a solution that works for everyone.,ለሁሉም የሚሰራ መፍትሄ እንፈልግ።,safe,ጥሩ ንግግር,none,የለም,No,የለም,none,የለም,zero,ዜሮ,English-Amharic,"Affirms dignity, cooperation, and mutual respect.",ክብርን፣ ትብብርን እና መከባበርን ያበረታታል።
318,People like them always cause trouble.,እንደ እነሱ ያሉ ሰዎች ሁልጊዜ ችግር ያመጣሉ።,hate_speech,የጥላቻ ንግግር,stereotyping,የተዛባ አመለካከት,Yes,አዎ አለ,group,ቡድን,low,ዝቅተኛ,English-Amharic,Uses harmful group stereotype.,ለአንድ ቡድን ያለ የተዛባ አመለካከት።
319,That group is always the problem.,ያ ቡድን ሁልጊዜ ችግር ነው።,hate_speech,የጥላቻ ንግግር,stereotyping,የተዛባ አመለካከት,Yes,አዎ አለ,group,ቡድን,low,ዝቅተኛ,English-Amharic,Uses harmful group stereotype.,ለአንድ ቡድን ያለ የተዛባ አመለካከት።
320,Nobody wants to hear you.,ማንም ሊሰማሽ አይፈልግም።,hate_speech,የጥላቻ ንግግር,silencing,ዝም ማሰኘት,Yes,አዎ አለ,individual,ግለሰብ,low,ዝቅተኛ,English-Amharic,Suppresses participation and recognition.,ተሳትፎን እና እውቅናን ይከልክላል።
321,A fair discussion includes every voice.,ፍትሃዊ ውይይት ሁሉንም ድምፅ ያካትታል።,safe,ጥሩ ንግግር,none,የለም,No,የለም,none,የለም,zero,ዜሮ,English-Amharic,"Affirms dignity, cooperation, and mutual respect.",ክብርን፣ ትብብርን እና መከባበርን ያበረታታል።
322,They are not real people.,እውነተኛ ሰው አይደሉም።,hate_speech,የጥላቻ ንግግር,dehumanization,ሰብዓዊነትን መንፈግ,Yes,አዎ አለ,group,ቡድን,high,ከፍተኛ,English-Amharic,Strips humanity from the target.,ሰውነትን ይክዳል።
323,That group is always the problem.,ያ ቡድን ሁልጊዜ ችግር ነው።,hate_speech,የጥላቻ ንግግር,stereotyping,የተዛባ አመለካከት,Yes,አዎ አለ,group,ቡድን,low,ዝቅተኛ,English-Amharic,Uses harmful group stereotype.,ለአንድ ቡድን ያለ የተዛባ አመለካከት።
324,A fair discussion includes every voice.,ፍትሃዊ ውይይት ሁሉንም ድምፅ ያካትታል።,safe,ጥሩ ንግግር,none,የለም,No,የለም,none,የለም,zero,ዜሮ,English-Amharic,"Affirms dignity, cooperation, and mutual respect.",ክብርን፣ ትብብርን እና መከባበርን ያበረታታል።
325,We should correct mistakes without humiliation.,ሰዎችን ሳናዋርድ ስህተትን ማስተካከል አለብን።,safe,ጥሩ ንግግር,none,የለም,No,የለም,none,የለም,zero,ዜሮ,English-Amharic,"Affirms dignity, cooperation, and mutual respect.",ክብርን፣ ትብብርን እና መከባበርን ያበረታታል።
326,Respect helps communities grow stronger.,ክብር ማህበረሰቦችን ያጠናክራል።,safe,ጥሩ ንግግር,none,የለም,No,የለም,none,የለም,zero,ዜሮ,English-Amharic,"Affirms dignity, cooperation, and mutual respect.",ክብርን፣ ትብብርን እና መከባበርን ያበረታታል።
327,They threaten our safety.,ደህንነታችንን ይሸብራሉ።,hate_speech,የጥላቻ ንግግር,threat,ማስፈራሪያ,Yes,አዎ አለ,group,ቡድን,high,ከፍተኛ,English-Amharic,Frames the target as danger.,እንደ ስጋት ይቀርባል።
328,They are less than human.,ከሰው በታች ናቸው።,hate_speech,የጥላቻ ንግግር,dehumanization,ሰብዓዊነትን መንፈግ,Yes,አዎ አለ,group,ቡድን,high,ከፍተኛ,English-Amharic,Strips humanity from the target.,ሰውነትን ይክዳል።
329,Let us work for peace.,ለሰላም በጋራ እንስራ።,safe,ጥሩ ንግግር,none,የለም,No,የለም,none,የለም,zero,ዜሮ,English-Amharic,"Affirms dignity, cooperation, and mutual respect.",ክብርን፣ ትብብርን እና መከባበርን ያበረታታል።
330,They are less than human.,ከሰው በታች ናቸው።,hate_speech,የጥላቻ ንግግር,dehumanization,ሰብዓዊነትን መንፈግ,Yes,አዎ አለ,group,ቡድን,high,ከፍተኛ,English-Amharic,Strips humanity from the target.,ሰውነትን ይክዳል።
331,Nobody wants to hear you.,ማንም ሊሰማሽ አይፈልግም።,hate_speech,የጥላቻ ንግግር,silencing,ዝም ማሰኘት,Yes,አዎ አለ,individual,ግለሰብ,low,ዝቅተኛ,English-Amharic,Suppresses participation and recognition.,ተሳትፎን እና እውቅናን ይከልክላል።
332,We should treat people fairly.,ሰዎችን በፍትሃዊነት ማየት አለብን።,safe,ጥሩ ንግግር,none,የለም,No,የለም,none,የለም,zero,ዜሮ,English-Amharic,"Affirms dignity, cooperation, and mutual respect.",ክብርን፣ ትብብርን እና መከባበርን ያበረታታል።
333,They are not fully human.,እነሱ ሙሉ ሰው አይደሉም።,hate_speech,የጥላቻ ንግግር,dehumanization,ሰብዓዊነትን መንፈግ,Yes,አዎ አለ,group,ቡድን,high,ከፍተኛ,English-Amharic,Strips humanity from the target.,ሰውነትን ይክዳል።
334,People like them always cause trouble.,እንደ እነሱ ያሉ ሰዎች ሁልጊዜ ችግር ያመጣሉ።,hate_speech,የጥላቻ ንግግር,stereotyping,የተዛባ አመለካከት,Yes,አዎ አለ,group,ቡድን,low,ዝቅተኛ,English-Amharic,Uses harmful group stereotype.,ለአንድ ቡድን ያለ የተዛባ አመለካከት።
335,They are less than human.,ከሰው በታች ናቸው።,hate_speech,የጥላቻ ንግግር,dehumanization,ሰብዓዊነትን መንፈግ,Yes,አዎ አለ,group,ቡድን,high,ከፍተኛ,English-Amharic,Strips humanity from the target.,ሰውነትን ይክዳል።
336,Respect helps communities grow stronger.,ክብር ማህበረሰቦችን ያጠናክራል።,safe,ጥሩ ንግግር,none,የለም,No,የለም,none,የለም,zero,ዜሮ,English-Amharic,"Affirms dignity, cooperation, and mutual respect.",ክብርን፣ ትብብርን እና መከባበርን ያበረታታል።
337,You should stay silent.,ዝም በይ።,hate_speech,የጥላቻ ንግግር,silencing,ዝም ማሰኘት,Yes,አዎ አለ,individual,ግለሰብ,low,ዝቅተኛ,English-Amharic,Suppresses participation and recognition.,ተሳትፎን እና እውቅናን ይከልክላል።
338,Let us work for peace.,ለሰላም በጋራ እንስራ።,safe,ጥሩ ንግግር,none,የለም,No,የለም,none,የለም,zero,ዜሮ,English-Amharic,"Affirms dignity, cooperation, and mutual respect.",ክብርን፣ ትብብርን እና መከባበርን ያበረታታል።
339,They are not real people.,እውነተኛ ሰው አይደሉም።,hate_speech,የጥላቻ ንግግር,dehumanization,ሰብዓዊነትን መንፈግ,Yes,አዎ አለ,group,ቡድን,high,ከፍተኛ,English-Amharic,Strips humanity from the target.,ሰውነትን ይክዳል።
340,You should be pushed out.,መባረር አለብህ።,hate_speech,የጥላቻ ንግግር,exclusion,ማግለል,Yes,አዎ አለ,group,ቡድን,high,ከፍተኛ,English-Amharic,Pushes removal and rejection.,ማግለልን እና መከልከልን ያበረታታል።
341,Leave our community now.,ከማህበረሰባችን አሁን ውጣ።,hate_speech,የጥላቻ ንግግር,exclusion,ማግለል,Yes,አዎ አለ,group,ቡድን,high,ከፍተኛ,English-Amharic,Pushes removal and rejection.,ማግለልን እና መከልከልን ያበረታታል።
342,You do not belong in this community.,በዚህ ማህበረሰብ ውስጥ አትገባም።,hate_speech,የጥላቻ ንግግር,belonging denial,አባልነትን መከልከል,Yes,አዎ አለ,group,ቡድን,high,ከፍተኛ,English-Amharic,Denies membership and belonging.,አባልነትን እና ተሳትፎን ይከለክላል።
343,You do not belong here.,ይህ የእናንተ ቦታ አይደለም።,hate_speech,የጥላቻ ንግግር,belonging denial,አባልነትን መከልከል,Yes,አዎ አለ,group,ቡድን,high,ከፍተኛ,English-Amharic,Denies membership and belonging.,አባልነትን እና ተሳትፎን ይከለክላል።
344,We can solve this together.,ይህን በጋራ መፍታት እንችላለን።,safe,ጥሩ ንግግር,none,የለም,No,የለም,none,የለም,zero,ዜሮ,English-Amharic,"Affirms dignity, cooperation, and mutual respect.",ክብርን፣ ትብብርን እና መከባበርን ያበረታታል።
345,They are less than human.,ከሰው በታች ናቸው።,hate_speech,የጥላቻ ንግግር,dehumanization,ሰብዓዊነትን መንፈግ,Yes,አዎ አለ,group,ቡድን,high,ከፍተኛ,English-Amharic,Strips humanity from the target.,ሰውነትን ይክዳል።
346,Get out of our space.,ከቦታችን ውጣ።,hate_speech,የጥላቻ ንግግር,exclusion,ማግለል,Yes,አዎ አለ,group,ቡድን,high,ከፍተኛ,English-Amharic,Pushes removal and rejection.,ማግለልን እና መከልከልን ያበረታታል።
347,They are not real people.,እውነተኛ ሰው አይደሉም።,hate_speech,የጥላቻ ንግግር,dehumanization,ሰብዓዊነትን መንፈግ,Yes,አዎ አለ,group,ቡድን,high,ከፍተኛ,English-Amharic,Strips humanity from the target.,ሰውነትን ይክዳል።
348,You do not belong here.,ይህ የእናንተ ቦታ አይደለም።,hate_speech,የጥላቻ ንግግር,belonging denial,አባልነትን መከልከል,Yes,አዎ አለ,group,ቡድን,high,ከፍተኛ,English-Amharic,Denies membership and belonging.,አባልነትን እና ተሳትፎን ይከለክላል።
349,You do not belong here.,ይህ የእናንተ ቦታ አይደለም።,hate_speech,የጥላቻ ንግግር,belonging denial,አባልነትን መከልከል,Yes,አዎ አለ,group,ቡድን,high,ከፍተኛ,English-Amharic,Denies membership and belonging.,አባልነትን እና ተሳትፎን ይከለክላል።
350,Everyone has value in this room.,በዚህ ክፍል ያለ ሁሉም ሰው ዋጋ አለው።,safe,ጥሩ ንግግር,none,የለም,No,የለም,none,የለም,zero,ዜሮ,English-Amharic,"Affirms dignity, cooperation, and mutual respect.",ክብርን፣ ትብብርን እና መከባበርን ያበረታታል።
351,Respect helps communities grow stronger.,ክብር ማህበረሰቦችን ያጠናክራል።,safe,ጥሩ ንግግር,none,የለም,No,የለም,none,የለም,zero,ዜሮ,English-Amharic,"Affirms dignity, cooperation, and mutual respect.",ክብርን፣ ትብብርን እና መከባበርን ያበረታታል።
352,We should treat people fairly.,ሰዎችን በፍትሃዊነት ማየት አለብን።,safe,ጥሩ ንግግር,none,የለም,No,የለም,none,የለም,zero,ዜሮ,English-Amharic,"Affirms dignity, cooperation, and mutual respect.",ክብርን፣ ትብብርን እና መከባበርን ያበረታታል።
353,We should correct mistakes without humiliation.,ሰዎችን ሳናዋርድ ስህተትን ማስተካከል አለብን።,safe,ጥሩ ንግግር,none,የለም,No,የለም,none,የለም,zero,ዜሮ,English-Amharic,"Affirms dignity, cooperation, and mutual respect.",ክብርን፣ ትብብርን እና መከባበርን ያበረታታል።
354,Leave our community now.,ከማህበረሰባችን አሁን ውጣ።,hate_speech,የጥላቻ ንግግር,exclusion,ማግለል,Yes,አዎ አለ,group,ቡድን,high,ከፍተኛ,English-Amharic,Pushes removal and rejection.,ማግለልን እና መከልከልን ያበረታታል።
355,We should fear what they will do.,ምን እንደሚያደርጉ መፍራት አለብን።,hate_speech,የጥላቻ ንግግር,threat,ማስፈራሪያ,Yes,አዎ አለ,group,ቡድን,high,ከፍተኛ,English-Amharic,Frames the target as danger.,እንደ ስጋት ይቀርባል።
356,We can disagree without hate.,ባንስማማም አለመጣላት እንችላለን።,safe,ጥሩ ንግግር,none,የለም,No,የለም,none,የለም,zero,ዜሮ,English-Amharic,"Affirms dignity, cooperation, and mutual respect.",ክብርን፣ ትብብርን እና መከባበርን ያበረታታል።
357,That group is always the problem.,ያ ቡድን ሁልጊዜ ችግር ነው።,hate_speech,የጥላቻ ንግግር,stereotyping,የተዛባ አመለካከት,Yes,አዎ አለ,group,ቡድን,low,ዝቅተኛ,English-Amharic,Uses harmful group stereotype.,ለአንድ ቡድን ያለ የተዛባ አመለካከት።
358,We should correct mistakes without humiliation.,ሰዎችን ሳናዋርድ ስህተትን ማስተካከል አለብን።,safe,ጥሩ ንግግር,none,የለም,No,የለም,none,የለም,zero,ዜሮ,English-Amharic,"Affirms dignity, cooperation, and mutual respect.",ክብርን፣ ትብብርን እና መከባበርን ያበረታታል።
359,We should correct mistakes without humiliation.,ሰዎችን ሳናዋርድ ስህተትን ማስተካከል አለብን።,safe,ጥሩ ንግግር,none,የለም,No,የለም,none,የለም,zero,ዜሮ,English-Amharic,"Affirms dignity, cooperation, and mutual respect.",ክብርን፣ ትብብርን እና መከባበርን ያበረታታል።
360,They are not real people.,እውነተኛ ሰው አይደሉም።,hate_speech,የጥላቻ ንግግር,dehumanization,ሰብዓዊነትን መንፈግ,Yes,አዎ አለ,group,ቡድን,high,ከፍተኛ,English-Amharic,Strips humanity from the target.,ሰውነትን ይክዳል።
361,Let us find a solution that works for everyone.,ለሁሉም የሚሰራ መፍትሄ እንፈልግ።,safe,ጥሩ ንግግር,none,የለም,No,የለም,none,የለም,zero,ዜሮ,English-Amharic,"Affirms dignity, cooperation, and mutual respect.",ክብርን፣ ትብብርን እና መከባበርን ያበረታታል።
362,Respect helps communities grow stronger.,ክብር ማህበረሰቦችን ያጠናክራል።,safe,ጥሩ ንግግር,none,የለም,No,የለም,none,የለም,zero,ዜሮ,English-Amharic,"Affirms dignity, cooperation, and mutual respect.",ክብርን፣ ትብብርን እና መከባበርን ያበረታታል።
363,That group is always the problem.,ያ ቡድን ሁልጊዜ ችግር ነው።,hate_speech,የጥላቻ ንግግር,stereotyping,የተዛባ አመለካከት,Yes,አዎ አለ,group,ቡድን,low,ዝቅተኛ,English-Amharic,Uses harmful group stereotype.,ለአንድ ቡድን ያለ የተዛባ አመለካከት።
364,That group is always the problem.,ያ ቡድን ሁልጊዜ ችግር ነው።,hate_speech,የጥላቻ ንግግር,stereotyping,የተዛባ አመለካከት,Yes,አዎ አለ,group,ቡድን,low,ዝቅተኛ,English-Amharic,Uses harmful group stereotype.,ለአንድ ቡድን ያለ የተዛባ አመለካከት።
365,You have no place among us.,ከእኛ መካከል ቦታ የለህም።,hate_speech,የጥላቻ ንግግር,belonging denial,አባልነትን መከልከል,Yes,አዎ አለ,group,ቡድን,high,ከፍተኛ,English-Amharic,Denies membership and belonging.,አባልነትን እና ተሳትፎን ይከለክላል።
366,They threaten our safety.,ደህንነታችንን ይሸብራሉ።,hate_speech,የጥላቻ ንግግር,threat,ማስፈራሪያ,Yes,አዎ አለ,group,ቡድን,high,ከፍተኛ,English-Amharic,Frames the target as danger.,እንደ ስጋት ይቀርባል።
367,We should speak respectfully.,በክብር መናገር አለብን።,safe,ጥሩ ንግግር,none,የለም,No,የለም,none,የለም,zero,ዜሮ,English-Amharic,"Affirms dignity, cooperation, and mutual respect.",ክብርን፣ ትብብርን እና መከባበርን ያበረታታል።
368,Different views can still be handled kindly.,የተለያዩ አስተያየቶች በበጎ ሊታዩ ይችላሉ።,safe,ጥሩ ንግግር,none,የለም,No,የለም,none,የለም,zero,ዜሮ,English-Amharic,"Affirms dignity, cooperation, and mutual respect.",ክብርን፣ ትብብርን እና መከባበርን ያበረታታል።
369,Let us find a solution that works for everyone.,ለሁሉም የሚሰራ መፍትሄ እንፈልግ።,safe,ጥሩ ንግግር,none,የለም,No,የለም,none,የለም,zero,ዜሮ,English-Amharic,"Affirms dignity, cooperation, and mutual respect.",ክብርን፣ ትብብርን እና መከባበርን ያበረታታል።
370,They are not real people.,እውነተኛ ሰው አይደሉም።,hate_speech,የጥላቻ ንግግር,dehumanization,ሰብዓዊነትን መንፈግ,Yes,አዎ አለ,group,ቡድን,high,ከፍተኛ,English-Amharic,Strips humanity from the target.,ሰውነትን ይክዳል።
371,They are not real people.,እውነተኛ ሰው አይደሉም።,hate_speech,የጥላቻ ንግግር,dehumanization,ሰብዓዊነትን መንፈግ,Yes,አዎ አለ,group,ቡድን,high,ከፍተኛ,English-Amharic,Strips humanity from the target.,ሰውነትን ይክዳል።
372,You do not belong in this community.,በዚህ ማህበረሰብ ውስጥ አትገባም።,hate_speech,የጥላቻ ንግግር,belonging denial,አባልነትን መከልከል,Yes,አዎ አለ,group,ቡድን,high,ከፍተኛ,English-Amharic,Denies membership and belonging.,አባልነትን እና ተሳትፎን ይከለክላል።
373,That group is always the problem.,ያ ቡድን ሁልጊዜ ችግር ነው።,hate_speech,የጥላቻ ንግግር,stereotyping,የተዛባ አመለካከት,Yes,አዎ አለ,group,ቡድን,low,ዝቅተኛ,English-Amharic,Uses harmful group stereotype.,ለአንድ ቡድን ያለ የተዛባ አመለካከት።
374,Everyone deserves dignity.,ሁሉም ሰው ክብር ይገባዋል።,safe,ጥሩ ንግግር,none,የለም,No,የለም,none,የለም,zero,ዜሮ,English-Amharic,"Affirms dignity, cooperation, and mutual respect.",ክብርን፣ ትብብርን እና መከባበርን ያበረታታል።
375,You do not belong in this community.,በዚህ ማህበረሰብ ውስጥ አትገባም።,hate_speech,የጥላቻ ንግግር,belonging denial,አባልነትን መከልከል,Yes,አዎ አለ,group,ቡድን,high,ከፍተኛ,English-Amharic,Denies membership and belonging.,አባልነትን እና ተሳትፎን ይከለክላል።
376,Every person should be heard.,እያንዳንዱ ሰው መሰማት አለበት።,safe,ጥሩ ንግግር,none,የለም,No,የለም,none,የለም,zero,ዜሮ,English-Amharic,"Affirms dignity, cooperation, and mutual respect.",ክብርን፣ ትብብርን እና መከባበርን ያበረታታል።
377,They threaten our safety.,ደህንነታችንን ይሸብራሉ።,hate_speech,የጥላቻ ንግግር,threat,ማስፈራሪያ,Yes,አዎ አለ,group,ቡድን,high,ከፍተኛ,English-Amharic,Frames the target as danger.,እንደ ስጋት ይቀርባል።
378,Get out of our space.,ከቦታችን ውጣ።,hate_speech,የጥላቻ ንግግር,exclusion,ማግለል,Yes,አዎ አለ,group,ቡድን,high,ከፍተኛ,English-Amharic,Pushes removal and rejection.,ማግለልን እና መከልከልን ያበረታታል።
379,People like them always cause trouble.,እንደ እነሱ ያሉ ሰዎች ሁልጊዜ ችግር ያመጣሉ።,hate_speech,የጥላቻ ንግግር,stereotyping,የተዛባ አመለካከት,Yes,አዎ አለ,group,ቡድን,low,ዝቅተኛ,English-Amharic,Uses harmful group stereotype.,ለአንድ ቡድን ያለ የተዛባ አመለካከት።
380,Nobody wants to hear you.,ማንም ሊሰማሽ አይፈልግም።,hate_speech,የጥላቻ ንግግር,silencing,ዝም ማሰኘት,Yes,አዎ አለ,individual,ግለሰብ,low,ዝቅተኛ,English-Amharic,Suppresses participation and recognition.,ተሳትፎን እና እውቅናን ይከልክላል።
381,That group is always the problem.,ያ ቡድን ሁልጊዜ ችግር ነው።,hate_speech,የጥላቻ ንግግር,stereotyping,የተዛባ አመለካከት,Yes,አዎ አለ,group,ቡድን,low,ዝቅተኛ,English-Amharic,Uses harmful group stereotype.,ለአንድ ቡድን ያለ የተዛባ አመለካከት።
382,You should be pushed out.,መባረር አለብህ።,hate_speech,የጥላቻ ንግግር,exclusion,ማግለል,Yes,አዎ አለ,group,ቡድን,high,ከፍተኛ,English-Amharic,Pushes removal and rejection.,ማግለልን እና መከልከልን ያበረታታል።
383,They are not fully human.,እነሱ ሙሉ ሰው አይደሉም።,hate_speech,የጥላቻ ንግግር,dehumanization,ሰብዓዊነትን መንፈግ,Yes,አዎ አለ,group,ቡድን,high,ከፍተኛ,English-Amharic,Strips humanity from the target.,ሰውነትን ይክዳል።
384,We should speak respectfully.,በክብር መናገር አለብን።,safe,ጥሩ ንግግር,none,የለም,No,የለም,none,የለም,zero,ዜሮ,English-Amharic,"Affirms dignity, cooperation, and mutual respect.",ክብርን፣ ትብብርን እና መከባበርን ያበረታታል።
385,That group is always the problem.,ያ ቡድን ሁልጊዜ ችግር ነው።,hate_speech,የጥላቻ ንግግር,stereotyping,የተዛባ አመለካከት,Yes,አዎ አለ,group,ቡድን,low,ዝቅተኛ,English-Amharic,Uses harmful group stereotype.,ለአንድ ቡድን ያለ የተዛባ አመለካከት።
386,You do not belong here.,ይህ የእናንተ ቦታ አይደለም።,hate_speech,የጥላቻ ንግግር,belonging denial,አባልነትን መከልከል,Yes,አዎ አለ,group,ቡድን,high,ከፍተኛ,English-Amharic,Denies membership and belonging.,አባልነትን እና ተሳትፎን ይከለክላል።
387,They threaten our safety.,ደህንነታችንን ይሸብራሉ።,hate_speech,የጥላቻ ንግግር,threat,ማስፈራሪያ,Yes,አዎ አለ,group,ቡድን,high,ከፍተኛ,English-Amharic,Frames the target as danger.,እንደ ስጋት ይቀርባል።
388,They are a danger to everyone.,እነሱ ለሁሉም ስጋት ናቸው።,hate_speech,የጥላቻ ንግግር,threat,ማስፈራሪያ,Yes,አዎ አለ,group,ቡድን,high,ከፍተኛ,English-Amharic,Frames the target as danger.,እንደ ስጋት ይቀርባል።
389,Different views can still be handled kindly.,የተለያዩ አስተያየቶች በበጎ ሊታዩ ይችላሉ።,safe,ጥሩ ንግግር,none,የለም,No,የለም,none,የለም,zero,ዜሮ,English-Amharic,"Affirms dignity, cooperation, and mutual respect.",ክብርን፣ ትብብርን እና መከባበርን ያበረታታል።
390,We can solve this together.,ይህን በጋራ መፍታት እንችላለን።,safe,ጥሩ ንግግር,none,የለም,No,የለም,none,የለም,zero,ዜሮ,English-Amharic,"Affirms dignity, cooperation, and mutual respect.",ክብርን፣ ትብብርን እና መከባበርን ያበረታታል።
391,You have no place among us.,ከእኛ መካከል ቦታ የለህም።,hate_speech,የጥላቻ ንግግር,belonging denial,አባልነትን መከልከል,Yes,አዎ አለ,group,ቡድን,high,ከፍተኛ,English-Amharic,Denies membership and belonging.,አባልነትን እና ተሳትፎን ይከለክላል።
392,We can disagree without hate.,ባንስማማም አለመጣላት እንችላለን።,safe,ጥሩ ንግግር,none,የለም,No,የለም,none,የለም,zero,ዜሮ,English-Amharic,"Affirms dignity, cooperation, and mutual respect.",ክብርን፣ ትብብርን እና መከባበርን ያበረታታል።
393,Get out of our space.,ከቦታችን ውጣ።,hate_speech,የጥላቻ ንግግር,exclusion,ማግለል,Yes,አዎ አለ,group,ቡድን,high,ከፍተኛ,English-Amharic,Pushes removal and rejection.,ማግለልን እና መከልከልን ያበረታታል።
394,They are not real people.,እውነተኛ ሰው አይደሉም።,hate_speech,የጥላቻ ንግግር,dehumanization,ሰብዓዊነትን መንፈግ,Yes,አዎ አለ,group,ቡድን,high,ከፍተኛ,English-Amharic,Strips humanity from the target.,ሰውነትን ይክዳል።
395,We can disagree without hate.,ባንስማማም አለመጣላት እንችላለን።,safe,ጥሩ ንግግር,none,የለም,No,የለም,none,የለም,zero,ዜሮ,English-Amharic,"Affirms dignity, cooperation, and mutual respect.",ክብርን፣ ትብብርን እና መከባበርን ያበረታታል።
396,Your voice does not matter here.,እዚህ ድምፅሽ ዋጋ የለውም።,hate_speech,የጥላቻ ንግግር,silencing,ዝም ማሰኘት,Yes,አዎ አለ,individual,ግለሰብ,low,ዝቅተኛ,English-Amharic,Suppresses participation and recognition.,ተሳትፎን እና እውቅናን ይከልክላል።
397,We should speak respectfully.,በክብር መናገር አለብን።,safe,ጥሩ ንግግር,none,የለም,No,የለም,none,የለም,zero,ዜሮ,English-Amharic,"Affirms dignity, cooperation, and mutual respect.",ክብርን፣ ትብብርን እና መከባበርን ያበረታታል።
398,You do not belong here.,ይህ የእናንተ ቦታ አይደለም።,hate_speech,የጥላቻ ንግግር,belonging denial,አባልነትን መከልከል,Yes,አዎ አለ,group,ቡድን,high,ከፍተኛ,English-Amharic,Denies membership and belonging.,አባልነትን እና ተሳትፎን ይከለክላል።
399,Every person should be heard.,እያንዳንዱ ሰው መሰማት አለበት።,safe,ጥሩ ንግግር,none,የለም,No,የለም,none,የለም,zero,ዜሮ,English-Amharic,"Affirms dignity, cooperation, and mutual respect.",ክብርን፣ ትብብርን እና መከባበርን ያበረታታል።
400,Different views can still be handled kindly.,የተለያዩ አስተያየቶች በበጎ ሊታዩ ይችላሉ።,safe,ጥሩ ንግግር,none,የለም,No,የለም,none,የለም,zero,ዜሮ,English-Amharic,"Affirms dignity, cooperation, and mutual respect.",ክብርን፣ ትብብርን እና መከባበርን ያበረታታል።
401,People deserve fairness and care.,ሰዎች ፍትሃዊነት እና እንክብካቤ ይገባቸዋል።,safe,ጥሩ ንግግር,none,የለም,No,የለም,none,የለም,zero,ዜሮ,English-Amharic,"Affirms dignity, cooperation, and mutual respect.",ክብርን፣ ትብብርን እና መከባበርን ያበረታታል።
402,They are not real people.,እውነተኛ ሰው አይደሉም።,hate_speech,የጥላቻ ንግግር,dehumanization,ሰብዓዊነትን መንፈግ,Yes,አዎ አለ,group,ቡድን,high,ከፍተኛ,English-Amharic,Strips humanity from the target.,ሰውነትን ይክዳል።
403,Different views can still be handled kindly.,የተለያዩ አስተያየቶች በበጎ ሊታዩ ይችላሉ።,safe,ጥሩ ንግግር,none,የለም,No,የለም,none,የለም,zero,ዜሮ,English-Amharic,"Affirms dignity, cooperation, and mutual respect.",ክብርን፣ ትብብርን እና መከባበርን ያበረታታል።
404,You do not belong in this community.,በዚህ ማህበረሰብ ውስጥ አትገባም።,hate_speech,የጥላቻ ንግግር,belonging denial,አባልነትን መከልከል,Yes,አዎ አለ,group,ቡድን,high,ከፍተኛ,English-Amharic,Denies membership and belonging.,አባልነትን እና ተሳትፎን ይከለክላል።
405,They are a danger to everyone.,እነሱ ለሁሉም ስጋት ናቸው።,hate_speech,የጥላቻ ንግግር,threat,ማስፈራሪያ,Yes,አዎ አለ,group,ቡድን,high,ከፍተኛ,English-Amharic,Frames the target as danger.,እንደ ስጋት ይቀርባል።
406,They threaten our safety.,ደህንነታችንን ይሸብራሉ።,hate_speech,የጥላቻ ንግግር,threat,ማስፈራሪያ,Yes,አዎ አለ,group,ቡድን,high,ከፍተኛ,English-Amharic,Frames the target as danger.,እንደ ስጋት ይቀርባል።
407,You should stay silent.,ዝም በይ።,hate_speech,የጥላቻ ንግግር,silencing,ዝም ማሰኘት,Yes,አዎ አለ,individual,ግለሰብ,low,ዝቅተኛ,English-Amharic,Suppresses participation and recognition.,ተሳትፎን እና እውቅናን ይከልክላል።
408,Their kind always ruins everything.,የእነሱ ዓይነት ሁልጊዜ ሁሉንም ያበላሻል።,hate_speech,የጥላቻ ንግግር,stereotyping,የተዛባ አመለካከት,Yes,አዎ አለ,group,ቡድን,low,ዝቅተኛ,English-Amharic,Uses harmful group stereotype.,ለአንድ ቡድን ያለ የተዛባ አመለካከት።
409,People deserve fairness and care.,ሰዎች ፍትሃዊነት እና እንክብካቤ ይገባቸዋል።,safe,ጥሩ ንግግር,none,የለም,No,የለም,none,የለም,zero,ዜሮ,English-Amharic,"Affirms dignity, cooperation, and mutual respect.",ክብርን፣ ትብብርን እና መከባበርን ያበረታታል።
410,You should be pushed out.,መባረር አለብህ።,hate_speech,የጥላቻ ንግግር,exclusion,ማግለል,Yes,አዎ አለ,group,ቡድን,high,ከፍተኛ,English-Amharic,Pushes removal and rejection.,ማግለልን እና መከልከልን ያበረታታል።
411,You should stay silent.,ዝም በይ።,hate_speech,የጥላቻ ንግግር,silencing,ዝም ማሰኘት,Yes,አዎ አለ,individual,ግለሰብ,low,ዝቅተኛ,English-Amharic,Suppresses participation and recognition.,ተሳትፎን እና እውቅናን ይከልክላል።
412,People like them always cause trouble.,እንደ እነሱ ያሉ ሰዎች ሁልጊዜ ችግር ያመጣሉ።,hate_speech,የጥላቻ ንግግር,stereotyping,የተዛባ አመለካከት,Yes,አዎ አለ,group,ቡድን,low,ዝቅተኛ,English-Amharic,Uses harmful group stereotype.,ለአንድ ቡድን ያለ የተዛባ አመለካከት።
413,We should speak respectfully.,በክብር መናገር አለብን።,safe,ጥሩ ንግግር,none,የለም,No,የለም,none,የለም,zero,ዜሮ,English-Amharic,"Affirms dignity, cooperation, and mutual respect.",ክብርን፣ ትብብርን እና መከባበርን ያበረታታል።
414,They are a danger to everyone.,እነሱ ለሁሉም ስጋት ናቸው።,hate_speech,የጥላቻ ንግግር,threat,ማስፈራሪያ,Yes,አዎ አለ,group,ቡድን,high,ከፍተኛ,English-Amharic,Frames the target as danger.,እንደ ስጋት ይቀርባል።
415,They threaten our safety.,ደህንነታችንን ይሸብራሉ።,hate_speech,የጥላቻ ንግግር,threat,ማስፈራሪያ,Yes,አዎ አለ,group,ቡድን,high,ከፍተኛ,English-Amharic,Frames the target as danger.,እንደ ስጋት ይቀርባል።
416,You should be pushed out.,መባረር አለብህ።,hate_speech,የጥላቻ ንግግር,exclusion,ማግለል,Yes,አዎ አለ,group,ቡድን,high,ከፍተኛ,English-Amharic,Pushes removal and rejection.,ማግለልን እና መከልከልን ያበረታታል።
417,They threaten our safety.,ደህንነታችንን ይሸብራሉ።,hate_speech,የጥላቻ ንግግር,threat,ማስፈራሪያ,Yes,አዎ አለ,group,ቡድን,high,ከፍተኛ,English-Amharic,Frames the target as danger.,እንደ ስጋት ይቀርባል።
418,Let us work for peace.,ለሰላም በጋራ እንስራ።,safe,ጥሩ ንግግር,none,የለም,No,የለም,none,የለም,zero,ዜሮ,English-Amharic,"Affirms dignity, cooperation, and mutual respect.",ክብርን፣ ትብብርን እና መከባበርን ያበረታታል።
419,They threaten our safety.,ደህንነታችንን ይሸብራሉ።,hate_speech,የጥላቻ ንግግር,threat,ማስፈራሪያ,Yes,አዎ አለ,group,ቡድን,high,ከፍተኛ,English-Amharic,Frames the target as danger.,እንደ ስጋት ይቀርባል።
420,They are not fully human.,እነሱ ሙሉ ሰው አይደሉም።,hate_speech,የጥላቻ ንግግር,dehumanization,ሰብዓዊነትን መንፈግ,Yes,አዎ አለ,group,ቡድን,high,ከፍተኛ,English-Amharic,Strips humanity from the target.,ሰውነትን ይክዳል።
421,Their kind always ruins everything.,የእነሱ ዓይነት ሁልጊዜ ሁሉንም ያበላሻል።,hate_speech,የጥላቻ ንግግር,stereotyping,የተዛባ አመለካከት,Yes,አዎ አለ,group,ቡድን,low,ዝቅተኛ,English-Amharic,Uses harmful group stereotype.,ለአንድ ቡድን ያለ የተዛባ አመለካከት።
422,We should fear what they will do.,ምን እንደሚያደርጉ መፍራት አለብን።,hate_speech,የጥላቻ ንግግር,threat,ማስፈራሪያ,Yes,አዎ አለ,group,ቡድን,high,ከፍተኛ,English-Amharic,Frames the target as danger.,እንደ ስጋት ይቀርባል።
423,People deserve fairness and care.,ሰዎች ፍትሃዊነት እና እንክብካቤ ይገባቸዋል።,safe,ጥሩ ንግግር,none,የለም,No,የለም,none,የለም,zero,ዜሮ,English-Amharic,"Affirms dignity, cooperation, and mutual respect.",ክብርን፣ ትብብርን እና መከባበርን ያበረታታል።
424,You have no place among us.,ከእኛ መካከል ቦታ የለህም።,hate_speech,የጥላቻ ንግግር,belonging denial,አባልነትን መከልከል,Yes,አዎ አለ,group,ቡድን,high,ከፍተኛ,English-Amharic,Denies membership and belonging.,አባልነትን እና ተሳትፎን ይከለክላል።
425,Their kind always ruins everything.,የእነሱ ዓይነት ሁልጊዜ ሁሉንም ያበላሻል።,hate_speech,የጥላቻ ንግግር,stereotyping,የተዛባ አመለካከት,Yes,አዎ አለ,group,ቡድን,low,ዝቅተኛ,English-Amharic,Uses harmful group stereotype.,ለአንድ ቡድን ያለ የተዛባ አመለካከት።
426,Respect helps communities grow stronger.,ክብር ማህበረሰቦችን ያጠናክራል።,safe,ጥሩ ንግግር,none,የለም,No,የለም,none,የለም,zero,ዜሮ,English-Amharic,"Affirms dignity, cooperation, and mutual respect.",ክብርን፣ ትብብርን እና መከባበርን ያበረታታል።
427,Respect helps communities grow stronger.,ክብር ማህበረሰቦችን ያጠናክራል።,safe,ጥሩ ንግግር,none,የለም,No,የለም,none,የለም,zero,ዜሮ,English-Amharic,"Affirms dignity, cooperation, and mutual respect.",ክብርን፣ ትብብርን እና መከባበርን ያበረታታል።
428,Everyone has value in this room.,በዚህ ክፍል ያለ ሁሉም ሰው ዋጋ አለው።,safe,ጥሩ ንግግር,none,የለም,No,የለም,none,የለም,zero,ዜሮ,English-Amharic,"Affirms dignity, cooperation, and mutual respect.",ክብርን፣ ትብብርን እና መከባበርን ያበረታታል።
429,We should speak respectfully.,በክብር መናገር አለብን።,safe,ጥሩ ንግግር,none,የለም,No,የለም,none,የለም,zero,ዜሮ,English-Amharic,"Affirms dignity, cooperation, and mutual respect.",ክብርን፣ ትብብርን እና መከባበርን ያበረታታል።
430,Let us work for peace.,ለሰላም በጋራ እንስራ።,safe,ጥሩ ንግግር,none,የለም,No,የለም,none,የለም,zero,ዜሮ,English-Amharic,"Affirms dignity, cooperation, and mutual respect.",ክብርን፣ ትብብርን እና መከባበርን ያበረታታል።
431,You do not belong in this community.,በዚህ ማህበረሰብ ውስጥ አትገባም።,hate_speech,የጥላቻ ንግግር,belonging denial,አባልነትን መከልከል,Yes,አዎ አለ,group,ቡድን,high,ከፍተኛ,English-Amharic,Denies membership and belonging.,አባልነትን እና ተሳትፎን ይከለክላል።
432,Nobody wants to hear you.,ማንም ሊሰማሽ አይፈልግም።,hate_speech,የጥላቻ ንግግር,silencing,ዝም ማሰኘት,Yes,አዎ አለ,individual,ግለሰብ,low,ዝቅተኛ,English-Amharic,Suppresses participation and recognition.,ተሳትፎን እና እውቅናን ይከልክላል።
433,Nobody wants to hear you.,ማንም ሊሰማሽ አይፈልግም።,hate_speech,የጥላቻ ንግግር,silencing,ዝም ማሰኘት,Yes,አዎ አለ,individual,ግለሰብ,low,ዝቅተኛ,English-Amharic,Suppresses participation and recognition.,ተሳትፎን እና እውቅናን ይከልክላል።
434,Your voice does not matter here.,እዚህ ድምፅሽ ዋጋ የለውም።,hate_speech,የጥላቻ ንግግር,silencing,ዝም ማሰኘት,Yes,አዎ አለ,individual,ግለሰብ,low,ዝቅተኛ,English-Amharic,Suppresses participation and recognition.,ተሳትፎን እና እውቅናን ይከልክላል።
435,A fair discussion includes every voice.,ፍትሃዊ ውይይት ሁሉንም ድምፅ ያካትታል።,safe,ጥሩ ንግግር,none,የለም,No,የለም,none,የለም,zero,ዜሮ,English-Amharic,"Affirms dignity, cooperation, and mutual respect.",ክብርን፣ ትብብርን እና መከባበርን ያበረታታል።
436,We should treat people fairly.,ሰዎችን በፍትሃዊነት ማየት አለብን።,safe,ጥሩ ንግግር,none,የለም,No,የለም,none,የለም,zero,ዜሮ,English-Amharic,"Affirms dignity, cooperation, and mutual respect.",ክብርን፣ ትብብርን እና መከባበርን ያበረታታል።
437,A fair discussion includes every voice.,ፍትሃዊ ውይይት ሁሉንም ድምፅ ያካትታል።,safe,ጥሩ ንግግር,none,የለም,No,የለም,none,የለም,zero,ዜሮ,English-Amharic,"Affirms dignity, cooperation, and mutual respect.",ክብርን፣ ትብብርን እና መከባበርን ያበረታታል።
438,We should listen before judging.,ከመፍረድ በፊት ማዳመጥ አለብን።,safe,ጥሩ ንግግር,none,የለም,No,የለም,none,የለም,zero,ዜሮ,English-Amharic,"Affirms dignity, cooperation, and mutual respect.",ክብርን፣ ትብብርን እና መከባበርን ያበረታታል።
439,You have no place among us.,ከእኛ መካከል ቦታ የለህም።,hate_speech,የጥላቻ ንግግር,belonging denial,አባልነትን መከልከል,Yes,አዎ አለ,group,ቡድን,high,ከፍተኛ,English-Amharic,Denies membership and belonging.,አባልነትን እና ተሳትፎን ይከለክላል።
440,Everyone has value in this room.,በዚህ ክፍል ያለ ሁሉም ሰው ዋጋ አለው።,safe,ጥሩ ንግግር,none,የለም,No,የለም,none,የለም,zero,ዜሮ,English-Amharic,"Affirms dignity, cooperation, and mutual respect.",ክብርን፣ ትብብርን እና መከባበርን ያበረታታል።
441,We should speak respectfully.,በክብር መናገር አለብን።,safe,ጥሩ ንግግር,none,የለም,No,የለም,none,የለም,zero,ዜሮ,English-Amharic,"Affirms dignity, cooperation, and mutual respect.",ክብርን፣ ትብብርን እና መከባበርን ያበረታታል።
442,Nobody wants to hear you.,ማንም ሊሰማሽ አይፈልግም።,hate_speech,የጥላቻ ንግግር,silencing,ዝም ማሰኘት,Yes,አዎ አለ,individual,ግለሰብ,low,ዝቅተኛ,English-Amharic,Suppresses participation and recognition.,ተሳትፎን እና እውቅናን ይከልክላል።
443,We should speak respectfully.,በክብር መናገር አለብን።,safe,ጥሩ ንግግር,none,የለም,No,የለም,none,የለም,zero,ዜሮ,English-Amharic,"Affirms dignity, cooperation, and mutual respect.",ክብርን፣ ትብብርን እና መከባበርን ያበረታታል።
444,You should be pushed out.,መባረር አለብህ።,hate_speech,የጥላቻ ንግግር,exclusion,ማግለል,Yes,አዎ አለ,group,ቡድን,high,ከፍተኛ,English-Amharic,Pushes removal and rejection.,ማግለልን እና መከልከልን ያበረታታል።
445,They are a danger to everyone.,እነሱ ለሁሉም ስጋት ናቸው።,hate_speech,የጥላቻ ንግግር,threat,ማስፈራሪያ,Yes,አዎ አለ,group,ቡድን,high,ከፍተኛ,English-Amharic,Frames the target as danger.,እንደ ስጋት ይቀርባል።
446,We should fear what they will do.,ምን እንደሚያደርጉ መፍራት አለብን።,hate_speech,የጥላቻ ንግግር,threat,ማስፈራሪያ,Yes,አዎ አለ,group,ቡድን,high,ከፍተኛ,English-Amharic,Frames the target as danger.,እንደ ስጋት ይቀርባል።
447,Let us find a solution that works for everyone.,ለሁሉም የሚሰራ መፍትሄ እንፈልግ።,safe,ጥሩ ንግግር,none,የለም,No,የለም,none,የለም,zero,ዜሮ,English-Amharic,"Affirms dignity, cooperation, and mutual respect.",ክብርን፣ ትብብርን እና መከባበርን ያበረታታል።
448,We should correct mistakes without humiliation.,ሰዎችን ሳናዋርድ ስህተትን ማስተካከል አለብን።,safe,ጥሩ ንግግር,none,የለም,No,የለም,none,የለም,zero,ዜሮ,English-Amharic,"Affirms dignity, cooperation, and mutual respect.",ክብርን፣ ትብብርን እና መከባበርን ያበረታታል።
449,Everyone deserves dignity.,ሁሉም ሰው ክብር ይገባዋል።,safe,ጥሩ ንግግር,none,የለም,No,የለም,none,የለም,zero,ዜሮ,English-Amharic,"Affirms dignity, cooperation, and mutual respect.",ክብርን፣ ትብብርን እና መከባበርን ያበረታታል።
450,We should treat people fairly.,ሰዎችን በፍትሃዊነት ማየት አለብን።,safe,ጥሩ ንግግር,none,የለም,No,የለም,none,የለም,zero,ዜሮ,English-Amharic,"Affirms dignity, cooperation, and mutual respect.",ክብርን፣ ትብብርን እና መከባበርን ያበረታታል።
451,Get out of our space.,ከቦታችን ውጣ።,hate_speech,የጥላቻ ንግግር,exclusion,ማግለል,Yes,አዎ አለ,group,ቡድን,high,ከፍተኛ,English-Amharic,Pushes removal and rejection.,ማግለልን እና መከልከልን ያበረታታል።
452,Your voice does not matter here.,እዚህ ድምፅሽ ዋጋ የለውም።,hate_speech,የጥላቻ ንግግር,silencing,ዝም ማሰኘት,Yes,አዎ አለ,individual,ግለሰብ,low,ዝቅተኛ,English-Amharic,Suppresses participation and recognition.,ተሳትፎን እና እውቅናን ይከልክላል።
453,Their kind always ruins everything.,የእነሱ ዓይነት ሁልጊዜ ሁሉንም ያበላሻል።,hate_speech,የጥላቻ ንግግር,stereotyping,የተዛባ አመለካከት,Yes,አዎ አለ,group,ቡድን,low,ዝቅተኛ,English-Amharic,Uses harmful group stereotype.,ለአንድ ቡድን ያለ የተዛባ አመለካከት።
454,A fair discussion includes every voice.,ፍትሃዊ ውይይት ሁሉንም ድምፅ ያካትታል።,safe,ጥሩ ንግግር,none,የለም,No,የለም,none,የለም,zero,ዜሮ,English-Amharic,"Affirms dignity, cooperation, and mutual respect.",ክብርን፣ ትብብርን እና መከባበርን ያበረታታል።
455,We should speak respectfully.,በክብር መናገር አለብን።,safe,ጥሩ ንግግር,none,የለም,No,የለም,none,የለም,zero,ዜሮ,English-Amharic,"Affirms dignity, cooperation, and mutual respect.",ክብርን፣ ትብብርን እና መከባበርን ያበረታታል።
456,Respect helps communities grow stronger.,ክብር ማህበረሰቦችን ያጠናክራል።,safe,ጥሩ ንግግር,none,የለም,No,የለም,none,የለም,zero,ዜሮ,English-Amharic,"Affirms dignity, cooperation, and mutual respect.",ክብርን፣ ትብብርን እና መከባበርን ያበረታታል።
457,We can disagree without hate.,ባንስማማም አለመጣላት እንችላለን።,safe,ጥሩ ንግግር,none,የለም,No,የለም,none,የለም,zero,ዜሮ,English-Amharic,"Affirms dignity, cooperation, and mutual respect.",ክብርን፣ ትብብርን እና መከባበርን ያበረታታል።
458,Your voice does not matter here.,እዚህ ድምፅሽ ዋጋ የለውም።,hate_speech,የጥላቻ ንግግር,silencing,ዝም ማሰኘት,Yes,አዎ አለ,individual,ግለሰብ,low,ዝቅተኛ,English-Amharic,Suppresses participation and recognition.,ተሳትፎን እና እውቅናን ይከልክላል።
459,Nobody wants to hear you.,ማንም ሊሰማሽ አይፈልግም።,hate_speech,የጥላቻ ንግግር,silencing,ዝም ማሰኘት,Yes,አዎ አለ,individual,ግለሰብ,low,ዝቅተኛ,English-Amharic,Suppresses participation and recognition.,ተሳትፎን እና እውቅናን ይከልክላል።
460,You do not belong here.,ይህ የእናንተ ቦታ አይደለም።,hate_speech,የጥላቻ ንግግር,belonging denial,አባልነትን መከልከል,Yes,አዎ አለ,group,ቡድን,high,ከፍተኛ,English-Amharic,Denies membership and belonging.,አባልነትን እና ተሳትፎን ይከለክላል።
461,You have no place among us.,ከእኛ መካከል ቦታ የለህም።,hate_speech,የጥላቻ ንግግር,belonging denial,አባልነትን መከልከል,Yes,አዎ አለ,group,ቡድን,high,ከፍተኛ,English-Amharic,Denies membership and belonging.,አባልነትን እና ተሳትፎን ይከለክላል።
462,We can disagree without hate.,ባንስማማም አለመጣላት እንችላለን።,safe,ጥሩ ንግግር,none,የለም,No,የለም,none,የለም,zero,ዜሮ,English-Amharic,"Affirms dignity, cooperation, and mutual respect.",ክብርን፣ ትብብርን እና መከባበርን ያበረታታል።
463,That group is always the problem.,ያ ቡድን ሁልጊዜ ችግር ነው።,hate_speech,የጥላቻ ንግግር,stereotyping,የተዛባ አመለካከት,Yes,አዎ አለ,group,ቡድን,low,ዝቅተኛ,English-Amharic,Uses harmful group stereotype.,ለአንድ ቡድን ያለ የተዛባ አመለካከት።
464,Different views can still be handled kindly.,የተለያዩ አስተያየቶች በበጎ ሊታዩ ይችላሉ።,safe,ጥሩ ንግግር,none,የለም,No,የለም,none,የለም,zero,ዜሮ,English-Amharic,"Affirms dignity, cooperation, and mutual respect.",ክብርን፣ ትብብርን እና መከባበርን ያበረታታል።
465,You should stay silent.,ዝም በይ።,hate_speech,የጥላቻ ንግግር,silencing,ዝም ማሰኘት,Yes,አዎ አለ,individual,ግለሰብ,low,ዝቅተኛ,English-Amharic,Suppresses participation and recognition.,ተሳትፎን እና እውቅናን ይከልክላል።
466,We can solve this together.,ይህን በጋራ መፍታት እንችላለን።,safe,ጥሩ ንግግር,none,የለም,No,የለም,none,የለም,zero,ዜሮ,English-Amharic,"Affirms dignity, cooperation, and mutual respect.",ክብርን፣ ትብብርን እና መከባበርን ያበረታታል።
467,Their kind always ruins everything.,የእነሱ ዓይነት ሁልጊዜ ሁሉንም ያበላሻል።,hate_speech,የጥላቻ ንግግር,stereotyping,የተዛባ አመለካከት,Yes,አዎ አለ,group,ቡድን,low,ዝቅተኛ,English-Amharic,Uses harmful group stereotype.,ለአንድ ቡድን ያለ የተዛባ አመለካከት።
468,We can disagree without hate.,ባንስማማም አለመጣላት እንችላለን።,safe,ጥሩ ንግግር,none,የለም,No,የለም,none,የለም,zero,ዜሮ,English-Amharic,"Affirms dignity, cooperation, and mutual respect.",ክብርን፣ ትብብርን እና መከባበርን ያበረታታል።
469,You have no place among us.,ከእኛ መካከል ቦታ የለህም።,hate_speech,የጥላቻ ንግግር,belonging denial,አባልነትን መከልከል,Yes,አዎ አለ,group,ቡድን,high,ከፍተኛ,English-Amharic,Denies membership and belonging.,አባልነትን እና ተሳትፎን ይከለክላል።
470,People like them always cause trouble.,እንደ እነሱ ያሉ ሰዎች ሁልጊዜ ችግር ያመጣሉ።,hate_speech,የጥላቻ ንግግር,stereotyping,የተዛባ አመለካከት,Yes,አዎ አለ,group,ቡድን,low,ዝቅተኛ,English-Amharic,Uses harmful group stereotype.,ለአንድ ቡድን ያለ የተዛባ አመለካከት።
471,We should treat people fairly.,ሰዎችን በፍትሃዊነት ማየት አለብን።,safe,ጥሩ ንግግር,none,የለም,No,የለም,none,የለም,zero,ዜሮ,English-Amharic,"Affirms dignity, cooperation, and mutual respect.",ክብርን፣ ትብብርን እና መከባበርን ያበረታታል።
472,Everyone deserves dignity.,ሁሉም ሰው ክብር ይገባዋል።,safe,ጥሩ ንግግር,none,የለም,No,የለም,none,የለም,zero,ዜሮ,English-Amharic,"Affirms dignity, cooperation, and mutual respect.",ክብርን፣ ትብብርን እና መከባበርን ያበረታታል።
473,We can disagree without hate.,ባንስማማም አለመጣላት እንችላለን።,safe,ጥሩ ንግግር,none,የለም,No,የለም,none,የለም,zero,ዜሮ,English-Amharic,"Affirms dignity, cooperation, and mutual respect.",ክብርን፣ ትብብርን እና መከባበርን ያበረታታል።
474,Leave our community now.,ከማህበረሰባችን አሁን ውጣ።,hate_speech,የጥላቻ ንግግር,exclusion,ማግለል,Yes,አዎ አለ,group,ቡድን,high,ከፍተኛ,English-Amharic,Pushes removal and rejection.,ማግለልን እና መከልከልን ያበረታታል።
475,You have no place among us.,ከእኛ መካከል ቦታ የለህም።,hate_speech,የጥላቻ ንግግር,belonging denial,አባልነትን መከልከል,Yes,አዎ አለ,group,ቡድን,high,ከፍተኛ,English-Amharic,Denies membership and belonging.,አባልነትን እና ተሳትፎን ይከለክላል።
476,We can solve this together.,ይህን በጋራ መፍታት እንችላለን።,safe,ጥሩ ንግግር,none,የለም,No,የለም,none,የለም,zero,ዜሮ,English-Amharic,"Affirms dignity, cooperation, and mutual respect.",ክብርን፣ ትብብርን እና መከባበርን ያበረታታል።
477,Get out of our space.,ከቦታችን ውጣ።,hate_speech,የጥላቻ ንግግር,exclusion,ማግለል,Yes,አዎ አለ,group,ቡድን,high,ከፍተኛ,English-Amharic,Pushes removal and rejection.,ማግለልን እና መከልከልን ያበረታታል።
478,You do not belong in this community.,በዚህ ማህበረሰብ ውስጥ አትገባም።,hate_speech,የጥላቻ ንግግር,belonging denial,አባልነትን መከልከል,Yes,አዎ አለ,group,ቡድን,high,ከፍተኛ,English-Amharic,Denies membership and belonging.,አባልነትን እና ተሳትፎን ይከለክላል።
479,You have no place among us.,ከእኛ መካከል ቦታ የለህም።,hate_speech,የጥላቻ ንግግር,belonging denial,አባልነትን መከልከል,Yes,አዎ አለ,group,ቡድን,high,ከፍተኛ,English-Amharic,Denies membership and belonging.,አባልነትን እና ተሳትፎን ይከለክላል።
480,Leave our community now.,ከማህበረሰባችን አሁን ውጣ።,hate_speech,የጥላቻ ንግግር,exclusion,ማግለል,Yes,አዎ አለ,group,ቡድን,high,ከፍተኛ,English-Amharic,Pushes removal and rejection.,ማግለልን እና መከልከልን ያበረታታል።
481,You should stay silent.,ዝም በይ።,hate_speech,የጥላቻ ንግግር,silencing,ዝም ማሰኘት,Yes,አዎ አለ,individual,ግለሰብ,low,ዝቅተኛ,English-Amharic,Suppresses participation and recognition.,ተሳትፎን እና እውቅናን ይከልክላል።
482,We should treat people fairly.,ሰዎችን በፍትሃዊነት ማየት አለብን።,safe,ጥሩ ንግግር,none,የለም,No,የለም,none,የለም,zero,ዜሮ,English-Amharic,"Affirms dignity, cooperation, and mutual respect.",ክብርን፣ ትብብርን እና መከባበርን ያበረታታል።
483,Respect helps communities grow stronger.,ክብር ማህበረሰቦችን ያጠናክራል።,safe,ጥሩ ንግግር,none,የለም,No,የለም,none,የለም,zero,ዜሮ,English-Amharic,"Affirms dignity, cooperation, and mutual respect.",ክብርን፣ ትብብርን እና መከባበርን ያበረታታል።
484,Your voice does not matter here.,እዚህ ድምፅሽ ዋጋ የለውም።,hate_speech,የጥላቻ ንግግር,silencing,ዝም ማሰኘት,Yes,አዎ አለ,individual,ግለሰብ,low,ዝቅተኛ,English-Amharic,Suppresses participation and recognition.,ተሳትፎን እና እውቅናን ይከልክላል።
485,Everyone has value in this room.,በዚህ ክፍል ያለ ሁሉም ሰው ዋጋ አለው።,safe,ጥሩ ንግግር,none,የለም,No,የለም,none,የለም,zero,ዜሮ,English-Amharic,"Affirms dignity, cooperation, and mutual respect.",ክብርን፣ ትብብርን እና መከባበርን ያበረታታል።
486,You do not belong here.,ይህ የእናንተ ቦታ አይደለም።,hate_speech,የጥላቻ ንግግር,belonging denial,አባልነትን መከልከል,Yes,አዎ አለ,group,ቡድን,high,ከፍተኛ,English-Amharic,Denies membership and belonging.,አባልነትን እና ተሳትፎን ይከለክላል።
487,They are a danger to everyone.,እነሱ ለሁሉም ስጋት ናቸው።,hate_speech,የጥላቻ ንግግር,threat,ማስፈራሪያ,Yes,አዎ አለ,group,ቡድን,high,ከፍተኛ,English-Amharic,Frames the target as danger.,እንደ ስጋት ይቀርባል።
488,A fair discussion includes every voice.,ፍትሃዊ ውይይት ሁሉንም ድምፅ ያካትታል።,safe,ጥሩ ንግግር,none,የለም,No,የለም,none,የለም,zero,ዜሮ,English-Amharic,"Affirms dignity, cooperation, and mutual respect.",ክብርን፣ ትብብርን እና መከባበርን ያበረታታል።
489,We can solve this together.,ይህን በጋራ መፍታት እንችላለን።,safe,ጥሩ ንግግር,none,የለም,No,የለም,none,የለም,zero,ዜሮ,English-Amharic,"Affirms dignity, cooperation, and mutual respect.",ክብርን፣ ትብብርን እና መከባበርን ያበረታታል።
490,Different views can still be handled kindly.,የተለያዩ አስተያየቶች በበጎ ሊታዩ ይችላሉ።,safe,ጥሩ ንግግር,none,የለም,No,የለም,none,የለም,zero,ዜሮ,English-Amharic,"Affirms dignity, cooperation, and mutual respect.",ክብርን፣ ትብብርን እና መከባበርን ያበረታታል።
491,We should treat people fairly.,ሰዎችን በፍትሃዊነት ማየት አለብን።,safe,ጥሩ ንግግር,none,የለም,No,የለም,none,የለም,zero,ዜሮ,English-Amharic,"Affirms dignity, cooperation, and mutual respect.",ክብርን፣ ትብብርን እና መከባበርን ያበረታታል።
492,Nobody wants to hear you.,ማንም ሊሰማሽ አይፈልግም።,hate_speech,የጥላቻ ንግግር,silencing,ዝም ማሰኘት,Yes,አዎ አለ,individual,ግለሰብ,low,ዝቅተኛ,English-Amharic,Suppresses participation and recognition.,ተሳትፎን እና እውቅናን ይከልክላል።
493,People deserve fairness and care.,ሰዎች ፍትሃዊነት እና እንክብካቤ ይገባቸዋል።,safe,ጥሩ ንግግር,none,የለም,No,የለም,none,የለም,zero,ዜሮ,English-Amharic,"Affirms dignity, cooperation, and mutual respect.",ክብርን፣ ትብብርን እና መከባበርን ያበረታታል።
494,You do not belong in this community.,በዚህ ማህበረሰብ ውስጥ አትገባም።,hate_speech,የጥላቻ ንግግር,belonging denial,አባልነትን መከልከል,Yes,አዎ አለ,group,ቡድን,high,ከፍተኛ,English-Amharic,Denies membership and belonging.,አባልነትን እና ተሳትፎን ይከለክላል።
495,Nobody wants to hear you.,ማንም ሊሰማሽ አይፈልግም።,hate_speech,የጥላቻ ንግግር,silencing,ዝም ማሰኘት,Yes,አዎ አለ,individual,ግለሰብ,low,ዝቅተኛ,English-Amharic,Suppresses participation and recognition.,ተሳትፎን እና እውቅናን ይከልክላል።
496,Leave our community now.,ከማህበረሰባችን አሁን ውጣ።,hate_speech,የጥላቻ ንግግር,exclusion,ማግለል,Yes,አዎ አለ,group,ቡድን,high,ከፍተኛ,English-Amharic,Pushes removal and rejection.,ማግለልን እና መከልከልን ያበረታታል።
497,Different views can still be handled kindly.,የተለያዩ አስተያየቶች በበጎ ሊታዩ ይችላሉ።,safe,ጥሩ ንግግር,none,የለም,No,የለም,none,የለም,zero,ዜሮ,English-Amharic,"Affirms dignity, cooperation, and mutual respect.",ክብርን፣ ትብብርን እና መከባበርን ያበረታታል።
498,We can solve this together.,ይህን በጋራ መፍታት እንችላለን።,safe,ጥሩ ንግግር,none,የለም,No,የለም,none,የለም,zero,ዜሮ,English-Amharic,"Affirms dignity, cooperation, and mutual respect.",ክብርን፣ ትብብርን እና መከባበርን ያበረታታል።
499,People deserve fairness and care.,ሰዎች ፍትሃዊነት እና እንክብካቤ ይገባቸዋል።,safe,ጥሩ ንግግር,none,የለም,No,የለም,none,የለም,zero,ዜሮ,English-Amharic,"Affirms dignity, cooperation, and mutual respect.",ክብርን፣ ትብብርን እና መከባበርን ያበረታታል።
500,You do not belong in this community.,በዚህ ማህበረሰብ ውስጥ አትገባም።,hate_speech,የጥላቻ ንግግር,belonging denial,አባልነትን መከልከል,Yes,አዎ አለ,group,ቡድን,high,ከፍተኛ,English-Amharic,Denies membership and belonging.,አባልነትን እና ተሳትፎን ይከለክላል።
501,We should fear what they will do.,ምን እንደሚያደርጉ መፍራት አለብን።,hate_speech,የጥላቻ ንግግር,threat,ማስፈራሪያ,Yes,አዎ አለ,group,ቡድን,high,ከፍተኛ,English-Amharic,Frames the target as danger.,እንደ ስጋት ይቀርባል።
502,A fair discussion includes every voice.,ፍትሃዊ ውይይት ሁሉንም ድምፅ ያካትታል።,safe,ጥሩ ንግግር,none,የለም,No,የለም,none,የለም,zero,ዜሮ,English-Amharic,"Affirms dignity, cooperation, and mutual respect.",ክብርን፣ ትብብርን እና መከባበርን ያበረታታል።
503,You should stay silent.,ዝም በይ።,hate_speech,የጥላቻ ንግግር,silencing,ዝም ማሰኘት,Yes,አዎ አለ,individual,ግለሰብ,low,ዝቅተኛ,English-Amharic,Suppresses participation and recognition.,ተሳትፎን እና እውቅናን ይከልክላል።
504,People like them always cause trouble.,እንደ እነሱ ያሉ ሰዎች ሁልጊዜ ችግር ያመጣሉ።,hate_speech,የጥላቻ ንግግር,stereotyping,የተዛባ አመለካከት,Yes,አዎ አለ,group,ቡድን,low,ዝቅተኛ,English-Amharic,Uses harmful group stereotype.,ለአንድ ቡድን ያለ የተዛባ አመለካከት።
505,People like them always cause trouble.,እንደ እነሱ ያሉ ሰዎች ሁልጊዜ ችግር ያመጣሉ።,hate_speech,የጥላቻ ንግግር,stereotyping,የተዛባ አመለካከት,Yes,አዎ አለ,group,ቡድን,low,ዝቅተኛ,English-Amharic,Uses harmful group stereotype.,ለአንድ ቡድን ያለ የተዛባ አመለካከት።
506,A fair discussion includes every voice.,ፍትሃዊ ውይይት ሁሉንም ድምፅ ያካትታል።,safe,ጥሩ ንግግር,none,የለም,No,የለም,none,የለም,zero,ዜሮ,English-Amharic,"Affirms dignity, cooperation, and mutual respect.",ክብርን፣ ትብብርን እና መከባበርን ያበረታታል።
507,Their kind always ruins everything.,የእነሱ ዓይነት ሁልጊዜ ሁሉንም ያበላሻል።,hate_speech,የጥላቻ ንግግር,stereotyping,የተዛባ አመለካከት,Yes,አዎ አለ,group,ቡድን,low,ዝቅተኛ,English-Amharic,Uses harmful group stereotype.,ለአንድ ቡድን ያለ የተዛባ አመለካከት።
508,Leave our community now.,ከማህበረሰባችን አሁን ውጣ።,hate_speech,የጥላቻ ንግግር,exclusion,ማግለል,Yes,አዎ አለ,group,ቡድን,high,ከፍተኛ,English-Amharic,Pushes removal and rejection.,ማግለልን እና መከልከልን ያበረታታል።
509,We should correct mistakes without humiliation.,ሰዎችን ሳናዋርድ ስህተትን ማስተካከል አለብን።,safe,ጥሩ ንግግር,none,የለም,No,የለም,none,የለም,zero,ዜሮ,English-Amharic,"Affirms dignity, cooperation, and mutual respect.",ክብርን፣ ትብብርን እና መከባበርን ያበረታታል።
510,We can solve this together.,ይህን በጋራ መፍታት እንችላለን።,safe,ጥሩ ንግግር,none,የለም,No,የለም,none,የለም,zero,ዜሮ,English-Amharic,"Affirms dignity, cooperation, and mutual respect.",ክብርን፣ ትብብርን እና መከባበርን ያበረታታል።
511,They are not fully human.,እነሱ ሙሉ ሰው አይደሉም።,hate_speech,የጥላቻ ንግግር,dehumanization,ሰብዓዊነትን መንፈግ,Yes,አዎ አለ,group,ቡድን,high,ከፍተኛ,English-Amharic,Strips humanity from the target.,ሰውነትን ይክዳል።
512,Let us work for peace.,ለሰላም በጋራ እንስራ።,safe,ጥሩ ንግግር,none,የለም,No,የለም,none,የለም,zero,ዜሮ,English-Amharic,"Affirms dignity, cooperation, and mutual respect.",ክብርን፣ ትብብርን እና መከባበርን ያበረታታል።
513,We can disagree without hate.,ባንስማማም አለመጣላት እንችላለን።,safe,ጥሩ ንግግር,none,የለም,No,የለም,none,የለም,zero,ዜሮ,English-Amharic,"Affirms dignity, cooperation, and mutual respect.",ክብርን፣ ትብብርን እና መከባበርን ያበረታታል።
514,We can disagree without hate.,ባንስማማም አለመጣላት እንችላለን።,safe,ጥሩ ንግግር,none,የለም,No,የለም,none,የለም,zero,ዜሮ,English-Amharic,"Affirms dignity, cooperation, and mutual respect.",ክብርን፣ ትብብርን እና መከባበርን ያበረታታል።
515,You should stay silent.,ዝም በይ።,hate_speech,የጥላቻ ንግግር,silencing,ዝም ማሰኘት,Yes,አዎ አለ,individual,ግለሰብ,low,ዝቅተኛ,English-Amharic,Suppresses participation and recognition.,ተሳትፎን እና እውቅናን ይከልክላል።
516,They are not real people.,እውነተኛ ሰው አይደሉም።,hate_speech,የጥላቻ ንግግር,dehumanization,ሰብዓዊነትን መንፈግ,Yes,አዎ አለ,group,ቡድን,high,ከፍተኛ,English-Amharic,Strips humanity from the target.,ሰውነትን ይክዳል።
517,Everyone has value in this room.,በዚህ ክፍል ያለ ሁሉም ሰው ዋጋ አለው።,safe,ጥሩ ንግግር,none,የለም,No,የለም,none,የለም,zero,ዜሮ,English-Amharic,"Affirms dignity, cooperation, and mutual respect.",ክብርን፣ ትብብርን እና መከባበርን ያበረታታል።
518,We should fear what they will do.,ምን እንደሚያደርጉ መፍራት አለብን።,hate_speech,የጥላቻ ንግግር,threat,ማስፈራሪያ,Yes,አዎ አለ,group,ቡድን,high,ከፍተኛ,English-Amharic,Frames the target as danger.,እንደ ስጋት ይቀርባል።
519,They are less than human.,ከሰው በታች ናቸው።,hate_speech,የጥላቻ ንግግር,dehumanization,ሰብዓዊነትን መንፈግ,Yes,አዎ አለ,group,ቡድን,high,ከፍተኛ,English-Amharic,Strips humanity from the target.,ሰውነትን ይክዳል።
520,That group is always the problem.,ያ ቡድን ሁልጊዜ ችግር ነው።,hate_speech,የጥላቻ ንግግር,stereotyping,የተዛባ አመለካከት,Yes,አዎ አለ,group,ቡድን,low,ዝቅተኛ,English-Amharic,Uses harmful group stereotype.,ለአንድ ቡድን ያለ የተዛባ አመለካከት።
521,We can solve this together.,ይህን በጋራ መፍታት እንችላለን።,safe,ጥሩ ንግግር,none,የለም,No,የለም,none,የለም,zero,ዜሮ,English-Amharic,"Affirms dignity, cooperation, and mutual respect.",ክብርን፣ ትብብርን እና መከባበርን ያበረታታል።
522,That group is always the problem.,ያ ቡድን ሁልጊዜ ችግር ነው።,hate_speech,የጥላቻ ንግግር,stereotyping,የተዛባ አመለካከት,Yes,አዎ አለ,group,ቡድን,low,ዝቅተኛ,English-Amharic,Uses harmful group stereotype.,ለአንድ ቡድን ያለ የተዛባ አመለካከት።
523,Everyone has value in this room.,በዚህ ክፍል ያለ ሁሉም ሰው ዋጋ አለው።,safe,ጥሩ ንግግር,none,የለም,No,የለም,none,የለም,zero,ዜሮ,English-Amharic,"Affirms dignity, cooperation, and mutual respect.",ክብርን፣ ትብብርን እና መከባበርን ያበረታታል።
524,Let us find a solution that works for everyone.,ለሁሉም የሚሰራ መፍትሄ እንፈልግ።,safe,ጥሩ ንግግር,none,የለም,No,የለም,none,የለም,zero,ዜሮ,English-Amharic,"Affirms dignity, cooperation, and mutual respect.",ክብርን፣ ትብብርን እና መከባበርን ያበረታታል።
525,We should treat people fairly.,ሰዎችን በፍትሃዊነት ማየት አለብን።,safe,ጥሩ ንግግር,none,የለም,No,የለም,none,የለም,zero,ዜሮ,English-Amharic,"Affirms dignity, cooperation, and mutual respect.",ክብርን፣ ትብብርን እና መከባበርን ያበረታታል።
526,People like them always cause trouble.,እንደ እነሱ ያሉ ሰዎች ሁልጊዜ ችግር ያመጣሉ።,hate_speech,የጥላቻ ንግግር,stereotyping,የተዛባ አመለካከት,Yes,አዎ አለ,group,ቡድን,low,ዝቅተኛ,English-Amharic,Uses harmful group stereotype.,ለአንድ ቡድን ያለ የተዛባ አመለካከት።
527,You should stay silent.,ዝም በይ።,hate_speech,የጥላቻ ንግግር,silencing,ዝም ማሰኘት,Yes,አዎ አለ,individual,ግለሰብ,low,ዝቅተኛ,English-Amharic,Suppresses participation and recognition.,ተሳትፎን እና እውቅናን ይከልክላል።
528,We should treat people fairly.,ሰዎችን በፍትሃዊነት ማየት አለብን።,safe,ጥሩ ንግግር,none,የለም,No,የለም,none,የለም,zero,ዜሮ,English-Amharic,"Affirms dignity, cooperation, and mutual respect.",ክብርን፣ ትብብርን እና መከባበርን ያበረታታል።
529,You do not belong here.,ይህ የእናንተ ቦታ አይደለም።,hate_speech,የጥላቻ ንግግር,belonging denial,አባልነትን መከልከል,Yes,አዎ አለ,group,ቡድን,high,ከፍተኛ,English-Amharic,Denies membership and belonging.,አባልነትን እና ተሳትፎን ይከለክላል።
530,They are not real people.,እውነተኛ ሰው አይደሉም።,hate_speech,የጥላቻ ንግግር,dehumanization,ሰብዓዊነትን መንፈግ,Yes,አዎ አለ,group,ቡድን,high,ከፍተኛ,English-Amharic,Strips humanity from the target.,ሰውነትን ይክዳል።
531,They are less than human.,ከሰው በታች ናቸው።,hate_speech,የጥላቻ ንግግር,dehumanization,ሰብዓዊነትን መንፈግ,Yes,አዎ አለ,group,ቡድን,high,ከፍተኛ,English-Amharic,Strips humanity from the target.,ሰውነትን ይክዳል።
532,We can disagree without hate.,ባንስማማም አለመጣላት እንችላለን።,safe,ጥሩ ንግግር,none,የለም,No,የለም,none,የለም,zero,ዜሮ,English-Amharic,"Affirms dignity, cooperation, and mutual respect.",ክብርን፣ ትብብርን እና መከባበርን ያበረታታል።
533,You have no place among us.,ከእኛ መካከል ቦታ የለህም።,hate_speech,የጥላቻ ንግግር,belonging denial,አባልነትን መከልከል,Yes,አዎ አለ,group,ቡድን,high,ከፍተኛ,English-Amharic,Denies membership and belonging.,አባልነትን እና ተሳትፎን ይከለክላል።
534,We should speak respectfully.,በክብር መናገር አለብን።,safe,ጥሩ ንግግር,none,የለም,No,የለም,none,የለም,zero,ዜሮ,English-Amharic,"Affirms dignity, cooperation, and mutual respect.",ክብርን፣ ትብብርን እና መከባበርን ያበረታታል።
535,We should treat people fairly.,ሰዎችን በፍትሃዊነት ማየት አለብን።,safe,ጥሩ ንግግር,none,የለም,No,የለም,none,የለም,zero,ዜሮ,English-Amharic,"Affirms dignity, cooperation, and mutual respect.",ክብርን፣ ትብብርን እና መከባበርን ያበረታታል።
536,We should correct mistakes without humiliation.,ሰዎችን ሳናዋርድ ስህተትን ማስተካከል አለብን።,safe,ጥሩ ንግግር,none,የለም,No,የለም,none,የለም,zero,ዜሮ,English-Amharic,"Affirms dignity, cooperation, and mutual respect.",ክብርን፣ ትብብርን እና መከባበርን ያበረታታል።
537,We should correct mistakes without humiliation.,ሰዎችን ሳናዋርድ ስህተትን ማስተካከል አለብን።,safe,ጥሩ ንግግር,none,የለም,No,የለም,none,የለም,zero,ዜሮ,English-Amharic,"Affirms dignity, cooperation, and mutual respect.",ክብርን፣ ትብብርን እና መከባበርን ያበረታታል።
538,You do not belong in this community.,በዚህ ማህበረሰብ ውስጥ አትገባም።,hate_speech,የጥላቻ ንግግር,belonging denial,አባልነትን መከልከል,Yes,አዎ አለ,group,ቡድን,high,ከፍተኛ,English-Amharic,Denies membership and belonging.,አባልነትን እና ተሳትፎን ይከለክላል።
539,They are less than human.,ከሰው በታች ናቸው።,hate_speech,የጥላቻ ንግግር,dehumanization,ሰብዓዊነትን መንፈግ,Yes,አዎ አለ,group,ቡድን,high,ከፍተኛ,English-Amharic,Strips humanity from the target.,ሰውነትን ይክዳል።
540,Different views can still be handled kindly.,የተለያዩ አስተያየቶች በበጎ ሊታዩ ይችላሉ።,safe,ጥሩ ንግግር,none,የለም,No,የለም,none,የለም,zero,ዜሮ,English-Amharic,"Affirms dignity, cooperation, and mutual respect.",ክብርን፣ ትብብርን እና መከባበርን ያበረታታል።
541,We can disagree without hate.,ባንስማማም አለመጣላት እንችላለን።,safe,ጥሩ ንግግር,none,የለም,No,የለም,none,የለም,zero,ዜሮ,English-Amharic,"Affirms dignity, cooperation, and mutual respect.",ክብርን፣ ትብብርን እና መከባበርን ያበረታታል።
542,A fair discussion includes every voice.,ፍትሃዊ ውይይት ሁሉንም ድምፅ ያካትታል።,safe,ጥሩ ንግግር,none,የለም,No,የለም,none,የለም,zero,ዜሮ,English-Amharic,"Affirms dignity, cooperation, and mutual respect.",ክብርን፣ ትብብርን እና መከባበርን ያበረታታል።
543,Nobody wants to hear you.,ማንም ሊሰማሽ አይፈልግም።,hate_speech,የጥላቻ ንግግር,silencing,ዝም ማሰኘት,Yes,አዎ አለ,individual,ግለሰብ,low,ዝቅተኛ,English-Amharic,Suppresses participation and recognition.,ተሳትፎን እና እውቅናን ይከልክላል።
544,Every person should be heard.,እያንዳንዱ ሰው መሰማት አለበት።,safe,ጥሩ ንግግር,none,የለም,No,የለም,none,የለም,zero,ዜሮ,English-Amharic,"Affirms dignity, cooperation, and mutual respect.",ክብርን፣ ትብብርን እና መከባበርን ያበረታታል።
545,We should correct mistakes without humiliation.,ሰዎችን ሳናዋርድ ስህተትን ማስተካከል አለብን።,safe,ጥሩ ንግግር,none,የለም,No,የለም,none,የለም,zero,ዜሮ,English-Amharic,"Affirms dignity, cooperation, and mutual respect.",ክብርን፣ ትብብርን እና መከባበርን ያበረታታል።
546,Every person should be heard.,እያንዳንዱ ሰው መሰማት አለበት።,safe,ጥሩ ንግግር,none,የለም,No,የለም,none,የለም,zero,ዜሮ,English-Amharic,"Affirms dignity, cooperation, and mutual respect.",ክብርን፣ ትብብርን እና መከባበርን ያበረታታል።
547,People deserve fairness and care.,ሰዎች ፍትሃዊነት እና እንክብካቤ ይገባቸዋል።,safe,ጥሩ ንግግር,none,የለም,No,የለም,none,የለም,zero,ዜሮ,English-Amharic,"Affirms dignity, cooperation, and mutual respect.",ክብርን፣ ትብብርን እና መከባበርን ያበረታታል።
548,Let us work for peace.,ለሰላም በጋራ እንስራ።,safe,ጥሩ ንግግር,none,የለም,No,የለም,none,የለም,zero,ዜሮ,English-Amharic,"Affirms dignity, cooperation, and mutual respect.",ክብርን፣ ትብብርን እና መከባበርን ያበረታታል።
549,We should correct mistakes without humiliation.,ሰዎችን ሳናዋርድ ስህተትን ማስተካከል አለብን።,safe,ጥሩ ንግግር,none,የለም,No,የለም,none,የለም,zero,ዜሮ,English-Amharic,"Affirms dignity, cooperation, and mutual respect.",ክብርን፣ ትብብርን እና መከባበርን ያበረታታል።
550,Get out of our space.,ከቦታችን ውጣ።,hate_speech,የጥላቻ ንግግር,exclusion,ማግለል,Yes,አዎ አለ,group,ቡድን,high,ከፍተኛ,English-Amharic,Pushes removal and rejection.,ማግለልን እና መከልከልን ያበረታታል።
551,Leave our community now.,ከማህበረሰባችን አሁን ውጣ።,hate_speech,የጥላቻ ንግግር,exclusion,ማግለል,Yes,አዎ አለ,group,ቡድን,high,ከፍተኛ,English-Amharic,Pushes removal and rejection.,ማግለልን እና መከልከልን ያበረታታል።
552,We should fear what they will do.,ምን እንደሚያደርጉ መፍራት አለብን።,hate_speech,የጥላቻ ንግግር,threat,ማስፈራሪያ,Yes,አዎ አለ,group,ቡድን,high,ከፍተኛ,English-Amharic,Frames the target as danger.,እንደ ስጋት ይቀርባል።
553,They are less than human.,ከሰው በታች ናቸው።,hate_speech,የጥላቻ ንግግር,dehumanization,ሰብዓዊነትን መንፈግ,Yes,አዎ አለ,group,ቡድን,high,ከፍተኛ,English-Amharic,Strips humanity from the target.,ሰውነትን ይክዳል።
554,Nobody wants to hear you.,ማንም ሊሰማሽ አይፈልግም።,hate_speech,የጥላቻ ንግግር,silencing,ዝም ማሰኘት,Yes,አዎ አለ,individual,ግለሰብ,low,ዝቅተኛ,English-Amharic,Suppresses participation and recognition.,ተሳትፎን እና እውቅናን ይከልክላል።
555,We should correct mistakes without humiliation.,ሰዎችን ሳናዋርድ ስህተትን ማስተካከል አለብን።,safe,ጥሩ ንግግር,none,የለም,No,የለም,none,የለም,zero,ዜሮ,English-Amharic,"Affirms dignity, cooperation, and mutual respect.",ክብርን፣ ትብብርን እና መከባበርን ያበረታታል።
556,We should fear what they will do.,ምን እንደሚያደርጉ መፍራት አለብን።,hate_speech,የጥላቻ ንግግር,threat,ማስፈራሪያ,Yes,አዎ አለ,group,ቡድን,high,ከፍተኛ,English-Amharic,Frames the target as danger.,እንደ ስጋት ይቀርባል።
557,Nobody wants to hear you.,ማንም ሊሰማሽ አይፈልግም።,hate_speech,የጥላቻ ንግግር,silencing,ዝም ማሰኘት,Yes,አዎ አለ,individual,ግለሰብ,low,ዝቅተኛ,English-Amharic,Suppresses participation and recognition.,ተሳትፎን እና እውቅናን ይከልክላል።
558,You do not belong here.,ይህ የእናንተ ቦታ አይደለም።,hate_speech,የጥላቻ ንግግር,belonging denial,አባልነትን መከልከል,Yes,አዎ አለ,group,ቡድን,high,ከፍተኛ,English-Amharic,Denies membership and belonging.,አባልነትን እና ተሳትፎን ይከለክላል።
559,We can solve this together.,ይህን በጋራ መፍታት እንችላለን።,safe,ጥሩ ንግግር,none,የለም,No,የለም,none,የለም,zero,ዜሮ,English-Amharic,"Affirms dignity, cooperation, and mutual respect.",ክብርን፣ ትብብርን እና መከባበርን ያበረታታል።
560,You have no place among us.,ከእኛ መካከል ቦታ የለህም።,hate_speech,የጥላቻ ንግግር,belonging denial,አባልነትን መከልከል,Yes,አዎ አለ,group,ቡድን,high,ከፍተኛ,English-Amharic,Denies membership and belonging.,አባልነትን እና ተሳትፎን ይከለክላል።
561,You should stay silent.,ዝም በይ።,hate_speech,የጥላቻ ንግግር,silencing,ዝም ማሰኘት,Yes,አዎ አለ,individual,ግለሰብ,low,ዝቅተኛ,English-Amharic,Suppresses participation and recognition.,ተሳትፎን እና እውቅናን ይከልክላል።
562,Let us find a solution that works for everyone.,ለሁሉም የሚሰራ መፍትሄ እንፈልግ።,safe,ጥሩ ንግግር,none,የለም,No,የለም,none,የለም,zero,ዜሮ,English-Amharic,"Affirms dignity, cooperation, and mutual respect.",ክብርን፣ ትብብርን እና መከባበርን ያበረታታል።
563,Let us find a solution that works for everyone.,ለሁሉም የሚሰራ መፍትሄ እንፈልግ።,safe,ጥሩ ንግግር,none,የለም,No,የለም,none,የለም,zero,ዜሮ,English-Amharic,"Affirms dignity, cooperation, and mutual respect.",ክብርን፣ ትብብርን እና መከባበርን ያበረታታል።
564,You should be pushed out.,መባረር አለብህ።,hate_speech,የጥላቻ ንግግር,exclusion,ማግለል,Yes,አዎ አለ,group,ቡድን,high,ከፍተኛ,English-Amharic,Pushes removal and rejection.,ማግለልን እና መከልከልን ያበረታታል።
565,We should speak respectfully.,በክብር መናገር አለብን።,safe,ጥሩ ንግግር,none,የለም,No,የለም,none,የለም,zero,ዜሮ,English-Amharic,"Affirms dignity, cooperation, and mutual respect.",ክብርን፣ ትብብርን እና መከባበርን ያበረታታል።
566,That group is always the problem.,ያ ቡድን ሁልጊዜ ችግር ነው።,hate_speech,የጥላቻ ንግግር,stereotyping,የተዛባ አመለካከት,Yes,አዎ አለ,group,ቡድን,low,ዝቅተኛ,English-Amharic,Uses harmful group stereotype.,ለአንድ ቡድን ያለ የተዛባ አመለካከት።
567,They are not real people.,እውነተኛ ሰው አይደሉም።,hate_speech,የጥላቻ ንግግር,dehumanization,ሰብዓዊነትን መንፈግ,Yes,አዎ አለ,group,ቡድን,high,ከፍተኛ,English-Amharic,Strips humanity from the target.,ሰውነትን ይክዳል።
568,Everyone deserves dignity.,ሁሉም ሰው ክብር ይገባዋል።,safe,ጥሩ ንግግር,none,የለም,No,የለም,none,የለም,zero,ዜሮ,English-Amharic,"Affirms dignity, cooperation, and mutual respect.",ክብርን፣ ትብብርን እና መከባበርን ያበረታታል።
569,People deserve fairness and care.,ሰዎች ፍትሃዊነት እና እንክብካቤ ይገባቸዋል።,safe,ጥሩ ንግግር,none,የለም,No,የለም,none,የለም,zero,ዜሮ,English-Amharic,"Affirms dignity, cooperation, and mutual respect.",ክብርን፣ ትብብርን እና መከባበርን ያበረታታል።
570,A fair discussion includes every voice.,ፍትሃዊ ውይይት ሁሉንም ድምፅ ያካትታል።,safe,ጥሩ ንግግር,none,የለም,No,የለም,none,የለም,zero,ዜሮ,English-Amharic,"Affirms dignity, cooperation, and mutual respect.",ክብርን፣ ትብብርን እና መከባበርን ያበረታታል።
571,Different views can still be handled kindly.,የተለያዩ አስተያየቶች በበጎ ሊታዩ ይችላሉ።,safe,ጥሩ ንግግር,none,የለም,No,የለም,none,የለም,zero,ዜሮ,English-Amharic,"Affirms dignity, cooperation, and mutual respect.",ክብርን፣ ትብብርን እና መከባበርን ያበረታታል።
572,People like them always cause trouble.,እንደ እነሱ ያሉ ሰዎች ሁልጊዜ ችግር ያመጣሉ።,hate_speech,የጥላቻ ንግግር,stereotyping,የተዛባ አመለካከት,Yes,አዎ አለ,group,ቡድን,low,ዝቅተኛ,English-Amharic,Uses harmful group stereotype.,ለአንድ ቡድን ያለ የተዛባ አመለካከት።
573,You should stay silent.,ዝም በይ።,hate_speech,የጥላቻ ንግግር,silencing,ዝም ማሰኘት,Yes,አዎ አለ,individual,ግለሰብ,low,ዝቅተኛ,English-Amharic,Suppresses participation and recognition.,ተሳትፎን እና እውቅናን ይከልክላል።
574,Get out of our space.,ከቦታችን ውጣ።,hate_speech,የጥላቻ ንግግር,exclusion,ማግለል,Yes,አዎ አለ,group,ቡድን,high,ከፍተኛ,English-Amharic,Pushes removal and rejection.,ማግለልን እና መከልከልን ያበረታታል።
575,Nobody wants to hear you.,ማንም ሊሰማሽ አይፈልግም።,hate_speech,የጥላቻ ንግግር,silencing,ዝም ማሰኘት,Yes,አዎ አለ,individual,ግለሰብ,low,ዝቅተኛ,English-Amharic,Suppresses participation and recognition.,ተሳትፎን እና እውቅናን ይከልክላል።
576,We should speak respectfully.,በክብር መናገር አለብን።,safe,ጥሩ ንግግር,none,የለም,No,የለም,none,የለም,zero,ዜሮ,English-Amharic,"Affirms dignity, cooperation, and mutual respect.",ክብርን፣ ትብብርን እና መከባበርን ያበረታታል።
577,Different views can still be handled kindly.,የተለያዩ አስተያየቶች በበጎ ሊታዩ ይችላሉ።,safe,ጥሩ ንግግር,none,የለም,No,የለም,none,የለም,zero,ዜሮ,English-Amharic,"Affirms dignity, cooperation, and mutual respect.",ክብርን፣ ትብብርን እና መከባበርን ያበረታታል።
578,We can solve this together.,ይህን በጋራ መፍታት እንችላለን።,safe,ጥሩ ንግግር,none,የለም,No,የለም,none,የለም,zero,ዜሮ,English-Amharic,"Affirms dignity, cooperation, and mutual respect.",ክብርን፣ ትብብርን እና መከባበርን ያበረታታል።
579,Every person should be heard.,እያንዳንዱ ሰው መሰማት አለበት።,safe,ጥሩ ንግግር,none,የለም,No,የለም,none,የለም,zero,ዜሮ,English-Amharic,"Affirms dignity, cooperation, and mutual respect.",ክብርን፣ ትብብርን እና መከባበርን ያበረታታል።
580,Let us work for peace.,ለሰላም በጋራ እንስራ።,safe,ጥሩ ንግግር,none,የለም,No,የለም,none,የለም,zero,ዜሮ,English-Amharic,"Affirms dignity, cooperation, and mutual respect.",ክብርን፣ ትብብርን እና መከባበርን ያበረታታል።
581,Your voice does not matter here.,እዚህ ድምፅሽ ዋጋ የለውም።,hate_speech,የጥላቻ ንግግር,silencing,ዝም ማሰኘት,Yes,አዎ አለ,individual,ግለሰብ,low,ዝቅተኛ,English-Amharic,Suppresses participation and recognition.,ተሳትፎን እና እውቅናን ይከልክላል።
582,A fair discussion includes every voice.,ፍትሃዊ ውይይት ሁሉንም ድምፅ ያካትታል።,safe,ጥሩ ንግግር,none,የለም,No,የለም,none,የለም,zero,ዜሮ,English-Amharic,"Affirms dignity, cooperation, and mutual respect.",ክብርን፣ ትብብርን እና መከባበርን ያበረታታል።
583,A fair discussion includes every voice.,ፍትሃዊ ውይይት ሁሉንም ድምፅ ያካትታል።,safe,ጥሩ ንግግር,none,የለም,No,የለም,none,የለም,zero,ዜሮ,English-Amharic,"Affirms dignity, cooperation, and mutual respect.",ክብርን፣ ትብብርን እና መከባበርን ያበረታታል።
584,You should stay silent.,ዝም በይ።,hate_speech,የጥላቻ ንግግር,silencing,ዝም ማሰኘት,Yes,አዎ አለ,individual,ግለሰብ,low,ዝቅተኛ,English-Amharic,Suppresses participation and recognition.,ተሳትፎን እና እውቅናን ይከልክላል።
585,We can disagree without hate.,ባንስማማም አለመጣላት እንችላለን።,safe,ጥሩ ንግግር,none,የለም,No,የለም,none,የለም,zero,ዜሮ,English-Amharic,"Affirms dignity, cooperation, and mutual respect.",ክብርን፣ ትብብርን እና መከባበርን ያበረታታል።
586,We should treat people fairly.,ሰዎችን በፍትሃዊነት ማየት አለብን።,safe,ጥሩ ንግግር,none,የለም,No,የለም,none,የለም,zero,ዜሮ,English-Amharic,"Affirms dignity, cooperation, and mutual respect.",ክብርን፣ ትብብርን እና መከባበርን ያበረታታል።
587,We can solve this together.,ይህን በጋራ መፍታት እንችላለን።,safe,ጥሩ ንግግር,none,የለም,No,የለም,none,የለም,zero,ዜሮ,English-Amharic,"Affirms dignity, cooperation, and mutual respect.",ክብርን፣ ትብብርን እና መከባበርን ያበረታታል።
588,You do not belong in this community.,በዚህ ማህበረሰብ ውስጥ አትገባም።,hate_speech,የጥላቻ ንግግር,belonging denial,አባልነትን መከልከል,Yes,አዎ አለ,group,ቡድን,high,ከፍተኛ,English-Amharic,Denies membership and belonging.,አባልነትን እና ተሳትፎን ይከለክላል።
589,Nobody wants to hear you.,ማንም ሊሰማሽ አይፈልግም።,hate_speech,የጥላቻ ንግግር,silencing,ዝም ማሰኘት,Yes,አዎ አለ,individual,ግለሰብ,low,ዝቅተኛ,English-Amharic,Suppresses participation and recognition.,ተሳትፎን እና እውቅናን ይከልክላል።
590,Nobody wants to hear you.,ማንም ሊሰማሽ አይፈልግም።,hate_speech,የጥላቻ ንግግር,silencing,ዝም ማሰኘት,Yes,አዎ አለ,individual,ግለሰብ,low,ዝቅተኛ,English-Amharic,Suppresses participation and recognition.,ተሳትፎን እና እውቅናን ይከልክላል።
591,We should listen before judging.,ከመፍረድ በፊት ማዳመጥ አለብን።,safe,ጥሩ ንግግር,none,የለም,No,የለም,none,የለም,zero,ዜሮ,English-Amharic,"Affirms dignity, cooperation, and mutual respect.",ክብርን፣ ትብብርን እና መከባበርን ያበረታታል።
592,Let us work for peace.,ለሰላም በጋራ እንስራ።,safe,ጥሩ ንግግር,none,የለም,No,የለም,none,የለም,zero,ዜሮ,English-Amharic,"Affirms dignity, cooperation, and mutual respect.",ክብርን፣ ትብብርን እና መከባበርን ያበረታታል።
593,We should speak respectfully.,በክብር መናገር አለብን።,safe,ጥሩ ንግግር,none,የለም,No,የለም,none,የለም,zero,ዜሮ,English-Amharic,"Affirms dignity, cooperation, and mutual respect.",ክብርን፣ ትብብርን እና መከባበርን ያበረታታል።
594,They are not fully human.,እነሱ ሙሉ ሰው አይደሉም።,hate_speech,የጥላቻ ንግግር,dehumanization,ሰብዓዊነትን መንፈግ,Yes,አዎ አለ,group,ቡድን,high,ከፍተኛ,English-Amharic,Strips humanity from the target.,ሰውነትን ይክዳል።
595,People deserve fairness and care.,ሰዎች ፍትሃዊነት እና እንክብካቤ ይገባቸዋል።,safe,ጥሩ ንግግር,none,የለም,No,የለም,none,የለም,zero,ዜሮ,English-Amharic,"Affirms dignity, cooperation, and mutual respect.",ክብርን፣ ትብብርን እና መከባበርን ያበረታታል።
596,Let us work for peace.,ለሰላም በጋራ እንስራ።,safe,ጥሩ ንግግር,none,የለም,No,የለም,none,የለም,zero,ዜሮ,English-Amharic,"Affirms dignity, cooperation, and mutual respect.",ክብርን፣ ትብብርን እና መከባበርን ያበረታታል።
597,We should fear what they will do.,ምን እንደሚያደርጉ መፍራት አለብን።,hate_speech,የጥላቻ ንግግር,threat,ማስፈራሪያ,Yes,አዎ አለ,group,ቡድን,high,ከፍተኛ,English-Amharic,Frames the target as danger.,እንደ ስጋት ይቀርባል።
598,You should stay silent.,ዝም በይ።,hate_speech,የጥላቻ ንግግር,silencing,ዝም ማሰኘት,Yes,አዎ አለ,individual,ግለሰብ,low,ዝቅተኛ,English-Amharic,Suppresses participation and recognition.,ተሳትፎን እና እውቅናን ይከልክላል።
599,Different views can still be handled kindly.,የተለያዩ አስተያየቶች በበጎ ሊታዩ ይችላሉ።,safe,ጥሩ ንግግር,none,የለም,No,የለም,none,የለም,zero,ዜሮ,English-Amharic,"Affirms dignity, cooperation, and mutual respect.",ክብርን፣ ትብብርን እና መከባበርን ያበረታታል።
600,People like them always cause trouble.,እንደ እነሱ ያሉ ሰዎች ሁልጊዜ ችግር ያመጣሉ።,hate_speech,የጥላቻ ንግግር,stereotyping,የተዛባ አመለካከት,Yes,አዎ አለ,group,ቡድን,low,ዝቅተኛ,English-Amharic,Uses harmful group stereotype.,ለአንድ ቡድን ያለ የተዛባ አመለካከት።
601,People deserve fairness and care.,ሰዎች ፍትሃዊነት እና እንክብካቤ ይገባቸዋል።,safe,ጥሩ ንግግር,none,የለም,No,የለም,none,የለም,zero,ዜሮ,English-Amharic,"Affirms dignity, cooperation, and mutual respect.",ክብርን፣ ትብብርን እና መከባበርን ያበረታታል።
602,Different views can still be handled kindly.,የተለያዩ አስተያየቶች በበጎ ሊታዩ ይችላሉ።,safe,ጥሩ ንግግር,none,የለም,No,የለም,none,የለም,zero,ዜሮ,English-Amharic,"Affirms dignity, cooperation, and mutual respect.",ክብርን፣ ትብብርን እና መከባበርን ያበረታታል።
603,They are not fully human.,እነሱ ሙሉ ሰው አይደሉም።,hate_speech,የጥላቻ ንግግር,dehumanization,ሰብዓዊነትን መንፈግ,Yes,አዎ አለ,group,ቡድን,high,ከፍተኛ,English-Amharic,Strips humanity from the target.,ሰውነትን ይክዳል።
604,Leave our community now.,ከማህበረሰባችን አሁን ውጣ።,hate_speech,የጥላቻ ንግግር,exclusion,ማግለል,Yes,አዎ አለ,group,ቡድን,high,ከፍተኛ,English-Amharic,Pushes removal and rejection.,ማግለልን እና መከልከልን ያበረታታል።
605,We should listen before judging.,ከመፍረድ በፊት ማዳመጥ አለብን።,safe,ጥሩ ንግግር,none,የለም,No,የለም,none,የለም,zero,ዜሮ,English-Amharic,"Affirms dignity, cooperation, and mutual respect.",ክብርን፣ ትብብርን እና መከባበርን ያበረታታል።
606,They are not real people.,እውነተኛ ሰው አይደሉም።,hate_speech,የጥላቻ ንግግር,dehumanization,ሰብዓዊነትን መንፈግ,Yes,አዎ አለ,group,ቡድን,high,ከፍተኛ,English-Amharic,Strips humanity from the target.,ሰውነትን ይክዳል።
607,You do not belong here.,ይህ የእናንተ ቦታ አይደለም።,hate_speech,የጥላቻ ንግግር,belonging denial,አባልነትን መከልከል,Yes,አዎ አለ,group,ቡድን,high,ከፍተኛ,English-Amharic,Denies membership and belonging.,አባልነትን እና ተሳትፎን ይከለክላል።
608,Every person should be heard.,እያንዳንዱ ሰው መሰማት አለበት።,safe,ጥሩ ንግግር,none,የለም,No,የለም,none,የለም,zero,ዜሮ,English-Amharic,"Affirms dignity, cooperation, and mutual respect.",ክብርን፣ ትብብርን እና መከባበርን ያበረታታል።
609,You should stay silent.,ዝም በይ።,hate_speech,የጥላቻ ንግግር,silencing,ዝም ማሰኘት,Yes,አዎ አለ,individual,ግለሰብ,low,ዝቅተኛ,English-Amharic,Suppresses participation and recognition.,ተሳትፎን እና እውቅናን ይከልክላል።
610,They are less than human.,ከሰው በታች ናቸው።,hate_speech,የጥላቻ ንግግር,dehumanization,ሰብዓዊነትን መንፈግ,Yes,አዎ አለ,group,ቡድን,high,ከፍተኛ,English-Amharic,Strips humanity from the target.,ሰውነትን ይክዳል።
611,Every person should be heard.,እያንዳንዱ ሰው መሰማት አለበት።,safe,ጥሩ ንግግር,none,የለም,No,የለም,none,የለም,zero,ዜሮ,English-Amharic,"Affirms dignity, cooperation, and mutual respect.",ክብርን፣ ትብብርን እና መከባበርን ያበረታታል።
612,We should listen before judging.,ከመፍረድ በፊት ማዳመጥ አለብን።,safe,ጥሩ ንግግር,none,የለም,No,የለም,none,የለም,zero,ዜሮ,English-Amharic,"Affirms dignity, cooperation, and mutual respect.",ክብርን፣ ትብብርን እና መከባበርን ያበረታታል።
613,Get out of our space.,ከቦታችን ውጣ።,hate_speech,የጥላቻ ንግግር,exclusion,ማግለል,Yes,አዎ አለ,group,ቡድን,high,ከፍተኛ,English-Amharic,Pushes removal and rejection.,ማግለልን እና መከልከልን ያበረታታል።
614,A fair discussion includes every voice.,ፍትሃዊ ውይይት ሁሉንም ድምፅ ያካትታል።,safe,ጥሩ ንግግር,none,የለም,No,የለም,none,የለም,zero,ዜሮ,English-Amharic,"Affirms dignity, cooperation, and mutual respect.",ክብርን፣ ትብብርን እና መከባበርን ያበረታታል።
615,Nobody wants to hear you.,ማንም ሊሰማሽ አይፈልግም።,hate_speech,የጥላቻ ንግግር,silencing,ዝም ማሰኘት,Yes,አዎ አለ,individual,ግለሰብ,low,ዝቅተኛ,English-Amharic,Suppresses participation and recognition.,ተሳትፎን እና እውቅናን ይከልክላል።
616,They are less than human.,ከሰው በታች ናቸው።,hate_speech,የጥላቻ ንግግር,dehumanization,ሰብዓዊነትን መንፈግ,Yes,አዎ አለ,group,ቡድን,high,ከፍተኛ,English-Amharic,Strips humanity from the target.,ሰውነትን ይክዳል።
617,They are a danger to everyone.,እነሱ ለሁሉም ስጋት ናቸው።,hate_speech,የጥላቻ ንግግር,threat,ማስፈራሪያ,Yes,አዎ አለ,group,ቡድን,high,ከፍተኛ,English-Amharic,Frames the target as danger.,እንደ ስጋት ይቀርባል።
618,Different views can still be handled kindly.,የተለያዩ አስተያየቶች በበጎ ሊታዩ ይችላሉ።,safe,ጥሩ ንግግር,none,የለም,No,የለም,none,የለም,zero,ዜሮ,English-Amharic,"Affirms dignity, cooperation, and mutual respect.",ክብርን፣ ትብብርን እና መከባበርን ያበረታታል።
619,Let us find a solution that works for everyone.,ለሁሉም የሚሰራ መፍትሄ እንፈልግ።,safe,ጥሩ ንግግር,none,የለም,No,የለም,none,የለም,zero,ዜሮ,English-Amharic,"Affirms dignity, cooperation, and mutual respect.",ክብርን፣ ትብብርን እና መከባበርን ያበረታታል።
620,Every person should be heard.,እያንዳንዱ ሰው መሰማት አለበት።,safe,ጥሩ ንግግር,none,የለም,No,የለም,none,የለም,zero,ዜሮ,English-Amharic,"Affirms dignity, cooperation, and mutual respect.",ክብርን፣ ትብብርን እና መከባበርን ያበረታታል።
621,We should listen before judging.,ከመፍረድ በፊት ማዳመጥ አለብን።,safe,ጥሩ ንግግር,none,የለም,No,የለም,none,የለም,zero,ዜሮ,English-Amharic,"Affirms dignity, cooperation, and mutual respect.",ክብርን፣ ትብብርን እና መከባበርን ያበረታታል።
622,We should correct mistakes without humiliation.,ሰዎችን ሳናዋርድ ስህተትን ማስተካከል አለብን።,safe,ጥሩ ንግግር,none,የለም,No,የለም,none,የለም,zero,ዜሮ,English-Amharic,"Affirms dignity, cooperation, and mutual respect.",ክብርን፣ ትብብርን እና መከባበርን ያበረታታል።
623,Respect helps communities grow stronger.,ክብር ማህበረሰቦችን ያጠናክራል።,safe,ጥሩ ንግግር,none,የለም,No,የለም,none,የለም,zero,ዜሮ,English-Amharic,"Affirms dignity, cooperation, and mutual respect.",ክብርን፣ ትብብርን እና መከባበርን ያበረታታል።
624,Your voice does not matter here.,እዚህ ድምፅሽ ዋጋ የለውም።,hate_speech,የጥላቻ ንግግር,silencing,ዝም ማሰኘት,Yes,አዎ አለ,individual,ግለሰብ,low,ዝቅተኛ,English-Amharic,Suppresses participation and recognition.,ተሳትፎን እና እውቅናን ይከልክላል።
625,Everyone deserves dignity.,ሁሉም ሰው ክብር ይገባዋል።,safe,ጥሩ ንግግር,none,የለም,No,የለም,none,የለም,zero,ዜሮ,English-Amharic,"Affirms dignity, cooperation, and mutual respect.",ክብርን፣ ትብብርን እና መከባበርን ያበረታታል።
626,Respect helps communities grow stronger.,ክብር ማህበረሰቦችን ያጠናክራል።,safe,ጥሩ ንግግር,none,የለም,No,የለም,none,የለም,zero,ዜሮ,English-Amharic,"Affirms dignity, cooperation, and mutual respect.",ክብርን፣ ትብብርን እና መከባበርን ያበረታታል።
627,You should stay silent.,ዝም በይ።,hate_speech,የጥላቻ ንግግር,silencing,ዝም ማሰኘት,Yes,አዎ አለ,individual,ግለሰብ,low,ዝቅተኛ,English-Amharic,Suppresses participation and recognition.,ተሳትፎን እና እውቅናን ይከልክላል።
628,Leave our community now.,ከማህበረሰባችን አሁን ውጣ።,hate_speech,የጥላቻ ንግግር,exclusion,ማግለል,Yes,አዎ አለ,group,ቡድን,high,ከፍተኛ,English-Amharic,Pushes removal and rejection.,ማግለልን እና መከልከልን ያበረታታል።
629,They are a danger to everyone.,እነሱ ለሁሉም ስጋት ናቸው።,hate_speech,የጥላቻ ንግግር,threat,ማስፈራሪያ,Yes,አዎ አለ,group,ቡድን,high,ከፍተኛ,English-Amharic,Frames the target as danger.,እንደ ስጋት ይቀርባል።
630,You have no place among us.,ከእኛ መካከል ቦታ የለህም።,hate_speech,የጥላቻ ንግግር,belonging denial,አባልነትን መከልከል,Yes,አዎ አለ,group,ቡድን,high,ከፍተኛ,English-Amharic,Denies membership and belonging.,አባልነትን እና ተሳትፎን ይከለክላል።
631,People like them always cause trouble.,እንደ እነሱ ያሉ ሰዎች ሁልጊዜ ችግር ያመጣሉ።,hate_speech,የጥላቻ ንግግር,stereotyping,የተዛባ አመለካከት,Yes,አዎ አለ,group,ቡድን,low,ዝቅተኛ,English-Amharic,Uses harmful group stereotype.,ለአንድ ቡድን ያለ የተዛባ አመለካከት።
632,You do not belong here.,ይህ የእናንተ ቦታ አይደለም።,hate_speech,የጥላቻ ንግግር,belonging denial,አባልነትን መከልከል,Yes,አዎ አለ,group,ቡድን,high,ከፍተኛ,English-Amharic,Denies membership and belonging.,አባልነትን እና ተሳትፎን ይከለክላል።
633,People deserve fairness and care.,ሰዎች ፍትሃዊነት እና እንክብካቤ ይገባቸዋል።,safe,ጥሩ ንግግር,none,የለም,No,የለም,none,የለም,zero,ዜሮ,English-Amharic,"Affirms dignity, cooperation, and mutual respect.",ክብርን፣ ትብብርን እና መከባበርን ያበረታታል።
634,You should stay silent.,ዝም በይ።,hate_speech,የጥላቻ ንግግር,silencing,ዝም ማሰኘት,Yes,አዎ አለ,individual,ግለሰብ,low,ዝቅተኛ,English-Amharic,Suppresses participation and recognition.,ተሳትፎን እና እውቅናን ይከልክላል።
635,Nobody wants to hear you.,ማንም ሊሰማሽ አይፈልግም።,hate_speech,የጥላቻ ንግግር,silencing,ዝም ማሰኘት,Yes,አዎ አለ,individual,ግለሰብ,low,ዝቅተኛ,English-Amharic,Suppresses participation and recognition.,ተሳትፎን እና እውቅናን ይከልክላል።
636,Every person should be heard.,እያንዳንዱ ሰው መሰማት አለበት።,safe,ጥሩ ንግግር,none,የለም,No,የለም,none,የለም,zero,ዜሮ,English-Amharic,"Affirms dignity, cooperation, and mutual respect.",ክብርን፣ ትብብርን እና መከባበርን ያበረታታል።
637,We can disagree without hate.,ባንስማማም አለመጣላት እንችላለን።,safe,ጥሩ ንግግር,none,የለም,No,የለም,none,የለም,zero,ዜሮ,English-Amharic,"Affirms dignity, cooperation, and mutual respect.",ክብርን፣ ትብብርን እና መከባበርን ያበረታታል።
638,We can solve this together.,ይህን በጋራ መፍታት እንችላለን።,safe,ጥሩ ንግግር,none,የለም,No,የለም,none,የለም,zero,ዜሮ,English-Amharic,"Affirms dignity, cooperation, and mutual respect.",ክብርን፣ ትብብርን እና መከባበርን ያበረታታል።
639,Respect helps communities grow stronger.,ክብር ማህበረሰቦችን ያጠናክራል።,safe,ጥሩ ንግግር,none,የለም,No,የለም,none,የለም,zero,ዜሮ,English-Amharic,"Affirms dignity, cooperation, and mutual respect.",ክብርን፣ ትብብርን እና መከባበርን ያበረታታል።
640,We should speak respectfully.,በክብር መናገር አለብን።,safe,ጥሩ ንግግር,none,የለም,No,የለም,none,የለም,zero,ዜሮ,English-Amharic,"Affirms dignity, cooperation, and mutual respect.",ክብርን፣ ትብብርን እና መከባበርን ያበረታታል።
641,People deserve fairness and care.,ሰዎች ፍትሃዊነት እና እንክብካቤ ይገባቸዋል።,safe,ጥሩ ንግግር,none,የለም,No,የለም,none,የለም,zero,ዜሮ,English-Amharic,"Affirms dignity, cooperation, and mutual respect.",ክብርን፣ ትብብርን እና መከባበርን ያበረታታል።
642,We should correct mistakes without humiliation.,ሰዎችን ሳናዋርድ ስህተትን ማስተካከል አለብን።,safe,ጥሩ ንግግር,none,የለም,No,የለም,none,የለም,zero,ዜሮ,English-Amharic,"Affirms dignity, cooperation, and mutual respect.",ክብርን፣ ትብብርን እና መከባበርን ያበረታታል።
643,That group is always the problem.,ያ ቡድን ሁልጊዜ ችግር ነው።,hate_speech,የጥላቻ ንግግር,stereotyping,የተዛባ አመለካከት,Yes,አዎ አለ,group,ቡድን,low,ዝቅተኛ,English-Amharic,Uses harmful group stereotype.,ለአንድ ቡድን ያለ የተዛባ አመለካከት።
644,People deserve fairness and care.,ሰዎች ፍትሃዊነት እና እንክብካቤ ይገባቸዋል።,safe,ጥሩ ንግግር,none,የለም,No,የለም,none,የለም,zero,ዜሮ,English-Amharic,"Affirms dignity, cooperation, and mutual respect.",ክብርን፣ ትብብርን እና መከባበርን ያበረታታል።
645,People deserve fairness and care.,ሰዎች ፍትሃዊነት እና እንክብካቤ ይገባቸዋል።,safe,ጥሩ ንግግር,none,የለም,No,የለም,none,የለም,zero,ዜሮ,English-Amharic,"Affirms dignity, cooperation, and mutual respect.",ክብርን፣ ትብብርን እና መከባበርን ያበረታታል።
646,They are a danger to everyone.,እነሱ ለሁሉም ስጋት ናቸው።,hate_speech,የጥላቻ ንግግር,threat,ማስፈራሪያ,Yes,አዎ አለ,group,ቡድን,high,ከፍተኛ,English-Amharic,Frames the target as danger.,እንደ ስጋት ይቀርባል።
647,We can solve this together.,ይህን በጋራ መፍታት እንችላለን።,safe,ጥሩ ንግግር,none,የለም,No,የለም,none,የለም,zero,ዜሮ,English-Amharic,"Affirms dignity, cooperation, and mutual respect.",ክብርን፣ ትብብርን እና መከባበርን ያበረታታል።
648,A fair discussion includes every voice.,ፍትሃዊ ውይይት ሁሉንም ድምፅ ያካትታል።,safe,ጥሩ ንግግር,none,የለም,No,የለም,none,የለም,zero,ዜሮ,English-Amharic,"Affirms dignity, cooperation, and mutual respect.",ክብርን፣ ትብብርን እና መከባበርን ያበረታታል።
649,Different views can still be handled kindly.,የተለያዩ አስተያየቶች በበጎ ሊታዩ ይችላሉ።,safe,ጥሩ ንግግር,none,የለም,No,የለም,none,የለም,zero,ዜሮ,English-Amharic,"Affirms dignity, cooperation, and mutual respect.",ክብርን፣ ትብብርን እና መከባበርን ያበረታታል።
650,You do not belong in this community.,በዚህ ማህበረሰብ ውስጥ አትገባም።,hate_speech,የጥላቻ ንግግር,belonging denial,አባልነትን መከልከል,Yes,አዎ አለ,group,ቡድን,high,ከፍተኛ,English-Amharic,Denies membership and belonging.,አባልነትን እና ተሳትፎን ይከለክላል።
651,Every person should be heard.,እያንዳንዱ ሰው መሰማት አለበት።,safe,ጥሩ ንግግር,none,የለም,No,የለም,none,የለም,zero,ዜሮ,English-Amharic,"Affirms dignity, cooperation, and mutual respect.",ክብርን፣ ትብብርን እና መከባበርን ያበረታታል።
652,People like them always cause trouble.,እንደ እነሱ ያሉ ሰዎች ሁልጊዜ ችግር ያመጣሉ።,hate_speech,የጥላቻ ንግግር,stereotyping,የተዛባ አመለካከት,Yes,አዎ አለ,group,ቡድን,low,ዝቅተኛ,English-Amharic,Uses harmful group stereotype.,ለአንድ ቡድን ያለ የተዛባ አመለካከት።
653,You do not belong in this community.,በዚህ ማህበረሰብ ውስጥ አትገባም።,hate_speech,የጥላቻ ንግግር,belonging denial,አባልነትን መከልከል,Yes,አዎ አለ,group,ቡድን,high,ከፍተኛ,English-Amharic,Denies membership and belonging.,አባልነትን እና ተሳትፎን ይከለክላል።
654,You do not belong here.,ይህ የእናንተ ቦታ አይደለም።,hate_speech,የጥላቻ ንግግር,belonging denial,አባልነትን መከልከል,Yes,አዎ አለ,group,ቡድን,high,ከፍተኛ,English-Amharic,Denies membership and belonging.,አባልነትን እና ተሳትፎን ይከለክላል።
655,We should speak respectfully.,በክብር መናገር አለብን።,safe,ጥሩ ንግግር,none,የለም,No,የለም,none,የለም,zero,ዜሮ,English-Amharic,"Affirms dignity, cooperation, and mutual respect.",ክብርን፣ ትብብርን እና መከባበርን ያበረታታል።
656,You should stay silent.,ዝም በይ።,hate_speech,የጥላቻ ንግግር,silencing,ዝም ማሰኘት,Yes,አዎ አለ,individual,ግለሰብ,low,ዝቅተኛ,English-Amharic,Suppresses participation and recognition.,ተሳትፎን እና እውቅናን ይከልክላል።
657,Everyone deserves dignity.,ሁሉም ሰው ክብር ይገባዋል።,safe,ጥሩ ንግግር,none,የለም,No,የለም,none,የለም,zero,ዜሮ,English-Amharic,"Affirms dignity, cooperation, and mutual respect.",ክብርን፣ ትብብርን እና መከባበርን ያበረታታል።
658,They are a danger to everyone.,እነሱ ለሁሉም ስጋት ናቸው።,hate_speech,የጥላቻ ንግግር,threat,ማስፈራሪያ,Yes,አዎ አለ,group,ቡድን,high,ከፍተኛ,English-Amharic,Frames the target as danger.,እንደ ስጋት ይቀርባል።
659,We can solve this together.,ይህን በጋራ መፍታት እንችላለን።,safe,ጥሩ ንግግር,none,የለም,No,የለም,none,የለም,zero,ዜሮ,English-Amharic,"Affirms dignity, cooperation, and mutual respect.",ክብርን፣ ትብብርን እና መከባበርን ያበረታታል።
660,That group is always the problem.,ያ ቡድን ሁልጊዜ ችግር ነው።,hate_speech,የጥላቻ ንግግር,stereotyping,የተዛባ አመለካከት,Yes,አዎ አለ,group,ቡድን,low,ዝቅተኛ,English-Amharic,Uses harmful group stereotype.,ለአንድ ቡድን ያለ የተዛባ አመለካከት።
661,Everyone has value in this room.,በዚህ ክፍል ያለ ሁሉም ሰው ዋጋ አለው።,safe,ጥሩ ንግግር,none,የለም,No,የለም,none,የለም,zero,ዜሮ,English-Amharic,"Affirms dignity, cooperation, and mutual respect.",ክብርን፣ ትብብርን እና መከባበርን ያበረታታል።
662,Get out of our space.,ከቦታችን ውጣ።,hate_speech,የጥላቻ ንግግር,exclusion,ማግለል,Yes,አዎ አለ,group,ቡድን,high,ከፍተኛ,English-Amharic,Pushes removal and rejection.,ማግለልን እና መከልከልን ያበረታታል።
663,Get out of our space.,ከቦታችን ውጣ።,hate_speech,የጥላቻ ንግግር,exclusion,ማግለል,Yes,አዎ አለ,group,ቡድን,high,ከፍተኛ,English-Amharic,Pushes removal and rejection.,ማግለልን እና መከልከልን ያበረታታል።
664,Let us work for peace.,ለሰላም በጋራ እንስራ።,safe,ጥሩ ንግግር,none,የለም,No,የለም,none,የለም,zero,ዜሮ,English-Amharic,"Affirms dignity, cooperation, and mutual respect.",ክብርን፣ ትብብርን እና መከባበርን ያበረታታል።
665,We should speak respectfully.,በክብር መናገር አለብን።,safe,ጥሩ ንግግር,none,የለም,No,የለም,none,የለም,zero,ዜሮ,English-Amharic,"Affirms dignity, cooperation, and mutual respect.",ክብርን፣ ትብብርን እና መከባበርን ያበረታታል።
666,We should correct mistakes without humiliation.,ሰዎችን ሳናዋርድ ስህተትን ማስተካከል አለብን።,safe,ጥሩ ንግግር,none,የለም,No,የለም,none,የለም,zero,ዜሮ,English-Amharic,"Affirms dignity, cooperation, and mutual respect.",ክብርን፣ ትብብርን እና መከባበርን ያበረታታል።
667,We should correct mistakes without humiliation.,ሰዎችን ሳናዋርድ ስህተትን ማስተካከል አለብን።,safe,ጥሩ ንግግር,none,የለም,No,የለም,none,የለም,zero,ዜሮ,English-Amharic,"Affirms dignity, cooperation, and mutual respect.",ክብርን፣ ትብብርን እና መከባበርን ያበረታታል።
668,Get out of our space.,ከቦታችን ውጣ።,hate_speech,የጥላቻ ንግግር,exclusion,ማግለል,Yes,አዎ አለ,group,ቡድን,high,ከፍተኛ,English-Amharic,Pushes removal and rejection.,ማግለልን እና መከልከልን ያበረታታል።
669,Respect helps communities grow stronger.,ክብር ማህበረሰቦችን ያጠናክራል።,safe,ጥሩ ንግግር,none,የለም,No,የለም,none,የለም,zero,ዜሮ,English-Amharic,"Affirms dignity, cooperation, and mutual respect.",ክብርን፣ ትብብርን እና መከባበርን ያበረታታል።
670,A fair discussion includes every voice.,ፍትሃዊ ውይይት ሁሉንም ድምፅ ያካትታል።,safe,ጥሩ ንግግር,none,የለም,No,የለም,none,የለም,zero,ዜሮ,English-Amharic,"Affirms dignity, cooperation, and mutual respect.",ክብርን፣ ትብብርን እና መከባበርን ያበረታታል።
671,Get out of our space.,ከቦታችን ውጣ።,hate_speech,የጥላቻ ንግግር,exclusion,ማግለል,Yes,አዎ አለ,group,ቡድን,high,ከፍተኛ,English-Amharic,Pushes removal and rejection.,ማግለልን እና መከልከልን ያበረታታል።
672,Different views can still be handled kindly.,የተለያዩ አስተያየቶች በበጎ ሊታዩ ይችላሉ።,safe,ጥሩ ንግግር,none,የለም,No,የለም,none,የለም,zero,ዜሮ,English-Amharic,"Affirms dignity, cooperation, and mutual respect.",ክብርን፣ ትብብርን እና መከባበርን ያበረታታል።
673,We should treat people fairly.,ሰዎችን በፍትሃዊነት ማየት አለብን።,safe,ጥሩ ንግግር,none,የለም,No,የለም,none,የለም,zero,ዜሮ,English-Amharic,"Affirms dignity, cooperation, and mutual respect.",ክብርን፣ ትብብርን እና መከባበርን ያበረታታል።
674,Respect helps communities grow stronger.,ክብር ማህበረሰቦችን ያጠናክራል።,safe,ጥሩ ንግግር,none,የለም,No,የለም,none,የለም,zero,ዜሮ,English-Amharic,"Affirms dignity, cooperation, and mutual respect.",ክብርን፣ ትብብርን እና መከባበርን ያበረታታል።
675,We can disagree without hate.,ባንስማማም አለመጣላት እንችላለን።,safe,ጥሩ ንግግር,none,የለም,No,የለም,none,የለም,zero,ዜሮ,English-Amharic,"Affirms dignity, cooperation, and mutual respect.",ክብርን፣ ትብብርን እና መከባበርን ያበረታታል።
676,Respect helps communities grow stronger.,ክብር ማህበረሰቦችን ያጠናክራል።,safe,ጥሩ ንግግር,none,የለም,No,የለም,none,የለም,zero,ዜሮ,English-Amharic,"Affirms dignity, cooperation, and mutual respect.",ክብርን፣ ትብብርን እና መከባበርን ያበረታታል።
677,Get out of our space.,ከቦታችን ውጣ።,hate_speech,የጥላቻ ንግግር,exclusion,ማግለል,Yes,አዎ አለ,group,ቡድን,high,ከፍተኛ,English-Amharic,Pushes removal and rejection.,ማግለልን እና መከልከልን ያበረታታል።
678,Leave our community now.,ከማህበረሰባችን አሁን ውጣ።,hate_speech,የጥላቻ ንግግር,exclusion,ማግለል,Yes,አዎ አለ,group,ቡድን,high,ከፍተኛ,English-Amharic,Pushes removal and rejection.,ማግለልን እና መከልከልን ያበረታታል።
679,Everyone deserves dignity.,ሁሉም ሰው ክብር ይገባዋል።,safe,ጥሩ ንግግር,none,የለም,No,የለም,none,የለም,zero,ዜሮ,English-Amharic,"Affirms dignity, cooperation, and mutual respect.",ክብርን፣ ትብብርን እና መከባበርን ያበረታታል።
680,You do not belong here.,ይህ የእናንተ ቦታ አይደለም።,hate_speech,የጥላቻ ንግግር,belonging denial,አባልነትን መከልከል,Yes,አዎ አለ,group,ቡድን,high,ከፍተኛ,English-Amharic,Denies membership and belonging.,አባልነትን እና ተሳትፎን ይከለክላል።
681,We should speak respectfully.,በክብር መናገር አለብን።,safe,ጥሩ ንግግር,none,የለም,No,የለም,none,የለም,zero,ዜሮ,English-Amharic,"Affirms dignity, cooperation, and mutual respect.",ክብርን፣ ትብብርን እና መከባበርን ያበረታታል።
682,You do not belong here.,ይህ የእናንተ ቦታ አይደለም።,hate_speech,የጥላቻ ንግግር,belonging denial,አባልነትን መከልከል,Yes,አዎ አለ,group,ቡድን,high,ከፍተኛ,English-Amharic,Denies membership and belonging.,አባልነትን እና ተሳትፎን ይከለክላል።
683,We should treat people fairly.,ሰዎችን በፍትሃዊነት ማየት አለብን።,safe,ጥሩ ንግግር,none,የለም,No,የለም,none,የለም,zero,ዜሮ,English-Amharic,"Affirms dignity, cooperation, and mutual respect.",ክብርን፣ ትብብርን እና መከባበርን ያበረታታል።
684,Let us find a solution that works for everyone.,ለሁሉም የሚሰራ መፍትሄ እንፈልግ።,safe,ጥሩ ንግግር,none,የለም,No,የለም,none,የለም,zero,ዜሮ,English-Amharic,"Affirms dignity, cooperation, and mutual respect.",ክብርን፣ ትብብርን እና መከባበርን ያበረታታል።
685,We should speak respectfully.,በክብር መናገር አለብን።,safe,ጥሩ ንግግር,none,የለም,No,የለም,none,የለም,zero,ዜሮ,English-Amharic,"Affirms dignity, cooperation, and mutual respect.",ክብርን፣ ትብብርን እና መከባበርን ያበረታታል።
686,We should speak respectfully.,በክብር መናገር አለብን።,safe,ጥሩ ንግግር,none,የለም,No,የለም,none,የለም,zero,ዜሮ,English-Amharic,"Affirms dignity, cooperation, and mutual respect.",ክብርን፣ ትብብርን እና መከባበርን ያበረታታል።
687,People like them always cause trouble.,እንደ እነሱ ያሉ ሰዎች ሁልጊዜ ችግር ያመጣሉ።,hate_speech,የጥላቻ ንግግር,stereotyping,የተዛባ አመለካከት,Yes,አዎ አለ,group,ቡድን,low,ዝቅተኛ,English-Amharic,Uses harmful group stereotype.,ለአንድ ቡድን ያለ የተዛባ አመለካከት።
688,We should correct mistakes without humiliation.,ሰዎችን ሳናዋርድ ስህተትን ማስተካከል አለብን።,safe,ጥሩ ንግግር,none,የለም,No,የለም,none,የለም,zero,ዜሮ,English-Amharic,"Affirms dignity, cooperation, and mutual respect.",ክብርን፣ ትብብርን እና መከባበርን ያበረታታል።
689,We should listen before judging.,ከመፍረድ በፊት ማዳመጥ አለብን።,safe,ጥሩ ንግግር,none,የለም,No,የለም,none,የለም,zero,ዜሮ,English-Amharic,"Affirms dignity, cooperation, and mutual respect.",ክብርን፣ ትብብርን እና መከባበርን ያበረታታል።
690,We should speak respectfully.,በክብር መናገር አለብን።,safe,ጥሩ ንግግር,none,የለም,No,የለም,none,የለም,zero,ዜሮ,English-Amharic,"Affirms dignity, cooperation, and mutual respect.",ክብርን፣ ትብብርን እና መከባበርን ያበረታታል።
691,Let us work for peace.,ለሰላም በጋራ እንስራ።,safe,ጥሩ ንግግር,none,የለም,No,የለም,none,የለም,zero,ዜሮ,English-Amharic,"Affirms dignity, cooperation, and mutual respect.",ክብርን፣ ትብብርን እና መከባበርን ያበረታታል።
692,We should fear what they will do.,ምን እንደሚያደርጉ መፍራት አለብን።,hate_speech,የጥላቻ ንግግር,threat,ማስፈራሪያ,Yes,አዎ አለ,group,ቡድን,high,ከፍተኛ,English-Amharic,Frames the target as danger.,እንደ ስጋት ይቀርባል።
693,Let us work for peace.,ለሰላም በጋራ እንስራ።,safe,ጥሩ ንግግር,none,የለም,No,የለም,none,የለም,zero,ዜሮ,English-Amharic,"Affirms dignity, cooperation, and mutual respect.",ክብርን፣ ትብብርን እና መከባበርን ያበረታታል።
694,You do not belong in this community.,በዚህ ማህበረሰብ ውስጥ አትገባም።,hate_speech,የጥላቻ ንግግር,belonging denial,አባልነትን መከልከል,Yes,አዎ አለ,group,ቡድን,high,ከፍተኛ,English-Amharic,Denies membership and belonging.,አባልነትን እና ተሳትፎን ይከለክላል።
695,You do not belong in this community.,በዚህ ማህበረሰብ ውስጥ አትገባም።,hate_speech,የጥላቻ ንግግር,belonging denial,አባልነትን መከልከል,Yes,አዎ አለ,group,ቡድን,high,ከፍተኛ,English-Amharic,Denies membership and belonging.,አባልነትን እና ተሳትፎን ይከለክላል።
696,They threaten our safety.,ደህንነታችንን ይሸብራሉ።,hate_speech,የጥላቻ ንግግር,threat,ማስፈራሪያ,Yes,አዎ አለ,group,ቡድን,high,ከፍተኛ,English-Amharic,Frames the target as danger.,እንደ ስጋት ይቀርባል።
697,Different views can still be handled kindly.,የተለያዩ አስተያየቶች በበጎ ሊታዩ ይችላሉ።,safe,ጥሩ ንግግር,none,የለም,No,የለም,none,የለም,zero,ዜሮ,English-Amharic,"Affirms dignity, cooperation, and mutual respect.",ክብርን፣ ትብብርን እና መከባበርን ያበረታታል።
698,We should fear what they will do.,ምን እንደሚያደርጉ መፍራት አለብን።,hate_speech,የጥላቻ ንግግር,threat,ማስፈራሪያ,Yes,አዎ አለ,group,ቡድን,high,ከፍተኛ,English-Amharic,Frames the target as danger.,እንደ ስጋት ይቀርባል።
699,We should correct mistakes without humiliation.,ሰዎችን ሳናዋርድ ስህተትን ማስተካከል አለብን።,safe,ጥሩ ንግግር,none,የለም,No,የለም,none,የለም,zero,ዜሮ,English-Amharic,"Affirms dignity, cooperation, and mutual respect.",ክብርን፣ ትብብርን እና መከባበርን ያበረታታል።
700,Let us find a solution that works for everyone.,ለሁሉም የሚሰራ መፍትሄ እንፈልግ።,safe,ጥሩ ንግግር,none,የለም,No,የለም,none,የለም,zero,ዜሮ,English-Amharic,"Affirms dignity, cooperation, and mutual respect.",ክብርን፣ ትብብርን እና መከባበርን ያበረታታል።
701,People deserve fairness and care.,ሰዎች ፍትሃዊነት እና እንክብካቤ ይገባቸዋል።,safe,ጥሩ ንግግር,none,የለም,No,የለም,none,የለም,zero,ዜሮ,English-Amharic,"Affirms dignity, cooperation, and mutual respect.",ክብርን፣ ትብብርን እና መከባበርን ያበረታታል።
702,Leave our community now.,ከማህበረሰባችን አሁን ውጣ።,hate_speech,የጥላቻ ንግግር,exclusion,ማግለል,Yes,አዎ አለ,group,ቡድን,high,ከፍተኛ,English-Amharic,Pushes removal and rejection.,ማግለልን እና መከልከልን ያበረታታል።
703,You should be pushed out.,መባረር አለብህ።,hate_speech,የጥላቻ ንግግር,exclusion,ማግለል,Yes,አዎ አለ,group,ቡድን,high,ከፍተኛ,English-Amharic,Pushes removal and rejection.,ማግለልን እና መከልከልን ያበረታታል።
704,That group is always the problem.,ያ ቡድን ሁልጊዜ ችግር ነው።,hate_speech,የጥላቻ ንግግር,stereotyping,የተዛባ አመለካከት,Yes,አዎ አለ,group,ቡድን,low,ዝቅተኛ,English-Amharic,Uses harmful group stereotype.,ለአንድ ቡድን ያለ የተዛባ አመለካከት።
705,A fair discussion includes every voice.,ፍትሃዊ ውይይት ሁሉንም ድምፅ ያካትታል።,safe,ጥሩ ንግግር,none,የለም,No,የለም,none,የለም,zero,ዜሮ,English-Amharic,"Affirms dignity, cooperation, and mutual respect.",ክብርን፣ ትብብርን እና መከባበርን ያበረታታል።
706,Let us work for peace.,ለሰላም በጋራ እንስራ።,safe,ጥሩ ንግግር,none,የለም,No,የለም,none,የለም,zero,ዜሮ,English-Amharic,"Affirms dignity, cooperation, and mutual respect.",ክብርን፣ ትብብርን እና መከባበርን ያበረታታል።
707,They are not fully human.,እነሱ ሙሉ ሰው አይደሉም።,hate_speech,የጥላቻ ንግግር,dehumanization,ሰብዓዊነትን መንፈግ,Yes,አዎ አለ,group,ቡድን,high,ከፍተኛ,English-Amharic,Strips humanity from the target.,ሰውነትን ይክዳል።
708,They are not fully human.,እነሱ ሙሉ ሰው አይደሉም።,hate_speech,የጥላቻ ንግግር,dehumanization,ሰብዓዊነትን መንፈግ,Yes,አዎ አለ,group,ቡድን,high,ከፍተኛ,English-Amharic,Strips humanity from the target.,ሰውነትን ይክዳል።
709,They are a danger to everyone.,እነሱ ለሁሉም ስጋት ናቸው።,hate_speech,የጥላቻ ንግግር,threat,ማስፈራሪያ,Yes,አዎ አለ,group,ቡድን,high,ከፍተኛ,English-Amharic,Frames the target as danger.,እንደ ስጋት ይቀርባል።
710,Their kind always ruins everything.,የእነሱ ዓይነት ሁልጊዜ ሁሉንም ያበላሻል።,hate_speech,የጥላቻ ንግግር,stereotyping,የተዛባ አመለካከት,Yes,አዎ አለ,group,ቡድን,low,ዝቅተኛ,English-Amharic,Uses harmful group stereotype.,ለአንድ ቡድን ያለ የተዛባ አመለካከት።
711,Every person should be heard.,እያንዳንዱ ሰው መሰማት አለበት።,safe,ጥሩ ንግግር,none,የለም,No,የለም,none,የለም,zero,ዜሮ,English-Amharic,"Affirms dignity, cooperation, and mutual respect.",ክብርን፣ ትብብርን እና መከባበርን ያበረታታል።
712,That group is always the problem.,ያ ቡድን ሁልጊዜ ችግር ነው።,hate_speech,የጥላቻ ንግግር,stereotyping,የተዛባ አመለካከት,Yes,አዎ አለ,group,ቡድን,low,ዝቅተኛ,English-Amharic,Uses harmful group stereotype.,ለአንድ ቡድን ያለ የተዛባ አመለካከት።
713,People deserve fairness and care.,ሰዎች ፍትሃዊነት እና እንክብካቤ ይገባቸዋል።,safe,ጥሩ ንግግር,none,የለም,No,የለም,none,የለም,zero,ዜሮ,English-Amharic,"Affirms dignity, cooperation, and mutual respect.",ክብርን፣ ትብብርን እና መከባበርን ያበረታታል።
714,They are not real people.,እውነተኛ ሰው አይደሉም።,hate_speech,የጥላቻ ንግግር,dehumanization,ሰብዓዊነትን መንፈግ,Yes,አዎ አለ,group,ቡድን,high,ከፍተኛ,English-Amharic,Strips humanity from the target.,ሰውነትን ይክዳል።
715,You should be pushed out.,መባረር አለብህ።,hate_speech,የጥላቻ ንግግር,exclusion,ማግለል,Yes,አዎ አለ,group,ቡድን,high,ከፍተኛ,English-Amharic,Pushes removal and rejection.,ማግለልን እና መከልከልን ያበረታታል።
716,People deserve fairness and care.,ሰዎች ፍትሃዊነት እና እንክብካቤ ይገባቸዋል።,safe,ጥሩ ንግግር,none,የለም,No,የለም,none,የለም,zero,ዜሮ,English-Amharic,"Affirms dignity, cooperation, and mutual respect.",ክብርን፣ ትብብርን እና መከባበርን ያበረታታል።
717,A fair discussion includes every voice.,ፍትሃዊ ውይይት ሁሉንም ድምፅ ያካትታል።,safe,ጥሩ ንግግር,none,የለም,No,የለም,none,የለም,zero,ዜሮ,English-Amharic,"Affirms dignity, cooperation, and mutual respect.",ክብርን፣ ትብብርን እና መከባበርን ያበረታታል።
718,We can disagree without hate.,ባንስማማም አለመጣላት እንችላለን።,safe,ጥሩ ንግግር,none,የለም,No,የለም,none,የለም,zero,ዜሮ,English-Amharic,"Affirms dignity, cooperation, and mutual respect.",ክብርን፣ ትብብርን እና መከባበርን ያበረታታል።
719,They are not real people.,እውነተኛ ሰው አይደሉም።,hate_speech,የጥላቻ ንግግር,dehumanization,ሰብዓዊነትን መንፈግ,Yes,አዎ አለ,group,ቡድን,high,ከፍተኛ,English-Amharic,Strips humanity from the target.,ሰውነትን ይክዳል።
720,You do not belong in this community.,በዚህ ማህበረሰብ ውስጥ አትገባም።,hate_speech,የጥላቻ ንግግር,belonging denial,አባልነትን መከልከል,Yes,አዎ አለ,group,ቡድን,high,ከፍተኛ,English-Amharic,Denies membership and belonging.,አባልነትን እና ተሳትፎን ይከለክላል።
721,We should correct mistakes without humiliation.,ሰዎችን ሳናዋርድ ስህተትን ማስተካከል አለብን።,safe,ጥሩ ንግግር,none,የለም,No,የለም,none,የለም,zero,ዜሮ,English-Amharic,"Affirms dignity, cooperation, and mutual respect.",ክብርን፣ ትብብርን እና መከባበርን ያበረታታል።
722,You should be pushed out.,መባረር አለብህ።,hate_speech,የጥላቻ ንግግር,exclusion,ማግለል,Yes,አዎ አለ,group,ቡድን,high,ከፍተኛ,English-Amharic,Pushes removal and rejection.,ማግለልን እና መከልከልን ያበረታታል።
723,A fair discussion includes every voice.,ፍትሃዊ ውይይት ሁሉንም ድምፅ ያካትታል።,safe,ጥሩ ንግግር,none,የለም,No,የለም,none,የለም,zero,ዜሮ,English-Amharic,"Affirms dignity, cooperation, and mutual respect.",ክብርን፣ ትብብርን እና መከባበርን ያበረታታል።
724,Everyone deserves dignity.,ሁሉም ሰው ክብር ይገባዋል።,safe,ጥሩ ንግግር,none,የለም,No,የለም,none,የለም,zero,ዜሮ,English-Amharic,"Affirms dignity, cooperation, and mutual respect.",ክብርን፣ ትብብርን እና መከባበርን ያበረታታል።
725,We can disagree without hate.,ባንስማማም አለመጣላት እንችላለን።,safe,ጥሩ ንግግር,none,የለም,No,የለም,none,የለም,zero,ዜሮ,English-Amharic,"Affirms dignity, cooperation, and mutual respect.",ክብርን፣ ትብብርን እና መከባበርን ያበረታታል።
726,They threaten our safety.,ደህንነታችንን ይሸብራሉ።,hate_speech,የጥላቻ ንግግር,threat,ማስፈራሪያ,Yes,አዎ አለ,group,ቡድን,high,ከፍተኛ,English-Amharic,Frames the target as danger.,እንደ ስጋት ይቀርባል።
727,They are not fully human.,እነሱ ሙሉ ሰው አይደሉም።,hate_speech,የጥላቻ ንግግር,dehumanization,ሰብዓዊነትን መንፈግ,Yes,አዎ አለ,group,ቡድን,high,ከፍተኛ,English-Amharic,Strips humanity from the target.,ሰውነትን ይክዳል።
728,We can solve this together.,ይህን በጋራ መፍታት እንችላለን።,safe,ጥሩ ንግግር,none,የለም,No,የለም,none,የለም,zero,ዜሮ,English-Amharic,"Affirms dignity, cooperation, and mutual respect.",ክብርን፣ ትብብርን እና መከባበርን ያበረታታል።
729,You have no place among us.,ከእኛ መካከል ቦታ የለህም።,hate_speech,የጥላቻ ንግግር,belonging denial,አባልነትን መከልከል,Yes,አዎ አለ,group,ቡድን,high,ከፍተኛ,English-Amharic,Denies membership and belonging.,አባልነትን እና ተሳትፎን ይከለክላል።
730,Nobody wants to hear you.,ማንም ሊሰማሽ አይፈልግም።,hate_speech,የጥላቻ ንግግር,silencing,ዝም ማሰኘት,Yes,አዎ አለ,individual,ግለሰብ,low,ዝቅተኛ,English-Amharic,Suppresses participation and recognition.,ተሳትፎን እና እውቅናን ይከልክላል።
731,We can solve this together.,ይህን በጋራ መፍታት እንችላለን።,safe,ጥሩ ንግግር,none,የለም,No,የለም,none,የለም,zero,ዜሮ,English-Amharic,"Affirms dignity, cooperation, and mutual respect.",ክብርን፣ ትብብርን እና መከባበርን ያበረታታል።
732,Nobody wants to hear you.,ማንም ሊሰማሽ አይፈልግም።,hate_speech,የጥላቻ ንግግር,silencing,ዝም ማሰኘት,Yes,አዎ አለ,individual,ግለሰብ,low,ዝቅተኛ,English-Amharic,Suppresses participation and recognition.,ተሳትፎን እና እውቅናን ይከልክላል።
733,We should correct mistakes without humiliation.,ሰዎችን ሳናዋርድ ስህተትን ማስተካከል አለብን።,safe,ጥሩ ንግግር,none,የለም,No,የለም,none,የለም,zero,ዜሮ,English-Amharic,"Affirms dignity, cooperation, and mutual respect.",ክብርን፣ ትብብርን እና መከባበርን ያበረታታል።
734,Get out of our space.,ከቦታችን ውጣ።,hate_speech,የጥላቻ ንግግር,exclusion,ማግለል,Yes,አዎ አለ,group,ቡድን,high,ከፍተኛ,English-Amharic,Pushes removal and rejection.,ማግለልን እና መከልከልን ያበረታታል።
735,We can solve this together.,ይህን በጋራ መፍታት እንችላለን።,safe,ጥሩ ንግግር,none,የለም,No,የለም,none,የለም,zero,ዜሮ,English-Amharic,"Affirms dignity, cooperation, and mutual respect.",ክብርን፣ ትብብርን እና መከባበርን ያበረታታል።
736,You should be pushed out.,መባረር አለብህ።,hate_speech,የጥላቻ ንግግር,exclusion,ማግለል,Yes,አዎ አለ,group,ቡድን,high,ከፍተኛ,English-Amharic,Pushes removal and rejection.,ማግለልን እና መከልከልን ያበረታታል።
737,A fair discussion includes every voice.,ፍትሃዊ ውይይት ሁሉንም ድምፅ ያካትታል።,safe,ጥሩ ንግግር,none,የለም,No,የለም,none,የለም,zero,ዜሮ,English-Amharic,"Affirms dignity, cooperation, and mutual respect.",ክብርን፣ ትብብርን እና መከባበርን ያበረታታል።
738,Everyone deserves dignity.,ሁሉም ሰው ክብር ይገባዋል።,safe,ጥሩ ንግግር,none,የለም,No,የለም,none,የለም,zero,ዜሮ,English-Amharic,"Affirms dignity, cooperation, and mutual respect.",ክብርን፣ ትብብርን እና መከባበርን ያበረታታል።
739,That group is always the problem.,ያ ቡድን ሁልጊዜ ችግር ነው።,hate_speech,የጥላቻ ንግግር,stereotyping,የተዛባ አመለካከት,Yes,አዎ አለ,group,ቡድን,low,ዝቅተኛ,English-Amharic,Uses harmful group stereotype.,ለአንድ ቡድን ያለ የተዛባ አመለካከት።
740,Different views can still be handled kindly.,የተለያዩ አስተያየቶች በበጎ ሊታዩ ይችላሉ።,safe,ጥሩ ንግግር,none,የለም,No,የለም,none,የለም,zero,ዜሮ,English-Amharic,"Affirms dignity, cooperation, and mutual respect.",ክብርን፣ ትብብርን እና መከባበርን ያበረታታል።
741,You have no place among us.,ከእኛ መካከል ቦታ የለህም።,hate_speech,የጥላቻ ንግግር,belonging denial,አባልነትን መከልከል,Yes,አዎ አለ,group,ቡድን,high,ከፍተኛ,English-Amharic,Denies membership and belonging.,አባልነትን እና ተሳትፎን ይከለክላል።
742,That group is always the problem.,ያ ቡድን ሁልጊዜ ችግር ነው።,hate_speech,የጥላቻ ንግግር,stereotyping,የተዛባ አመለካከት,Yes,አዎ አለ,group,ቡድን,low,ዝቅተኛ,English-Amharic,Uses harmful group stereotype.,ለአንድ ቡድን ያለ የተዛባ አመለካከት።
743,You do not belong here.,ይህ የእናንተ ቦታ አይደለም።,hate_speech,የጥላቻ ንግግር,belonging denial,አባልነትን መከልከል,Yes,አዎ አለ,group,ቡድን,high,ከፍተኛ,English-Amharic,Denies membership and belonging.,አባልነትን እና ተሳትፎን ይከለክላል።
744,Respect helps communities grow stronger.,ክብር ማህበረሰቦችን ያጠናክራል።,safe,ጥሩ ንግግር,none,የለም,No,የለም,none,የለም,zero,ዜሮ,English-Amharic,"Affirms dignity, cooperation, and mutual respect.",ክብርን፣ ትብብርን እና መከባበርን ያበረታታል።
745,You should be pushed out.,መባረር አለብህ።,hate_speech,የጥላቻ ንግግር,exclusion,ማግለል,Yes,አዎ አለ,group,ቡድን,high,ከፍተኛ,English-Amharic,Pushes removal and rejection.,ማግለልን እና መከልከልን ያበረታታል።
746,They threaten our safety.,ደህንነታችንን ይሸብራሉ።,hate_speech,የጥላቻ ንግግር,threat,ማስፈራሪያ,Yes,አዎ አለ,group,ቡድን,high,ከፍተኛ,English-Amharic,Frames the target as danger.,እንደ ስጋት ይቀርባል።
747,Leave our community now.,ከማህበረሰባችን አሁን ውጣ።,hate_speech,የጥላቻ ንግግር,exclusion,ማግለል,Yes,አዎ አለ,group,ቡድን,high,ከፍተኛ,English-Amharic,Pushes removal and rejection.,ማግለልን እና መከልከልን ያበረታታል።
748,They are less than human.,ከሰው በታች ናቸው።,hate_speech,የጥላቻ ንግግር,dehumanization,ሰብዓዊነትን መንፈግ,Yes,አዎ አለ,group,ቡድን,high,ከፍተኛ,English-Amharic,Strips humanity from the target.,ሰውነትን ይክዳል።
749,You should stay silent.,ዝም በይ።,hate_speech,የጥላቻ ንግግር,silencing,ዝም ማሰኘት,Yes,አዎ አለ,individual,ግለሰብ,low,ዝቅተኛ,English-Amharic,Suppresses participation and recognition.,ተሳትፎን እና እውቅናን ይከልክላል።
750,Your voice does not matter here.,እዚህ ድምፅሽ ዋጋ የለውም።,hate_speech,የጥላቻ ንግግር,silencing,ዝም ማሰኘት,Yes,አዎ አለ,individual,ግለሰብ,low,ዝቅተኛ,English-Amharic,Suppresses participation and recognition.,ተሳትፎን እና እውቅናን ይከልክላል።
751,Everyone deserves dignity.,ሁሉም ሰው ክብር ይገባዋል።,safe,ጥሩ ንግግር,none,የለም,No,የለም,none,የለም,zero,ዜሮ,English-Amharic,"Affirms dignity, cooperation, and mutual respect.",ክብርን፣ ትብብርን እና መከባበርን ያበረታታል።
752,Everyone has value in this room.,በዚህ ክፍል ያለ ሁሉም ሰው ዋጋ አለው።,safe,ጥሩ ንግግር,none,የለም,No,የለም,none,የለም,zero,ዜሮ,English-Amharic,"Affirms dignity, cooperation, and mutual respect.",ክብርን፣ ትብብርን እና መከባበርን ያበረታታል።
753,Let us work for peace.,ለሰላም በጋራ እንስራ።,safe,ጥሩ ንግግር,none,የለም,No,የለም,none,የለም,zero,ዜሮ,English-Amharic,"Affirms dignity, cooperation, and mutual respect.",ክብርን፣ ትብብርን እና መከባበርን ያበረታታል።
754,That group is always the problem.,ያ ቡድን ሁልጊዜ ችግር ነው።,hate_speech,የጥላቻ ንግግር,stereotyping,የተዛባ አመለካከት,Yes,አዎ አለ,group,ቡድን,low,ዝቅተኛ,English-Amharic,Uses harmful group stereotype.,ለአንድ ቡድን ያለ የተዛባ አመለካከት።
755,You should be pushed out.,መባረር አለብህ።,hate_speech,የጥላቻ ንግግር,exclusion,ማግለል,Yes,አዎ አለ,group,ቡድን,high,ከፍተኛ,English-Amharic,Pushes removal and rejection.,ማግለልን እና መከልከልን ያበረታታል።
756,Everyone deserves dignity.,ሁሉም ሰው ክብር ይገባዋል።,safe,ጥሩ ንግግር,none,የለም,No,የለም,none,የለም,zero,ዜሮ,English-Amharic,"Affirms dignity, cooperation, and mutual respect.",ክብርን፣ ትብብርን እና መከባበርን ያበረታታል።
757,Leave our community now.,ከማህበረሰባችን አሁን ውጣ።,hate_speech,የጥላቻ ንግግር,exclusion,ማግለል,Yes,አዎ አለ,group,ቡድን,high,ከፍተኛ,English-Amharic,Pushes removal and rejection.,ማግለልን እና መከልከልን ያበረታታል።
758,We can disagree without hate.,ባንስማማም አለመጣላት እንችላለን።,safe,ጥሩ ንግግር,none,የለም,No,የለም,none,የለም,zero,ዜሮ,English-Amharic,"Affirms dignity, cooperation, and mutual respect.",ክብርን፣ ትብብርን እና መከባበርን ያበረታታል።
759,We should listen before judging.,ከመፍረድ በፊት ማዳመጥ አለብን።,safe,ጥሩ ንግግር,none,የለም,No,የለም,none,የለም,zero,ዜሮ,English-Amharic,"Affirms dignity, cooperation, and mutual respect.",ክብርን፣ ትብብርን እና መከባበርን ያበረታታል።
760,Respect helps communities grow stronger.,ክብር ማህበረሰቦችን ያጠናክራል።,safe,ጥሩ ንግግር,none,የለም,No,የለም,none,የለም,zero,ዜሮ,English-Amharic,"Affirms dignity, cooperation, and mutual respect.",ክብርን፣ ትብብርን እና መከባበርን ያበረታታል።
761,We should fear what they will do.,ምን እንደሚያደርጉ መፍራት አለብን።,hate_speech,የጥላቻ ንግግር,threat,ማስፈራሪያ,Yes,አዎ አለ,group,ቡድን,high,ከፍተኛ,English-Amharic,Frames the target as danger.,እንደ ስጋት ይቀርባል።
762,Let us work for peace.,ለሰላም በጋራ እንስራ።,safe,ጥሩ ንግግር,none,የለም,No,የለም,none,የለም,zero,ዜሮ,English-Amharic,"Affirms dignity, cooperation, and mutual respect.",ክብርን፣ ትብብርን እና መከባበርን ያበረታታል።
763,We can disagree without hate.,ባንስማማም አለመጣላት እንችላለን።,safe,ጥሩ ንግግር,none,የለም,No,የለም,none,የለም,zero,ዜሮ,English-Amharic,"Affirms dignity, cooperation, and mutual respect.",ክብርን፣ ትብብርን እና መከባበርን ያበረታታል።
764,They are not fully human.,እነሱ ሙሉ ሰው አይደሉም።,hate_speech,የጥላቻ ንግግር,dehumanization,ሰብዓዊነትን መንፈግ,Yes,አዎ አለ,group,ቡድን,high,ከፍተኛ,English-Amharic,Strips humanity from the target.,ሰውነትን ይክዳል።
765,We can disagree without hate.,ባንስማማም አለመጣላት እንችላለን።,safe,ጥሩ ንግግር,none,የለም,No,የለም,none,የለም,zero,ዜሮ,English-Amharic,"Affirms dignity, cooperation, and mutual respect.",ክብርን፣ ትብብርን እና መከባበርን ያበረታታል።
766,Your voice does not matter here.,እዚህ ድምፅሽ ዋጋ የለውም።,hate_speech,የጥላቻ ንግግር,silencing,ዝም ማሰኘት,Yes,አዎ አለ,individual,ግለሰብ,low,ዝቅተኛ,English-Amharic,Suppresses participation and recognition.,ተሳትፎን እና እውቅናን ይከልክላል።
767,Their kind always ruins everything.,የእነሱ ዓይነት ሁልጊዜ ሁሉንም ያበላሻል።,hate_speech,የጥላቻ ንግግር,stereotyping,የተዛባ አመለካከት,Yes,አዎ አለ,group,ቡድን,low,ዝቅተኛ,English-Amharic,Uses harmful group stereotype.,ለአንድ ቡድን ያለ የተዛባ አመለካከት።
768,A fair discussion includes every voice.,ፍትሃዊ ውይይት ሁሉንም ድምፅ ያካትታል።,safe,ጥሩ ንግግር,none,የለም,No,የለም,none,የለም,zero,ዜሮ,English-Amharic,"Affirms dignity, cooperation, and mutual respect.",ክብርን፣ ትብብርን እና መከባበርን ያበረታታል።
769,We should correct mistakes without humiliation.,ሰዎችን ሳናዋርድ ስህተትን ማስተካከል አለብን።,safe,ጥሩ ንግግር,none,የለም,No,የለም,none,የለም,zero,ዜሮ,English-Amharic,"Affirms dignity, cooperation, and mutual respect.",ክብርን፣ ትብብርን እና መከባበርን ያበረታታል።
770,They are not fully human.,እነሱ ሙሉ ሰው አይደሉም።,hate_speech,የጥላቻ ንግግር,dehumanization,ሰብዓዊነትን መንፈግ,Yes,አዎ አለ,group,ቡድን,high,ከፍተኛ,English-Amharic,Strips humanity from the target.,ሰውነትን ይክዳል።
771,Let us work for peace.,ለሰላም በጋራ እንስራ።,safe,ጥሩ ንግግር,none,የለም,No,የለም,none,የለም,zero,ዜሮ,English-Amharic,"Affirms dignity, cooperation, and mutual respect.",ክብርን፣ ትብብርን እና መከባበርን ያበረታታል።
772,Different views can still be handled kindly.,የተለያዩ አስተያየቶች በበጎ ሊታዩ ይችላሉ።,safe,ጥሩ ንግግር,none,የለም,No,የለም,none,የለም,zero,ዜሮ,English-Amharic,"Affirms dignity, cooperation, and mutual respect.",ክብርን፣ ትብብርን እና መከባበርን ያበረታታል።
773,People like them always cause trouble.,እንደ እነሱ ያሉ ሰዎች ሁልጊዜ ችግር ያመጣሉ።,hate_speech,የጥላቻ ንግግር,stereotyping,የተዛባ አመለካከት,Yes,አዎ አለ,group,ቡድን,low,ዝቅተኛ,English-Amharic,Uses harmful group stereotype.,ለአንድ ቡድን ያለ የተዛባ አመለካከት።
774,You do not belong in this community.,በዚህ ማህበረሰብ ውስጥ አትገባም።,hate_speech,የጥላቻ ንግግር,belonging denial,አባልነትን መከልከል,Yes,አዎ አለ,group,ቡድን,high,ከፍተኛ,English-Amharic,Denies membership and belonging.,አባልነትን እና ተሳትፎን ይከለክላል።
775,People like them always cause trouble.,እንደ እነሱ ያሉ ሰዎች ሁልጊዜ ችግር ያመጣሉ።,hate_speech,የጥላቻ ንግግር,stereotyping,የተዛባ አመለካከት,Yes,አዎ አለ,group,ቡድን,low,ዝቅተኛ,English-Amharic,Uses harmful group stereotype.,ለአንድ ቡድን ያለ የተዛባ አመለካከት።
776,We can disagree without hate.,ባንስማማም አለመጣላት እንችላለን።,safe,ጥሩ ንግግር,none,የለም,No,የለም,none,የለም,zero,ዜሮ,English-Amharic,"Affirms dignity, cooperation, and mutual respect.",ክብርን፣ ትብብርን እና መከባበርን ያበረታታል።
777,Leave our community now.,ከማህበረሰባችን አሁን ውጣ።,hate_speech,የጥላቻ ንግግር,exclusion,ማግለል,Yes,አዎ አለ,group,ቡድን,high,ከፍተኛ,English-Amharic,Pushes removal and rejection.,ማግለልን እና መከልከልን ያበረታታል።
778,They are less than human.,ከሰው በታች ናቸው።,hate_speech,የጥላቻ ንግግር,dehumanization,ሰብዓዊነትን መንፈግ,Yes,አዎ አለ,group,ቡድን,high,ከፍተኛ,English-Amharic,Strips humanity from the target.,ሰውነትን ይክዳል።
779,We should treat people fairly.,ሰዎችን በፍትሃዊነት ማየት አለብን።,safe,ጥሩ ንግግር,none,የለም,No,የለም,none,የለም,zero,ዜሮ,English-Amharic,"Affirms dignity, cooperation, and mutual respect.",ክብርን፣ ትብብርን እና መከባበርን ያበረታታል።
780,You do not belong here.,ይህ የእናንተ ቦታ አይደለም።,hate_speech,የጥላቻ ንግግር,belonging denial,አባልነትን መከልከል,Yes,አዎ አለ,group,ቡድን,high,ከፍተኛ,English-Amharic,Denies membership and belonging.,አባልነትን እና ተሳትፎን ይከለክላል።
781,We should treat people fairly.,ሰዎችን በፍትሃዊነት ማየት አለብን።,safe,ጥሩ ንግግር,none,የለም,No,የለም,none,የለም,zero,ዜሮ,English-Amharic,"Affirms dignity, cooperation, and mutual respect.",ክብርን፣ ትብብርን እና መከባበርን ያበረታታል።
782,Nobody wants to hear you.,ማንም ሊሰማሽ አይፈልግም።,hate_speech,የጥላቻ ንግግር,silencing,ዝም ማሰኘት,Yes,አዎ አለ,individual,ግለሰብ,low,ዝቅተኛ,English-Amharic,Suppresses participation and recognition.,ተሳትፎን እና እውቅናን ይከልክላል።
783,Let us work for peace.,ለሰላም በጋራ እንስራ።,safe,ጥሩ ንግግር,none,የለም,No,የለም,none,የለም,zero,ዜሮ,English-Amharic,"Affirms dignity, cooperation, and mutual respect.",ክብርን፣ ትብብርን እና መከባበርን ያበረታታል።
784,Respect helps communities grow stronger.,ክብር ማህበረሰቦችን ያጠናክራል።,safe,ጥሩ ንግግር,none,የለም,No,የለም,none,የለም,zero,ዜሮ,English-Amharic,"Affirms dignity, cooperation, and mutual respect.",ክብርን፣ ትብብርን እና መከባበርን ያበረታታል።
785,We can solve this together.,ይህን በጋራ መፍታት እንችላለን።,safe,ጥሩ ንግግር,none,የለም,No,የለም,none,የለም,zero,ዜሮ,English-Amharic,"Affirms dignity, cooperation, and mutual respect.",ክብርን፣ ትብብርን እና መከባበርን ያበረታታል።
786,Everyone has value in this room.,በዚህ ክፍል ያለ ሁሉም ሰው ዋጋ አለው።,safe,ጥሩ ንግግር,none,የለም,No,የለም,none,የለም,zero,ዜሮ,English-Amharic,"Affirms dignity, cooperation, and mutual respect.",ክብርን፣ ትብብርን እና መከባበርን ያበረታታል።
787,People like them always cause trouble.,እንደ እነሱ ያሉ ሰዎች ሁልጊዜ ችግር ያመጣሉ።,hate_speech,የጥላቻ ንግግር,stereotyping,የተዛባ አመለካከት,Yes,አዎ አለ,group,ቡድን,low,ዝቅተኛ,English-Amharic,Uses harmful group stereotype.,ለአንድ ቡድን ያለ የተዛባ አመለካከት።
788,They threaten our safety.,ደህንነታችንን ይሸብራሉ።,hate_speech,የጥላቻ ንግግር,threat,ማስፈራሪያ,Yes,አዎ አለ,group,ቡድን,high,ከፍተኛ,English-Amharic,Frames the target as danger.,እንደ ስጋት ይቀርባል።
789,People like them always cause trouble.,እንደ እነሱ ያሉ ሰዎች ሁልጊዜ ችግር ያመጣሉ።,hate_speech,የጥላቻ ንግግር,stereotyping,የተዛባ አመለካከት,Yes,አዎ አለ,group,ቡድን,low,ዝቅተኛ,English-Amharic,Uses harmful group stereotype.,ለአንድ ቡድን ያለ የተዛባ አመለካከት።
790,We should fear what they will do.,ምን እንደሚያደርጉ መፍራት አለብን።,hate_speech,የጥላቻ ንግግር,threat,ማስፈራሪያ,Yes,አዎ አለ,group,ቡድን,high,ከፍተኛ,English-Amharic,Frames the target as danger.,እንደ ስጋት ይቀርባል።
791,Everyone has value in this room.,በዚህ ክፍል ያለ ሁሉም ሰው ዋጋ አለው።,safe,ጥሩ ንግግር,none,የለም,No,የለም,none,የለም,zero,ዜሮ,English-Amharic,"Affirms dignity, cooperation, and mutual respect.",ክብርን፣ ትብብርን እና መከባበርን ያበረታታል።
792,They are not real people.,እውነተኛ ሰው አይደሉም።,hate_speech,የጥላቻ ንግግር,dehumanization,ሰብዓዊነትን መንፈግ,Yes,አዎ አለ,group,ቡድን,high,ከፍተኛ,English-Amharic,Strips humanity from the target.,ሰውነትን ይክዳል።
793,They are a danger to everyone.,እነሱ ለሁሉም ስጋት ናቸው።,hate_speech,የጥላቻ ንግግር,threat,ማስፈራሪያ,Yes,አዎ አለ,group,ቡድን,high,ከፍተኛ,English-Amharic,Frames the target as danger.,እንደ ስጋት ይቀርባል።
794,They are less than human.,ከሰው በታች ናቸው።,hate_speech,የጥላቻ ንግግር,dehumanization,ሰብዓዊነትን መንፈግ,Yes,አዎ አለ,group,ቡድን,high,ከፍተኛ,English-Amharic,Strips humanity from the target.,ሰውነትን ይክዳል።
795,Respect helps communities grow stronger.,ክብር ማህበረሰቦችን ያጠናክራል።,safe,ጥሩ ንግግር,none,የለም,No,የለም,none,የለም,zero,ዜሮ,English-Amharic,"Affirms dignity, cooperation, and mutual respect.",ክብርን፣ ትብብርን እና መከባበርን ያበረታታል።
796,You should be pushed out.,መባረር አለብህ።,hate_speech,የጥላቻ ንግግር,exclusion,ማግለል,Yes,አዎ አለ,group,ቡድን,high,ከፍተኛ,English-Amharic,Pushes removal and rejection.,ማግለልን እና መከልከልን ያበረታታል።
797,Different views can still be handled kindly.,የተለያዩ አስተያየቶች በበጎ ሊታዩ ይችላሉ።,safe,ጥሩ ንግግር,none,የለም,No,የለም,none,የለም,zero,ዜሮ,English-Amharic,"Affirms dignity, cooperation, and mutual respect.",ክብርን፣ ትብብርን እና መከባበርን ያበረታታል።
798,Everyone has value in this room.,በዚህ ክፍል ያለ ሁሉም ሰው ዋጋ አለው።,safe,ጥሩ ንግግር,none,የለም,No,የለም,none,የለም,zero,ዜሮ,English-Amharic,"Affirms dignity, cooperation, and mutual respect.",ክብርን፣ ትብብርን እና መከባበርን ያበረታታል።
799,We should fear what they will do.,ምን እንደሚያደርጉ መፍራት አለብን።,hate_speech,የጥላቻ ንግግር,threat,ማስፈራሪያ,Yes,አዎ አለ,group,ቡድን,high,ከፍተኛ,English-Amharic,Frames the target as danger.,እንደ ስጋት ይቀርባል።
800,We should correct mistakes without humiliation.,ሰዎችን ሳናዋርድ ስህተትን ማስተካከል አለብን።,safe,ጥሩ ንግግር,none,የለም,No,የለም,none,የለም,zero,ዜሮ,English-Amharic,"Affirms dignity, cooperation, and mutual respect.",ክብርን፣ ትብብርን እና መከባበርን ያበረታታል።
801,They are a danger to everyone.,እነሱ ለሁሉም ስጋት ናቸው።,hate_speech,የጥላቻ ንግግር,threat,ማስፈራሪያ,Yes,አዎ አለ,group,ቡድን,high,ከፍተኛ,English-Amharic,Frames the target as danger.,እንደ ስጋት ይቀርባል።
802,We should speak respectfully.,በክብር መናገር አለብን።,safe,ጥሩ ንግግር,none,የለም,No,የለም,none,የለም,zero,ዜሮ,English-Amharic,"Affirms dignity, cooperation, and mutual respect.",ክብርን፣ ትብብርን እና መከባበርን ያበረታታል።
803,Respect helps communities grow stronger.,ክብር ማህበረሰቦችን ያጠናክራል።,safe,ጥሩ ንግግር,none,የለም,No,የለም,none,የለም,zero,ዜሮ,English-Amharic,"Affirms dignity, cooperation, and mutual respect.",ክብርን፣ ትብብርን እና መከባበርን ያበረታታል።
804,Respect helps communities grow stronger.,ክብር ማህበረሰቦችን ያጠናክራል።,safe,ጥሩ ንግግር,none,የለም,No,የለም,none,የለም,zero,ዜሮ,English-Amharic,"Affirms dignity, cooperation, and mutual respect.",ክብርን፣ ትብብርን እና መከባበርን ያበረታታል።
805,Leave our community now.,ከማህበረሰባችን አሁን ውጣ።,hate_speech,የጥላቻ ንግግር,exclusion,ማግለል,Yes,አዎ አለ,group,ቡድን,high,ከፍተኛ,English-Amharic,Pushes removal and rejection.,ማግለልን እና መከልከልን ያበረታታል።
806,People like them always cause trouble.,እንደ እነሱ ያሉ ሰዎች ሁልጊዜ ችግር ያመጣሉ።,hate_speech,የጥላቻ ንግግር,stereotyping,የተዛባ አመለካከት,Yes,አዎ አለ,group,ቡድን,low,ዝቅተኛ,English-Amharic,Uses harmful group stereotype.,ለአንድ ቡድን ያለ የተዛባ አመለካከት።
807,We should correct mistakes without humiliation.,ሰዎችን ሳናዋርድ ስህተትን ማስተካከል አለብን።,safe,ጥሩ ንግግር,none,የለም,No,የለም,none,የለም,zero,ዜሮ,English-Amharic,"Affirms dignity, cooperation, and mutual respect.",ክብርን፣ ትብብርን እና መከባበርን ያበረታታል።
808,Everyone has value in this room.,በዚህ ክፍል ያለ ሁሉም ሰው ዋጋ አለው።,safe,ጥሩ ንግግር,none,የለም,No,የለም,none,የለም,zero,ዜሮ,English-Amharic,"Affirms dignity, cooperation, and mutual respect.",ክብርን፣ ትብብርን እና መከባበርን ያበረታታል።
809,They are not fully human.,እነሱ ሙሉ ሰው አይደሉም።,hate_speech,የጥላቻ ንግግር,dehumanization,ሰብዓዊነትን መንፈግ,Yes,አዎ አለ,group,ቡድን,high,ከፍተኛ,English-Amharic,Strips humanity from the target.,ሰውነትን ይክዳል።
810,Their kind always ruins everything.,የእነሱ ዓይነት ሁልጊዜ ሁሉንም ያበላሻል።,hate_speech,የጥላቻ ንግግር,stereotyping,የተዛባ አመለካከት,Yes,አዎ አለ,group,ቡድን,low,ዝቅተኛ,English-Amharic,Uses harmful group stereotype.,ለአንድ ቡድን ያለ የተዛባ አመለካከት።
811,They are not real people.,እውነተኛ ሰው አይደሉም።,hate_speech,የጥላቻ ንግግር,dehumanization,ሰብዓዊነትን መንፈግ,Yes,አዎ አለ,group,ቡድን,high,ከፍተኛ,English-Amharic,Strips humanity from the target.,ሰውነትን ይክዳል።
812,Respect helps communities grow stronger.,ክብር ማህበረሰቦችን ያጠናክራል።,safe,ጥሩ ንግግር,none,የለም,No,የለም,none,የለም,zero,ዜሮ,English-Amharic,"Affirms dignity, cooperation, and mutual respect.",ክብርን፣ ትብብርን እና መከባበርን ያበረታታል።
813,We should treat people fairly.,ሰዎችን በፍትሃዊነት ማየት አለብን።,safe,ጥሩ ንግግር,none,የለም,No,የለም,none,የለም,zero,ዜሮ,English-Amharic,"Affirms dignity, cooperation, and mutual respect.",ክብርን፣ ትብብርን እና መከባበርን ያበረታታል።
814,People deserve fairness and care.,ሰዎች ፍትሃዊነት እና እንክብካቤ ይገባቸዋል።,safe,ጥሩ ንግግር,none,የለም,No,የለም,none,የለም,zero,ዜሮ,English-Amharic,"Affirms dignity, cooperation, and mutual respect.",ክብርን፣ ትብብርን እና መከባበርን ያበረታታል።
815,We can disagree without hate.,ባንስማማም አለመጣላት እንችላለን።,safe,ጥሩ ንግግር,none,የለም,No,የለም,none,የለም,zero,ዜሮ,English-Amharic,"Affirms dignity, cooperation, and mutual respect.",ክብርን፣ ትብብርን እና መከባበርን ያበረታታል።
816,Get out of our space.,ከቦታችን ውጣ።,hate_speech,የጥላቻ ንግግር,exclusion,ማግለል,Yes,አዎ አለ,group,ቡድን,high,ከፍተኛ,English-Amharic,Pushes removal and rejection.,ማግለልን እና መከልከልን ያበረታታል።
817,We should fear what they will do.,ምን እንደሚያደርጉ መፍራት አለብን።,hate_speech,የጥላቻ ንግግር,threat,ማስፈራሪያ,Yes,አዎ አለ,group,ቡድን,high,ከፍተኛ,English-Amharic,Frames the target as danger.,እንደ ስጋት ይቀርባል።
818,We should treat people fairly.,ሰዎችን በፍትሃዊነት ማየት አለብን።,safe,ጥሩ ንግግር,none,የለም,No,የለም,none,የለም,zero,ዜሮ,English-Amharic,"Affirms dignity, cooperation, and mutual respect.",ክብርን፣ ትብብርን እና መከባበርን ያበረታታል።
819,Get out of our space.,ከቦታችን ውጣ።,hate_speech,የጥላቻ ንግግር,exclusion,ማግለል,Yes,አዎ አለ,group,ቡድን,high,ከፍተኛ,English-Amharic,Pushes removal and rejection.,ማግለልን እና መከልከልን ያበረታታል።
820,Let us work for peace.,ለሰላም በጋራ እንስራ።,safe,ጥሩ ንግግር,none,የለም,No,የለም,none,የለም,zero,ዜሮ,English-Amharic,"Affirms dignity, cooperation, and mutual respect.",ክብርን፣ ትብብርን እና መከባበርን ያበረታታል።
821,A fair discussion includes every voice.,ፍትሃዊ ውይይት ሁሉንም ድምፅ ያካትታል።,safe,ጥሩ ንግግር,none,የለም,No,የለም,none,የለም,zero,ዜሮ,English-Amharic,"Affirms dignity, cooperation, and mutual respect.",ክብርን፣ ትብብርን እና መከባበርን ያበረታታል።
822,They are not real people.,እውነተኛ ሰው አይደሉም።,hate_speech,የጥላቻ ንግግር,dehumanization,ሰብዓዊነትን መንፈግ,Yes,አዎ አለ,group,ቡድን,high,ከፍተኛ,English-Amharic,Strips humanity from the target.,ሰውነትን ይክዳል።
823,We should correct mistakes without humiliation.,ሰዎችን ሳናዋርድ ስህተትን ማስተካከል አለብን።,safe,ጥሩ ንግግር,none,የለም,No,የለም,none,የለም,zero,ዜሮ,English-Amharic,"Affirms dignity, cooperation, and mutual respect.",ክብርን፣ ትብብርን እና መከባበርን ያበረታታል።
824,People like them always cause trouble.,እንደ እነሱ ያሉ ሰዎች ሁልጊዜ ችግር ያመጣሉ።,hate_speech,የጥላቻ ንግግር,stereotyping,የተዛባ አመለካከት,Yes,አዎ አለ,group,ቡድን,low,ዝቅተኛ,English-Amharic,Uses harmful group stereotype.,ለአንድ ቡድን ያለ የተዛባ አመለካከት።
825,You have no place among us.,ከእኛ መካከል ቦታ የለህም።,hate_speech,የጥላቻ ንግግር,belonging denial,አባልነትን መከልከል,Yes,አዎ አለ,group,ቡድን,high,ከፍተኛ,English-Amharic,Denies membership and belonging.,አባልነትን እና ተሳትፎን ይከለክላል።
826,Let us find a solution that works for everyone.,ለሁሉም የሚሰራ መፍትሄ እንፈልግ።,safe,ጥሩ ንግግር,none,የለም,No,የለም,none,የለም,zero,ዜሮ,English-Amharic,"Affirms dignity, cooperation, and mutual respect.",ክብርን፣ ትብብርን እና መከባበርን ያበረታታል።
827,Their kind always ruins everything.,የእነሱ ዓይነት ሁልጊዜ ሁሉንም ያበላሻል።,hate_speech,የጥላቻ ንግግር,stereotyping,የተዛባ አመለካከት,Yes,አዎ አለ,group,ቡድን,low,ዝቅተኛ,English-Amharic,Uses harmful group stereotype.,ለአንድ ቡድን ያለ የተዛባ አመለካከት።
828,They threaten our safety.,ደህንነታችንን ይሸብራሉ።,hate_speech,የጥላቻ ንግግር,threat,ማስፈራሪያ,Yes,አዎ አለ,group,ቡድን,high,ከፍተኛ,English-Amharic,Frames the target as danger.,እንደ ስጋት ይቀርባል።
829,We should fear what they will do.,ምን እንደሚያደርጉ መፍራት አለብን።,hate_speech,የጥላቻ ንግግር,threat,ማስፈራሪያ,Yes,አዎ አለ,group,ቡድን,high,ከፍተኛ,English-Amharic,Frames the target as danger.,እንደ ስጋት ይቀርባል።
830,They are a danger to everyone.,እነሱ ለሁሉም ስጋት ናቸው።,hate_speech,የጥላቻ ንግግር,threat,ማስፈራሪያ,Yes,አዎ አለ,group,ቡድን,high,ከፍተኛ,English-Amharic,Frames the target as danger.,እንደ ስጋት ይቀርባል።
831,We should treat people fairly.,ሰዎችን በፍትሃዊነት ማየት አለብን።,safe,ጥሩ ንግግር,none,የለም,No,የለም,none,የለም,zero,ዜሮ,English-Amharic,"Affirms dignity, cooperation, and mutual respect.",ክብርን፣ ትብብርን እና መከባበርን ያበረታታል።
832,They are a danger to everyone.,እነሱ ለሁሉም ስጋት ናቸው።,hate_speech,የጥላቻ ንግግር,threat,ማስፈራሪያ,Yes,አዎ አለ,group,ቡድን,high,ከፍተኛ,English-Amharic,Frames the target as danger.,እንደ ስጋት ይቀርባል።
833,We can disagree without hate.,ባንስማማም አለመጣላት እንችላለን።,safe,ጥሩ ንግግር,none,የለም,No,የለም,none,የለም,zero,ዜሮ,English-Amharic,"Affirms dignity, cooperation, and mutual respect.",ክብርን፣ ትብብርን እና መከባበርን ያበረታታል።
834,Respect helps communities grow stronger.,ክብር ማህበረሰቦችን ያጠናክራል።,safe,ጥሩ ንግግር,none,የለም,No,የለም,none,የለም,zero,ዜሮ,English-Amharic,"Affirms dignity, cooperation, and mutual respect.",ክብርን፣ ትብብርን እና መከባበርን ያበረታታል።
835,They are less than human.,ከሰው በታች ናቸው።,hate_speech,የጥላቻ ንግግር,dehumanization,ሰብዓዊነትን መንፈግ,Yes,አዎ አለ,group,ቡድን,high,ከፍተኛ,English-Amharic,Strips humanity from the target.,ሰውነትን ይክዳል።
836,Let us find a solution that works for everyone.,ለሁሉም የሚሰራ መፍትሄ እንፈልግ።,safe,ጥሩ ንግግር,none,የለም,No,የለም,none,የለም,zero,ዜሮ,English-Amharic,"Affirms dignity, cooperation, and mutual respect.",ክብርን፣ ትብብርን እና መከባበርን ያበረታታል።
837,We should fear what they will do.,ምን እንደሚያደርጉ መፍራት አለብን።,hate_speech,የጥላቻ ንግግር,threat,ማስፈራሪያ,Yes,አዎ አለ,group,ቡድን,high,ከፍተኛ,English-Amharic,Frames the target as danger.,እንደ ስጋት ይቀርባል።
838,We should speak respectfully.,በክብር መናገር አለብን።,safe,ጥሩ ንግግር,none,የለም,No,የለም,none,የለም,zero,ዜሮ,English-Amharic,"Affirms dignity, cooperation, and mutual respect.",ክብርን፣ ትብብርን እና መከባበርን ያበረታታል።
839,Different views can still be handled kindly.,የተለያዩ አስተያየቶች በበጎ ሊታዩ ይችላሉ።,safe,ጥሩ ንግግር,none,የለም,No,የለም,none,የለም,zero,ዜሮ,English-Amharic,"Affirms dignity, cooperation, and mutual respect.",ክብርን፣ ትብብርን እና መከባበርን ያበረታታል።
840,Nobody wants to hear you.,ማንም ሊሰማሽ አይፈልግም።,hate_speech,የጥላቻ ንግግር,silencing,ዝም ማሰኘት,Yes,አዎ አለ,individual,ግለሰብ,low,ዝቅተኛ,English-Amharic,Suppresses participation and recognition.,ተሳትፎን እና እውቅናን ይከልክላል።
841,Leave our community now.,ከማህበረሰባችን አሁን ውጣ።,hate_speech,የጥላቻ ንግግር,exclusion,ማግለል,Yes,አዎ አለ,group,ቡድን,high,ከፍተኛ,English-Amharic,Pushes removal and rejection.,ማግለልን እና መከልከልን ያበረታታል።
842,Every person should be heard.,እያንዳንዱ ሰው መሰማት አለበት።,safe,ጥሩ ንግግር,none,የለም,No,የለም,none,የለም,zero,ዜሮ,English-Amharic,"Affirms dignity, cooperation, and mutual respect.",ክብርን፣ ትብብርን እና መከባበርን ያበረታታል።
843,Leave our community now.,ከማህበረሰባችን አሁን ውጣ።,hate_speech,የጥላቻ ንግግር,exclusion,ማግለል,Yes,አዎ አለ,group,ቡድን,high,ከፍተኛ,English-Amharic,Pushes removal and rejection.,ማግለልን እና መከልከልን ያበረታታል።
844,We can solve this together.,ይህን በጋራ መፍታት እንችላለን።,safe,ጥሩ ንግግር,none,የለም,No,የለም,none,የለም,zero,ዜሮ,English-Amharic,"Affirms dignity, cooperation, and mutual respect.",ክብርን፣ ትብብርን እና መከባበርን ያበረታታል።
845,We should fear what they will do.,ምን እንደሚያደርጉ መፍራት አለብን።,hate_speech,የጥላቻ ንግግር,threat,ማስፈራሪያ,Yes,አዎ አለ,group,ቡድን,high,ከፍተኛ,English-Amharic,Frames the target as danger.,እንደ ስጋት ይቀርባል።
846,Nobody wants to hear you.,ማንም ሊሰማሽ አይፈልግም።,hate_speech,የጥላቻ ንግግር,silencing,ዝም ማሰኘት,Yes,አዎ አለ,individual,ግለሰብ,low,ዝቅተኛ,English-Amharic,Suppresses participation and recognition.,ተሳትፎን እና እውቅናን ይከልክላል።
847,You have no place among us.,ከእኛ መካከል ቦታ የለህም።,hate_speech,የጥላቻ ንግግር,belonging denial,አባልነትን መከልከል,Yes,አዎ አለ,group,ቡድን,high,ከፍተኛ,English-Amharic,Denies membership and belonging.,አባልነትን እና ተሳትፎን ይከለክላል።
848,Nobody wants to hear you.,ማንም ሊሰማሽ አይፈልግም።,hate_speech,የጥላቻ ንግግር,silencing,ዝም ማሰኘት,Yes,አዎ አለ,individual,ግለሰብ,low,ዝቅተኛ,English-Amharic,Suppresses participation and recognition.,ተሳትፎን እና እውቅናን ይከልክላል።
849,People like them always cause trouble.,እንደ እነሱ ያሉ ሰዎች ሁልጊዜ ችግር ያመጣሉ።,hate_speech,የጥላቻ ንግግር,stereotyping,የተዛባ አመለካከት,Yes,አዎ አለ,group,ቡድን,low,ዝቅተኛ,English-Amharic,Uses harmful group stereotype.,ለአንድ ቡድን ያለ የተዛባ አመለካከት።
850,Every person should be heard.,እያንዳንዱ ሰው መሰማት አለበት።,safe,ጥሩ ንግግር,none,የለም,No,የለም,none,የለም,zero,ዜሮ,English-Amharic,"Affirms dignity, cooperation, and mutual respect.",ክብርን፣ ትብብርን እና መከባበርን ያበረታታል።
851,They are not real people.,እውነተኛ ሰው አይደሉም።,hate_speech,የጥላቻ ንግግር,dehumanization,ሰብዓዊነትን መንፈግ,Yes,አዎ አለ,group,ቡድን,high,ከፍተኛ,English-Amharic,Strips humanity from the target.,ሰውነትን ይክዳል።
852,Everyone has value in this room.,በዚህ ክፍል ያለ ሁሉም ሰው ዋጋ አለው።,safe,ጥሩ ንግግር,none,የለም,No,የለም,none,የለም,zero,ዜሮ,English-Amharic,"Affirms dignity, cooperation, and mutual respect.",ክብርን፣ ትብብርን እና መከባበርን ያበረታታል።
853,Respect helps communities grow stronger.,ክብር ማህበረሰቦችን ያጠናክራል።,safe,ጥሩ ንግግር,none,የለም,No,የለም,none,የለም,zero,ዜሮ,English-Amharic,"Affirms dignity, cooperation, and mutual respect.",ክብርን፣ ትብብርን እና መከባበርን ያበረታታል።
854,Let us work for peace.,ለሰላም በጋራ እንስራ።,safe,ጥሩ ንግግር,none,የለም,No,የለም,none,የለም,zero,ዜሮ,English-Amharic,"Affirms dignity, cooperation, and mutual respect.",ክብርን፣ ትብብርን እና መከባበርን ያበረታታል።
855,We should listen before judging.,ከመፍረድ በፊት ማዳመጥ አለብን።,safe,ጥሩ ንግግር,none,የለም,No,የለም,none,የለም,zero,ዜሮ,English-Amharic,"Affirms dignity, cooperation, and mutual respect.",ክብርን፣ ትብብርን እና መከባበርን ያበረታታል።
856,We can disagree without hate.,ባንስማማም አለመጣላት እንችላለን።,safe,ጥሩ ንግግር,none,የለም,No,የለም,none,የለም,zero,ዜሮ,English-Amharic,"Affirms dignity, cooperation, and mutual respect.",ክብርን፣ ትብብርን እና መከባበርን ያበረታታል።
857,They are not fully human.,እነሱ ሙሉ ሰው አይደሉም።,hate_speech,የጥላቻ ንግግር,dehumanization,ሰብዓዊነትን መንፈግ,Yes,አዎ አለ,group,ቡድን,high,ከፍተኛ,English-Amharic,Strips humanity from the target.,ሰውነትን ይክዳል።
858,People deserve fairness and care.,ሰዎች ፍትሃዊነት እና እንክብካቤ ይገባቸዋል።,safe,ጥሩ ንግግር,none,የለም,No,የለም,none,የለም,zero,ዜሮ,English-Amharic,"Affirms dignity, cooperation, and mutual respect.",ክብርን፣ ትብብርን እና መከባበርን ያበረታታል።
859,Everyone has value in this room.,በዚህ ክፍል ያለ ሁሉም ሰው ዋጋ አለው።,safe,ጥሩ ንግግር,none,የለም,No,የለም,none,የለም,zero,ዜሮ,English-Amharic,"Affirms dignity, cooperation, and mutual respect.",ክብርን፣ ትብብርን እና መከባበርን ያበረታታል።
860,We should treat people fairly.,ሰዎችን በፍትሃዊነት ማየት አለብን።,safe,ጥሩ ንግግር,none,የለም,No,የለም,none,የለም,zero,ዜሮ,English-Amharic,"Affirms dignity, cooperation, and mutual respect.",ክብርን፣ ትብብርን እና መከባበርን ያበረታታል።
861,Every person should be heard.,እያንዳንዱ ሰው መሰማት አለበት።,safe,ጥሩ ንግግር,none,የለም,No,የለም,none,የለም,zero,ዜሮ,English-Amharic,"Affirms dignity, cooperation, and mutual respect.",ክብርን፣ ትብብርን እና መከባበርን ያበረታታል።
862,You should be pushed out.,መባረር አለብህ።,hate_speech,የጥላቻ ንግግር,exclusion,ማግለል,Yes,አዎ አለ,group,ቡድን,high,ከፍተኛ,English-Amharic,Pushes removal and rejection.,ማግለልን እና መከልከልን ያበረታታል።
863,People deserve fairness and care.,ሰዎች ፍትሃዊነት እና እንክብካቤ ይገባቸዋል።,safe,ጥሩ ንግግር,none,የለም,No,የለም,none,የለም,zero,ዜሮ,English-Amharic,"Affirms dignity, cooperation, and mutual respect.",ክብርን፣ ትብብርን እና መከባበርን ያበረታታል።
864,Nobody wants to hear you.,ማንም ሊሰማሽ አይፈልግም።,hate_speech,የጥላቻ ንግግር,silencing,ዝም ማሰኘት,Yes,አዎ አለ,individual,ግለሰብ,low,ዝቅተኛ,English-Amharic,Suppresses participation and recognition.,ተሳትፎን እና እውቅናን ይከልክላል።
865,They are a danger to everyone.,እነሱ ለሁሉም ስጋት ናቸው።,hate_speech,የጥላቻ ንግግር,threat,ማስፈራሪያ,Yes,አዎ አለ,group,ቡድን,high,ከፍተኛ,English-Amharic,Frames the target as danger.,እንደ ስጋት ይቀርባል።
866,Their kind always ruins everything.,የእነሱ ዓይነት ሁልጊዜ ሁሉንም ያበላሻል።,hate_speech,የጥላቻ ንግግር,stereotyping,የተዛባ አመለካከት,Yes,አዎ አለ,group,ቡድን,low,ዝቅተኛ,English-Amharic,Uses harmful group stereotype.,ለአንድ ቡድን ያለ የተዛባ አመለካከት።
867,Different views can still be handled kindly.,የተለያዩ አስተያየቶች በበጎ ሊታዩ ይችላሉ።,safe,ጥሩ ንግግር,none,የለም,No,የለም,none,የለም,zero,ዜሮ,English-Amharic,"Affirms dignity, cooperation, and mutual respect.",ክብርን፣ ትብብርን እና መከባበርን ያበረታታል።
868,You should be pushed out.,መባረር አለብህ።,hate_speech,የጥላቻ ንግግር,exclusion,ማግለል,Yes,አዎ አለ,group,ቡድን,high,ከፍተኛ,English-Amharic,Pushes removal and rejection.,ማግለልን እና መከልከልን ያበረታታል።
869,Different views can still be handled kindly.,የተለያዩ አስተያየቶች በበጎ ሊታዩ ይችላሉ።,safe,ጥሩ ንግግር,none,የለም,No,የለም,none,የለም,zero,ዜሮ,English-Amharic,"Affirms dignity, cooperation, and mutual respect.",ክብርን፣ ትብብርን እና መከባበርን ያበረታታል።
870,You do not belong here.,ይህ የእናንተ ቦታ አይደለም።,hate_speech,የጥላቻ ንግግር,belonging denial,አባልነትን መከልከል,Yes,አዎ አለ,group,ቡድን,high,ከፍተኛ,English-Amharic,Denies membership and belonging.,አባልነትን እና ተሳትፎን ይከለክላል።
871,You do not belong here.,ይህ የእናንተ ቦታ አይደለም።,hate_speech,የጥላቻ ንግግር,belonging denial,አባልነትን መከልከል,Yes,አዎ አለ,group,ቡድን,high,ከፍተኛ,English-Amharic,Denies membership and belonging.,አባልነትን እና ተሳትፎን ይከለክላል።
872,Nobody wants to hear you.,ማንም ሊሰማሽ አይፈልግም።,hate_speech,የጥላቻ ንግግር,silencing,ዝም ማሰኘት,Yes,አዎ አለ,individual,ግለሰብ,low,ዝቅተኛ,English-Amharic,Suppresses participation and recognition.,ተሳትፎን እና እውቅናን ይከልክላል።
873,We should treat people fairly.,ሰዎችን በፍትሃዊነት ማየት አለብን።,safe,ጥሩ ንግግር,none,የለም,No,የለም,none,የለም,zero,ዜሮ,English-Amharic,"Affirms dignity, cooperation, and mutual respect.",ክብርን፣ ትብብርን እና መከባበርን ያበረታታል።
874,We should treat people fairly.,ሰዎችን በፍትሃዊነት ማየት አለብን።,safe,ጥሩ ንግግር,none,የለም,No,የለም,none,የለም,zero,ዜሮ,English-Amharic,"Affirms dignity, cooperation, and mutual respect.",ክብርን፣ ትብብርን እና መከባበርን ያበረታታል።
875,Everyone deserves dignity.,ሁሉም ሰው ክብር ይገባዋል።,safe,ጥሩ ንግግር,none,የለም,No,የለም,none,የለም,zero,ዜሮ,English-Amharic,"Affirms dignity, cooperation, and mutual respect.",ክብርን፣ ትብብርን እና መከባበርን ያበረታታል።
876,Everyone deserves dignity.,ሁሉም ሰው ክብር ይገባዋል።,safe,ጥሩ ንግግር,none,የለም,No,የለም,none,የለም,zero,ዜሮ,English-Amharic,"Affirms dignity, cooperation, and mutual respect.",ክብርን፣ ትብብርን እና መከባበርን ያበረታታል።
877,That group is always the problem.,ያ ቡድን ሁልጊዜ ችግር ነው።,hate_speech,የጥላቻ ንግግር,stereotyping,የተዛባ አመለካከት,Yes,አዎ አለ,group,ቡድን,low,ዝቅተኛ,English-Amharic,Uses harmful group stereotype.,ለአንድ ቡድን ያለ የተዛባ አመለካከት።
878,We should treat people fairly.,ሰዎችን በፍትሃዊነት ማየት አለብን።,safe,ጥሩ ንግግር,none,የለም,No,የለም,none,የለም,zero,ዜሮ,English-Amharic,"Affirms dignity, cooperation, and mutual respect.",ክብርን፣ ትብብርን እና መከባበርን ያበረታታል።
879,Let us work for peace.,ለሰላም በጋራ እንስራ።,safe,ጥሩ ንግግር,none,የለም,No,የለም,none,የለም,zero,ዜሮ,English-Amharic,"Affirms dignity, cooperation, and mutual respect.",ክብርን፣ ትብብርን እና መከባበርን ያበረታታል።
880,They are not real people.,እውነተኛ ሰው አይደሉም።,hate_speech,የጥላቻ ንግግር,dehumanization,ሰብዓዊነትን መንፈግ,Yes,አዎ አለ,group,ቡድን,high,ከፍተኛ,English-Amharic,Strips humanity from the target.,ሰውነትን ይክዳል።
881,Respect helps communities grow stronger.,ክብር ማህበረሰቦችን ያጠናክራል።,safe,ጥሩ ንግግር,none,የለም,No,የለም,none,የለም,zero,ዜሮ,English-Amharic,"Affirms dignity, cooperation, and mutual respect.",ክብርን፣ ትብብርን እና መከባበርን ያበረታታል።
882,We should listen before judging.,ከመፍረድ በፊት ማዳመጥ አለብን።,safe,ጥሩ ንግግር,none,የለም,No,የለም,none,የለም,zero,ዜሮ,English-Amharic,"Affirms dignity, cooperation, and mutual respect.",ክብርን፣ ትብብርን እና መከባበርን ያበረታታል።
883,Respect helps communities grow stronger.,ክብር ማህበረሰቦችን ያጠናክራል።,safe,ጥሩ ንግግር,none,የለም,No,የለም,none,የለም,zero,ዜሮ,English-Amharic,"Affirms dignity, cooperation, and mutual respect.",ክብርን፣ ትብብርን እና መከባበርን ያበረታታል።
884,We should speak respectfully.,በክብር መናገር አለብን።,safe,ጥሩ ንግግር,none,የለም,No,የለም,none,የለም,zero,ዜሮ,English-Amharic,"Affirms dignity, cooperation, and mutual respect.",ክብርን፣ ትብብርን እና መከባበርን ያበረታታል።
885,We should listen before judging.,ከመፍረድ በፊት ማዳመጥ አለብን።,safe,ጥሩ ንግግር,none,የለም,No,የለም,none,የለም,zero,ዜሮ,English-Amharic,"Affirms dignity, cooperation, and mutual respect.",ክብርን፣ ትብብርን እና መከባበርን ያበረታታል።
886,You do not belong here.,ይህ የእናንተ ቦታ አይደለም።,hate_speech,የጥላቻ ንግግር,belonging denial,አባልነትን መከልከል,Yes,አዎ አለ,group,ቡድን,high,ከፍተኛ,English-Amharic,Denies membership and belonging.,አባልነትን እና ተሳትፎን ይከለክላል።
887,Let us find a solution that works for everyone.,ለሁሉም የሚሰራ መፍትሄ እንፈልግ።,safe,ጥሩ ንግግር,none,የለም,No,የለም,none,የለም,zero,ዜሮ,English-Amharic,"Affirms dignity, cooperation, and mutual respect.",ክብርን፣ ትብብርን እና መከባበርን ያበረታታል።
888,Let us work for peace.,ለሰላም በጋራ እንስራ።,safe,ጥሩ ንግግር,none,የለም,No,የለም,none,የለም,zero,ዜሮ,English-Amharic,"Affirms dignity, cooperation, and mutual respect.",ክብርን፣ ትብብርን እና መከባበርን ያበረታታል።
889,Every person should be heard.,እያንዳንዱ ሰው መሰማት አለበት።,safe,ጥሩ ንግግር,none,የለም,No,የለም,none,የለም,zero,ዜሮ,English-Amharic,"Affirms dignity, cooperation, and mutual respect.",ክብርን፣ ትብብርን እና መከባበርን ያበረታታል።
890,Let us find a solution that works for everyone.,ለሁሉም የሚሰራ መፍትሄ እንፈልግ።,safe,ጥሩ ንግግር,none,የለም,No,የለም,none,የለም,zero,ዜሮ,English-Amharic,"Affirms dignity, cooperation, and mutual respect.",ክብርን፣ ትብብርን እና መከባበርን ያበረታታል።
891,Every person should be heard.,እያንዳንዱ ሰው መሰማት አለበት።,safe,ጥሩ ንግግር,none,የለም,No,የለም,none,የለም,zero,ዜሮ,English-Amharic,"Affirms dignity, cooperation, and mutual respect.",ክብርን፣ ትብብርን እና መከባበርን ያበረታታል።
892,Different views can still be handled kindly.,የተለያዩ አስተያየቶች በበጎ ሊታዩ ይችላሉ።,safe,ጥሩ ንግግር,none,የለም,No,የለም,none,የለም,zero,ዜሮ,English-Amharic,"Affirms dignity, cooperation, and mutual respect.",ክብርን፣ ትብብርን እና መከባበርን ያበረታታል።
893,We can solve this together.,ይህን በጋራ መፍታት እንችላለን።,safe,ጥሩ ንግግር,none,የለም,No,የለም,none,የለም,zero,ዜሮ,English-Amharic,"Affirms dignity, cooperation, and mutual respect.",ክብርን፣ ትብብርን እና መከባበርን ያበረታታል።
894,We should listen before judging.,ከመፍረድ በፊት ማዳመጥ አለብን።,safe,ጥሩ ንግግር,none,የለም,No,የለም,none,የለም,zero,ዜሮ,English-Amharic,"Affirms dignity, cooperation, and mutual respect.",ክብርን፣ ትብብርን እና መከባበርን ያበረታታል።
895,They are not fully human.,እነሱ ሙሉ ሰው አይደሉም።,hate_speech,የጥላቻ ንግግር,dehumanization,ሰብዓዊነትን መንፈግ,Yes,አዎ አለ,group,ቡድን,high,ከፍተኛ,English-Amharic,Strips humanity from the target.,ሰውነትን ይክዳል።
896,They threaten our safety.,ደህንነታችንን ይሸብራሉ።,hate_speech,የጥላቻ ንግግር,threat,ማስፈራሪያ,Yes,አዎ አለ,group,ቡድን,high,ከፍተኛ,English-Amharic,Frames the target as danger.,እንደ ስጋት ይቀርባል።
897,You do not belong in this community.,በዚህ ማህበረሰብ ውስጥ አትገባም።,hate_speech,የጥላቻ ንግግር,belonging denial,አባልነትን መከልከል,Yes,አዎ አለ,group,ቡድን,high,ከፍተኛ,English-Amharic,Denies membership and belonging.,አባልነትን እና ተሳትፎን ይከለክላል።
898,Your voice does not matter here.,እዚህ ድምፅሽ ዋጋ የለውም።,hate_speech,የጥላቻ ንግግር,silencing,ዝም ማሰኘት,Yes,አዎ አለ,individual,ግለሰብ,low,ዝቅተኛ,English-Amharic,Suppresses participation and recognition.,ተሳትፎን እና እውቅናን ይከልክላል።
899,Everyone has value in this room.,በዚህ ክፍል ያለ ሁሉም ሰው ዋጋ አለው።,safe,ጥሩ ንግግር,none,የለም,No,የለም,none,የለም,zero,ዜሮ,English-Amharic,"Affirms dignity, cooperation, and mutual respect.",ክብርን፣ ትብብርን እና መከባበርን ያበረታታል።
900,They are not fully human.,እነሱ ሙሉ ሰው አይደሉም።,hate_speech,የጥላቻ ንግግር,dehumanization,ሰብዓዊነትን መንፈግ,Yes,አዎ አለ,group,ቡድን,high,ከፍተኛ,English-Amharic,Strips humanity from the target.,ሰውነትን ይክዳል።
901,We can disagree without hate.,ባንስማማም አለመጣላት እንችላለን።,safe,ጥሩ ንግግር,none,የለም,No,የለም,none,የለም,zero,ዜሮ,English-Amharic,"Affirms dignity, cooperation, and mutual respect.",ክብርን፣ ትብብርን እና መከባበርን ያበረታታል።
902,Let us work for peace.,ለሰላም በጋራ እንስራ።,safe,ጥሩ ንግግር,none,የለም,No,የለም,none,የለም,zero,ዜሮ,English-Amharic,"Affirms dignity, cooperation, and mutual respect.",ክብርን፣ ትብብርን እና መከባበርን ያበረታታል።
903,Their kind always ruins everything.,የእነሱ ዓይነት ሁልጊዜ ሁሉንም ያበላሻል።,hate_speech,የጥላቻ ንግግር,stereotyping,የተዛባ አመለካከት,Yes,አዎ አለ,group,ቡድን,low,ዝቅተኛ,English-Amharic,Uses harmful group stereotype.,ለአንድ ቡድን ያለ የተዛባ አመለካከት።
904,We can disagree without hate.,ባንስማማም አለመጣላት እንችላለን።,safe,ጥሩ ንግግር,none,የለም,No,የለም,none,የለም,zero,ዜሮ,English-Amharic,"Affirms dignity, cooperation, and mutual respect.",ክብርን፣ ትብብርን እና መከባበርን ያበረታታል።
905,They are not real people.,እውነተኛ ሰው አይደሉም።,hate_speech,የጥላቻ ንግግር,dehumanization,ሰብዓዊነትን መንፈግ,Yes,አዎ አለ,group,ቡድን,high,ከፍተኛ,English-Amharic,Strips humanity from the target.,ሰውነትን ይክዳል።
906,People deserve fairness and care.,ሰዎች ፍትሃዊነት እና እንክብካቤ ይገባቸዋል።,safe,ጥሩ ንግግር,none,የለም,No,የለም,none,የለም,zero,ዜሮ,English-Amharic,"Affirms dignity, cooperation, and mutual respect.",ክብርን፣ ትብብርን እና መከባበርን ያበረታታል።
907,People like them always cause trouble.,እንደ እነሱ ያሉ ሰዎች ሁልጊዜ ችግር ያመጣሉ።,hate_speech,የጥላቻ ንግግር,stereotyping,የተዛባ አመለካከት,Yes,አዎ አለ,group,ቡድን,low,ዝቅተኛ,English-Amharic,Uses harmful group stereotype.,ለአንድ ቡድን ያለ የተዛባ አመለካከት።
908,People deserve fairness and care.,ሰዎች ፍትሃዊነት እና እንክብካቤ ይገባቸዋል።,safe,ጥሩ ንግግር,none,የለም,No,የለም,none,የለም,zero,ዜሮ,English-Amharic,"Affirms dignity, cooperation, and mutual respect.",ክብርን፣ ትብብርን እና መከባበርን ያበረታታል።
909,Every person should be heard.,እያንዳንዱ ሰው መሰማት አለበት።,safe,ጥሩ ንግግር,none,የለም,No,የለም,none,የለም,zero,ዜሮ,English-Amharic,"Affirms dignity, cooperation, and mutual respect.",ክብርን፣ ትብብርን እና መከባበርን ያበረታታል።
910,We should speak respectfully.,በክብር መናገር አለብን።,safe,ጥሩ ንግግር,none,የለም,No,የለም,none,የለም,zero,ዜሮ,English-Amharic,"Affirms dignity, cooperation, and mutual respect.",ክብርን፣ ትብብርን እና መከባበርን ያበረታታል።
911,People deserve fairness and care.,ሰዎች ፍትሃዊነት እና እንክብካቤ ይገባቸዋል።,safe,ጥሩ ንግግር,none,የለም,No,የለም,none,የለም,zero,ዜሮ,English-Amharic,"Affirms dignity, cooperation, and mutual respect.",ክብርን፣ ትብብርን እና መከባበርን ያበረታታል።
912,You do not belong in this community.,በዚህ ማህበረሰብ ውስጥ አትገባም።,hate_speech,የጥላቻ ንግግር,belonging denial,አባልነትን መከልከል,Yes,አዎ አለ,group,ቡድን,high,ከፍተኛ,English-Amharic,Denies membership and belonging.,አባልነትን እና ተሳትፎን ይከለክላል።
913,That group is always the problem.,ያ ቡድን ሁልጊዜ ችግር ነው።,hate_speech,የጥላቻ ንግግር,stereotyping,የተዛባ አመለካከት,Yes,አዎ አለ,group,ቡድን,low,ዝቅተኛ,English-Amharic,Uses harmful group stereotype.,ለአንድ ቡድን ያለ የተዛባ አመለካከት።
914,They are not real people.,እውነተኛ ሰው አይደሉም።,hate_speech,የጥላቻ ንግግር,dehumanization,ሰብዓዊነትን መንፈግ,Yes,አዎ አለ,group,ቡድን,high,ከፍተኛ,English-Amharic,Strips humanity from the target.,ሰውነትን ይክዳል።
915,You have no place among us.,ከእኛ መካከል ቦታ የለህም።,hate_speech,የጥላቻ ንግግር,belonging denial,አባልነትን መከልከል,Yes,አዎ አለ,group,ቡድን,high,ከፍተኛ,English-Amharic,Denies membership and belonging.,አባልነትን እና ተሳትፎን ይከለክላል።
916,Get out of our space.,ከቦታችን ውጣ።,hate_speech,የጥላቻ ንግግር,exclusion,ማግለል,Yes,አዎ አለ,group,ቡድን,high,ከፍተኛ,English-Amharic,Pushes removal and rejection.,ማግለልን እና መከልከልን ያበረታታል።
917,Respect helps communities grow stronger.,ክብር ማህበረሰቦችን ያጠናክራል።,safe,ጥሩ ንግግር,none,የለም,No,የለም,none,የለም,zero,ዜሮ,English-Amharic,"Affirms dignity, cooperation, and mutual respect.",ክብርን፣ ትብብርን እና መከባበርን ያበረታታል።
918,Your voice does not matter here.,እዚህ ድምፅሽ ዋጋ የለውም።,hate_speech,የጥላቻ ንግግር,silencing,ዝም ማሰኘት,Yes,አዎ አለ,individual,ግለሰብ,low,ዝቅተኛ,English-Amharic,Suppresses participation and recognition.,ተሳትፎን እና እውቅናን ይከልክላል።
919,Every person should be heard.,እያንዳንዱ ሰው መሰማት አለበት።,safe,ጥሩ ንግግር,none,የለም,No,የለም,none,የለም,zero,ዜሮ,English-Amharic,"Affirms dignity, cooperation, and mutual respect.",ክብርን፣ ትብብርን እና መከባበርን ያበረታታል።
920,Get out of our space.,ከቦታችን ውጣ።,hate_speech,የጥላቻ ንግግር,exclusion,ማግለል,Yes,አዎ አለ,group,ቡድን,high,ከፍተኛ,English-Amharic,Pushes removal and rejection.,ማግለልን እና መከልከልን ያበረታታል።
921,Different views can still be handled kindly.,የተለያዩ አስተያየቶች በበጎ ሊታዩ ይችላሉ።,safe,ጥሩ ንግግር,none,የለም,No,የለም,none,የለም,zero,ዜሮ,English-Amharic,"Affirms dignity, cooperation, and mutual respect.",ክብርን፣ ትብብርን እና መከባበርን ያበረታታል።
922,They are less than human.,ከሰው በታች ናቸው።,hate_speech,የጥላቻ ንግግር,dehumanization,ሰብዓዊነትን መንፈግ,Yes,አዎ አለ,group,ቡድን,high,ከፍተኛ,English-Amharic,Strips humanity from the target.,ሰውነትን ይክዳል።
923,Let us find a solution that works for everyone.,ለሁሉም የሚሰራ መፍትሄ እንፈልግ።,safe,ጥሩ ንግግር,none,የለም,No,የለም,none,የለም,zero,ዜሮ,English-Amharic,"Affirms dignity, cooperation, and mutual respect.",ክብርን፣ ትብብርን እና መከባበርን ያበረታታል።
924,You have no place among us.,ከእኛ መካከል ቦታ የለህም።,hate_speech,የጥላቻ ንግግር,belonging denial,አባልነትን መከልከል,Yes,አዎ አለ,group,ቡድን,high,ከፍተኛ,English-Amharic,Denies membership and belonging.,አባልነትን እና ተሳትፎን ይከለክላል።
925,We should correct mistakes without humiliation.,ሰዎችን ሳናዋርድ ስህተትን ማስተካከል አለብን።,safe,ጥሩ ንግግር,none,የለም,No,የለም,none,የለም,zero,ዜሮ,English-Amharic,"Affirms dignity, cooperation, and mutual respect.",ክብርን፣ ትብብርን እና መከባበርን ያበረታታል።
926,Your voice does not matter here.,እዚህ ድምፅሽ ዋጋ የለውም።,hate_speech,የጥላቻ ንግግር,silencing,ዝም ማሰኘት,Yes,አዎ አለ,individual,ግለሰብ,low,ዝቅተኛ,English-Amharic,Suppresses participation and recognition.,ተሳትፎን እና እውቅናን ይከልክላል።
927,They are not fully human.,እነሱ ሙሉ ሰው አይደሉም።,hate_speech,የጥላቻ ንግግር,dehumanization,ሰብዓዊነትን መንፈግ,Yes,አዎ አለ,group,ቡድን,high,ከፍተኛ,English-Amharic,Strips humanity from the target.,ሰውነትን ይክዳል።
928,Their kind always ruins everything.,የእነሱ ዓይነት ሁልጊዜ ሁሉንም ያበላሻል።,hate_speech,የጥላቻ ንግግር,stereotyping,የተዛባ አመለካከት,Yes,አዎ አለ,group,ቡድን,low,ዝቅተኛ,English-Amharic,Uses harmful group stereotype.,ለአንድ ቡድን ያለ የተዛባ አመለካከት።
929,You do not belong in this community.,በዚህ ማህበረሰብ ውስጥ አትገባም።,hate_speech,የጥላቻ ንግግር,belonging denial,አባልነትን መከልከል,Yes,አዎ አለ,group,ቡድን,high,ከፍተኛ,English-Amharic,Denies membership and belonging.,አባልነትን እና ተሳትፎን ይከለክላል።
930,Let us work for peace.,ለሰላም በጋራ እንስራ።,safe,ጥሩ ንግግር,none,የለም,No,የለም,none,የለም,zero,ዜሮ,English-Amharic,"Affirms dignity, cooperation, and mutual respect.",ክብርን፣ ትብብርን እና መከባበርን ያበረታታል።
931,Let us find a solution that works for everyone.,ለሁሉም የሚሰራ መፍትሄ እንፈልግ።,safe,ጥሩ ንግግር,none,የለም,No,የለም,none,የለም,zero,ዜሮ,English-Amharic,"Affirms dignity, cooperation, and mutual respect.",ክብርን፣ ትብብርን እና መከባበርን ያበረታታል።
932,Everyone has value in this room.,በዚህ ክፍል ያለ ሁሉም ሰው ዋጋ አለው።,safe,ጥሩ ንግግር,none,የለም,No,የለም,none,የለም,zero,ዜሮ,English-Amharic,"Affirms dignity, cooperation, and mutual respect.",ክብርን፣ ትብብርን እና መከባበርን ያበረታታል።
933,That group is always the problem.,ያ ቡድን ሁልጊዜ ችግር ነው።,hate_speech,የጥላቻ ንግግር,stereotyping,የተዛባ አመለካከት,Yes,አዎ አለ,group,ቡድን,low,ዝቅተኛ,English-Amharic,Uses harmful group stereotype.,ለአንድ ቡድን ያለ የተዛባ አመለካከት።
934,Different views can still be handled kindly.,የተለያዩ አስተያየቶች በበጎ ሊታዩ ይችላሉ።,safe,ጥሩ ንግግር,none,የለም,No,የለም,none,የለም,zero,ዜሮ,English-Amharic,"Affirms dignity, cooperation, and mutual respect.",ክብርን፣ ትብብርን እና መከባበርን ያበረታታል።
935,We should speak respectfully.,በክብር መናገር አለብን።,safe,ጥሩ ንግግር,none,የለም,No,የለም,none,የለም,zero,ዜሮ,English-Amharic,"Affirms dignity, cooperation, and mutual respect.",ክብርን፣ ትብብርን እና መከባበርን ያበረታታል።
936,They threaten our safety.,ደህንነታችንን ይሸብራሉ።,hate_speech,የጥላቻ ንግግር,threat,ማስፈራሪያ,Yes,አዎ አለ,group,ቡድን,high,ከፍተኛ,English-Amharic,Frames the target as danger.,እንደ ስጋት ይቀርባል።
937,A fair discussion includes every voice.,ፍትሃዊ ውይይት ሁሉንም ድምፅ ያካትታል።,safe,ጥሩ ንግግር,none,የለም,No,የለም,none,የለም,zero,ዜሮ,English-Amharic,"Affirms dignity, cooperation, and mutual respect.",ክብርን፣ ትብብርን እና መከባበርን ያበረታታል።
938,We should speak respectfully.,በክብር መናገር አለብን።,safe,ጥሩ ንግግር,none,የለም,No,የለም,none,የለም,zero,ዜሮ,English-Amharic,"Affirms dignity, cooperation, and mutual respect.",ክብርን፣ ትብብርን እና መከባበርን ያበረታታል።
939,Different views can still be handled kindly.,የተለያዩ አስተያየቶች በበጎ ሊታዩ ይችላሉ።,safe,ጥሩ ንግግር,none,የለም,No,የለም,none,የለም,zero,ዜሮ,English-Amharic,"Affirms dignity, cooperation, and mutual respect.",ክብርን፣ ትብብርን እና መከባበርን ያበረታታል።
940,They threaten our safety.,ደህንነታችንን ይሸብራሉ።,hate_speech,የጥላቻ ንግግር,threat,ማስፈራሪያ,Yes,አዎ አለ,group,ቡድን,high,ከፍተኛ,English-Amharic,Frames the target as danger.,እንደ ስጋት ይቀርባል።
941,You should stay silent.,ዝም በይ።,hate_speech,የጥላቻ ንግግር,silencing,ዝም ማሰኘት,Yes,አዎ አለ,individual,ግለሰብ,low,ዝቅተኛ,English-Amharic,Suppresses participation and recognition.,ተሳትፎን እና እውቅናን ይከልክላል።
942,Let us find a solution that works for everyone.,ለሁሉም የሚሰራ መፍትሄ እንፈልግ።,safe,ጥሩ ንግግር,none,የለም,No,የለም,none,የለም,zero,ዜሮ,English-Amharic,"Affirms dignity, cooperation, and mutual respect.",ክብርን፣ ትብብርን እና መከባበርን ያበረታታል።
943,Leave our community now.,ከማህበረሰባችን አሁን ውጣ።,hate_speech,የጥላቻ ንግግር,exclusion,ማግለል,Yes,አዎ አለ,group,ቡድን,high,ከፍተኛ,English-Amharic,Pushes removal and rejection.,ማግለልን እና መከልከልን ያበረታታል።
944,Get out of our space.,ከቦታችን ውጣ።,hate_speech,የጥላቻ ንግግር,exclusion,ማግለል,Yes,አዎ አለ,group,ቡድን,high,ከፍተኛ,English-Amharic,Pushes removal and rejection.,ማግለልን እና መከልከልን ያበረታታል።
945,Get out of our space.,ከቦታችን ውጣ።,hate_speech,የጥላቻ ንግግር,exclusion,ማግለል,Yes,አዎ አለ,group,ቡድን,high,ከፍተኛ,English-Amharic,Pushes removal and rejection.,ማግለልን እና መከልከልን ያበረታታል።
946,Every person should be heard.,እያንዳንዱ ሰው መሰማት አለበት።,safe,ጥሩ ንግግር,none,የለም,No,የለም,none,የለም,zero,ዜሮ,English-Amharic,"Affirms dignity, cooperation, and mutual respect.",ክብርን፣ ትብብርን እና መከባበርን ያበረታታል።
947,A fair discussion includes every voice.,ፍትሃዊ ውይይት ሁሉንም ድምፅ ያካትታል።,safe,ጥሩ ንግግር,none,የለም,No,የለም,none,የለም,zero,ዜሮ,English-Amharic,"Affirms dignity, cooperation, and mutual respect.",ክብርን፣ ትብብርን እና መከባበርን ያበረታታል።
948,You have no place among us.,ከእኛ መካከል ቦታ የለህም።,hate_speech,የጥላቻ ንግግር,belonging denial,አባልነትን መከልከል,Yes,አዎ አለ,group,ቡድን,high,ከፍተኛ,English-Amharic,Denies membership and belonging.,አባልነትን እና ተሳትፎን ይከለክላል።
949,Respect helps communities grow stronger.,ክብር ማህበረሰቦችን ያጠናክራል።,safe,ጥሩ ንግግር,none,የለም,No,የለም,none,የለም,zero,ዜሮ,English-Amharic,"Affirms dignity, cooperation, and mutual respect.",ክብርን፣ ትብብርን እና መከባበርን ያበረታታል።
950,Everyone deserves dignity.,ሁሉም ሰው ክብር ይገባዋል።,safe,ጥሩ ንግግር,none,የለም,No,የለም,none,የለም,zero,ዜሮ,English-Amharic,"Affirms dignity, cooperation, and mutual respect.",ክብርን፣ ትብብርን እና መከባበርን ያበረታታል።
951,We should treat people fairly.,ሰዎችን በፍትሃዊነት ማየት አለብን።,safe,ጥሩ ንግግር,none,የለም,No,የለም,none,የለም,zero,ዜሮ,English-Amharic,"Affirms dignity, cooperation, and mutual respect.",ክብርን፣ ትብብርን እና መከባበርን ያበረታታል።
952,We should treat people fairly.,ሰዎችን በፍትሃዊነት ማየት አለብን።,safe,ጥሩ ንግግር,none,የለም,No,የለም,none,የለም,zero,ዜሮ,English-Amharic,"Affirms dignity, cooperation, and mutual respect.",ክብርን፣ ትብብርን እና መከባበርን ያበረታታል።
953,Every person should be heard.,እያንዳንዱ ሰው መሰማት አለበት።,safe,ጥሩ ንግግር,none,የለም,No,የለም,none,የለም,zero,ዜሮ,English-Amharic,"Affirms dignity, cooperation, and mutual respect.",ክብርን፣ ትብብርን እና መከባበርን ያበረታታል።
954,You have no place among us.,ከእኛ መካከል ቦታ የለህም።,hate_speech,የጥላቻ ንግግር,belonging denial,አባልነትን መከልከል,Yes,አዎ አለ,group,ቡድን,high,ከፍተኛ,English-Amharic,Denies membership and belonging.,አባልነትን እና ተሳትፎን ይከለክላል።
955,They are not fully human.,እነሱ ሙሉ ሰው አይደሉም።,hate_speech,የጥላቻ ንግግር,dehumanization,ሰብዓዊነትን መንፈግ,Yes,አዎ አለ,group,ቡድን,high,ከፍተኛ,English-Amharic,Strips humanity from the target.,ሰውነትን ይክዳል።
956,We can disagree without hate.,ባንስማማም አለመጣላት እንችላለን።,safe,ጥሩ ንግግር,none,የለም,No,የለም,none,የለም,zero,ዜሮ,English-Amharic,"Affirms dignity, cooperation, and mutual respect.",ክብርን፣ ትብብርን እና መከባበርን ያበረታታል።
957,They are not fully human.,እነሱ ሙሉ ሰው አይደሉም።,hate_speech,የጥላቻ ንግግር,dehumanization,ሰብዓዊነትን መንፈግ,Yes,አዎ አለ,group,ቡድን,high,ከፍተኛ,English-Amharic,Strips humanity from the target.,ሰውነትን ይክዳል።
958,You should stay silent.,ዝም በይ።,hate_speech,የጥላቻ ንግግር,silencing,ዝም ማሰኘት,Yes,አዎ አለ,individual,ግለሰብ,low,ዝቅተኛ,English-Amharic,Suppresses participation and recognition.,ተሳትፎን እና እውቅናን ይከልክላል።
959,Get out of our space.,ከቦታችን ውጣ።,hate_speech,የጥላቻ ንግግር,exclusion,ማግለል,Yes,አዎ አለ,group,ቡድን,high,ከፍተኛ,English-Amharic,Pushes removal and rejection.,ማግለልን እና መከልከልን ያበረታታል።
960,Get out of our space.,ከቦታችን ውጣ።,hate_speech,የጥላቻ ንግግር,exclusion,ማግለል,Yes,አዎ አለ,group,ቡድን,high,ከፍተኛ,English-Amharic,Pushes removal and rejection.,ማግለልን እና መከልከልን ያበረታታል።
961,Let us work for peace.,ለሰላም በጋራ እንስራ።,safe,ጥሩ ንግግር,none,የለም,No,የለም,none,የለም,zero,ዜሮ,English-Amharic,"Affirms dignity, cooperation, and mutual respect.",ክብርን፣ ትብብርን እና መከባበርን ያበረታታል።
962,We should correct mistakes without humiliation.,ሰዎችን ሳናዋርድ ስህተትን ማስተካከል አለብን።,safe,ጥሩ ንግግር,none,የለም,No,የለም,none,የለም,zero,ዜሮ,English-Amharic,"Affirms dignity, cooperation, and mutual respect.",ክብርን፣ ትብብርን እና መከባበርን ያበረታታል።
963,We should correct mistakes without humiliation.,ሰዎችን ሳናዋርድ ስህተትን ማስተካከል አለብን።,safe,ጥሩ ንግግር,none,የለም,No,የለም,none,የለም,zero,ዜሮ,English-Amharic,"Affirms dignity, cooperation, and mutual respect.",ክብርን፣ ትብብርን እና መከባበርን ያበረታታል።
964,You do not belong in this community.,በዚህ ማህበረሰብ ውስጥ አትገባም።,hate_speech,የጥላቻ ንግግር,belonging denial,አባልነትን መከልከል,Yes,አዎ አለ,group,ቡድን,high,ከፍተኛ,English-Amharic,Denies membership and belonging.,አባልነትን እና ተሳትፎን ይከለክላል።
965,We can disagree without hate.,ባንስማማም አለመጣላት እንችላለን።,safe,ጥሩ ንግግር,none,የለም,No,የለም,none,የለም,zero,ዜሮ,English-Amharic,"Affirms dignity, cooperation, and mutual respect.",ክብርን፣ ትብብርን እና መከባበርን ያበረታታል።
966,We can disagree without hate.,ባንስማማም አለመጣላት እንችላለን።,safe,ጥሩ ንግግር,none,የለም,No,የለም,none,የለም,zero,ዜሮ,English-Amharic,"Affirms dignity, cooperation, and mutual respect.",ክብርን፣ ትብብርን እና መከባበርን ያበረታታል።
967,We should speak respectfully.,በክብር መናገር አለብን።,safe,ጥሩ ንግግር,none,የለም,No,የለም,none,የለም,zero,ዜሮ,English-Amharic,"Affirms dignity, cooperation, and mutual respect.",ክብርን፣ ትብብርን እና መከባበርን ያበረታታል።
968,We can disagree without hate.,ባንስማማም አለመጣላት እንችላለን።,safe,ጥሩ ንግግር,none,የለም,No,የለም,none,የለም,zero,ዜሮ,English-Amharic,"Affirms dignity, cooperation, and mutual respect.",ክብርን፣ ትብብርን እና መከባበርን ያበረታታል።
969,We can solve this together.,ይህን በጋራ መፍታት እንችላለን።,safe,ጥሩ ንግግር,none,የለም,No,የለም,none,የለም,zero,ዜሮ,English-Amharic,"Affirms dignity, cooperation, and mutual respect.",ክብርን፣ ትብብርን እና መከባበርን ያበረታታል።
970,Their kind always ruins everything.,የእነሱ ዓይነት ሁልጊዜ ሁሉንም ያበላሻል።,hate_speech,የጥላቻ ንግግር,stereotyping,የተዛባ አመለካከት,Yes,አዎ አለ,group,ቡድን,low,ዝቅተኛ,English-Amharic,Uses harmful group stereotype.,ለአንድ ቡድን ያለ የተዛባ አመለካከት።
971,Respect helps communities grow stronger.,ክብር ማህበረሰቦችን ያጠናክራል።,safe,ጥሩ ንግግር,none,የለም,No,የለም,none,የለም,zero,ዜሮ,English-Amharic,"Affirms dignity, cooperation, and mutual respect.",ክብርን፣ ትብብርን እና መከባበርን ያበረታታል።
972,They are not real people.,እውነተኛ ሰው አይደሉም።,hate_speech,የጥላቻ ንግግር,dehumanization,ሰብዓዊነትን መንፈግ,Yes,አዎ አለ,group,ቡድን,high,ከፍተኛ,English-Amharic,Strips humanity from the target.,ሰውነትን ይክዳል።
973,We should fear what they will do.,ምን እንደሚያደርጉ መፍራት አለብን።,hate_speech,የጥላቻ ንግግር,threat,ማስፈራሪያ,Yes,አዎ አለ,group,ቡድን,high,ከፍተኛ,English-Amharic,Frames the target as danger.,እንደ ስጋት ይቀርባል።
974,Get out of our space.,ከቦታችን ውጣ።,hate_speech,የጥላቻ ንግግር,exclusion,ማግለል,Yes,አዎ አለ,group,ቡድን,high,ከፍተኛ,English-Amharic,Pushes removal and rejection.,ማግለልን እና መከልከልን ያበረታታል።
975,That group is always the problem.,ያ ቡድን ሁልጊዜ ችግር ነው።,hate_speech,የጥላቻ ንግግር,stereotyping,የተዛባ አመለካከት,Yes,አዎ አለ,group,ቡድን,low,ዝቅተኛ,English-Amharic,Uses harmful group stereotype.,ለአንድ ቡድን ያለ የተዛባ አመለካከት።
976,People like them always cause trouble.,እንደ እነሱ ያሉ ሰዎች ሁልጊዜ ችግር ያመጣሉ።,hate_speech,የጥላቻ ንግግር,stereotyping,የተዛባ አመለካከት,Yes,አዎ አለ,group,ቡድን,low,ዝቅተኛ,English-Amharic,Uses harmful group stereotype.,ለአንድ ቡድን ያለ የተዛባ አመለካከት።
977,We should speak respectfully.,በክብር መናገር አለብን።,safe,ጥሩ ንግግር,none,የለም,No,የለም,none,የለም,zero,ዜሮ,English-Amharic,"Affirms dignity, cooperation, and mutual respect.",ክብርን፣ ትብብርን እና መከባበርን ያበረታታል።
978,People like them always cause trouble.,እንደ እነሱ ያሉ ሰዎች ሁልጊዜ ችግር ያመጣሉ።,hate_speech,የጥላቻ ንግግር,stereotyping,የተዛባ አመለካከት,Yes,አዎ አለ,group,ቡድን,low,ዝቅተኛ,English-Amharic,Uses harmful group stereotype.,ለአንድ ቡድን ያለ የተዛባ አመለካከት።
979,Nobody wants to hear you.,ማንም ሊሰማሽ አይፈልግም።,hate_speech,የጥላቻ ንግግር,silencing,ዝም ማሰኘት,Yes,አዎ አለ,individual,ግለሰብ,low,ዝቅተኛ,English-Amharic,Suppresses participation and recognition.,ተሳትፎን እና እውቅናን ይከልክላል።
980,Their kind always ruins everything.,የእነሱ ዓይነት ሁልጊዜ ሁሉንም ያበላሻል።,hate_speech,የጥላቻ ንግግር,stereotyping,የተዛባ አመለካከት,Yes,አዎ አለ,group,ቡድን,low,ዝቅተኛ,English-Amharic,Uses harmful group stereotype.,ለአንድ ቡድን ያለ የተዛባ አመለካከት።
981,People like them always cause trouble.,እንደ እነሱ ያሉ ሰዎች ሁልጊዜ ችግር ያመጣሉ።,hate_speech,የጥላቻ ንግግር,stereotyping,የተዛባ አመለካከት,Yes,አዎ አለ,group,ቡድን,low,ዝቅተኛ,English-Amharic,Uses harmful group stereotype.,ለአንድ ቡድን ያለ የተዛባ አመለካከት።
982,That group is always the problem.,ያ ቡድን ሁልጊዜ ችግር ነው።,hate_speech,የጥላቻ ንግግር,stereotyping,የተዛባ አመለካከት,Yes,አዎ አለ,group,ቡድን,low,ዝቅተኛ,English-Amharic,Uses harmful group stereotype.,ለአንድ ቡድን ያለ የተዛባ አመለካከት።
983,A fair discussion includes every voice.,ፍትሃዊ ውይይት ሁሉንም ድምፅ ያካትታል።,safe,ጥሩ ንግግር,none,የለም,No,የለም,none,የለም,zero,ዜሮ,English-Amharic,"Affirms dignity, cooperation, and mutual respect.",ክብርን፣ ትብብርን እና መከባበርን ያበረታታል።
984,That group is always the problem.,ያ ቡድን ሁልጊዜ ችግር ነው።,hate_speech,የጥላቻ ንግግር,stereotyping,የተዛባ አመለካከት,Yes,አዎ አለ,group,ቡድን,low,ዝቅተኛ,English-Amharic,Uses harmful group stereotype.,ለአንድ ቡድን ያለ የተዛባ አመለካከት።
985,Let us work for peace.,ለሰላም በጋራ እንስራ።,safe,ጥሩ ንግግር,none,የለም,No,የለም,none,የለም,zero,ዜሮ,English-Amharic,"Affirms dignity, cooperation, and mutual respect.",ክብርን፣ ትብብርን እና መከባበርን ያበረታታል።
986,That group is always the problem.,ያ ቡድን ሁልጊዜ ችግር ነው።,hate_speech,የጥላቻ ንግግር,stereotyping,የተዛባ አመለካከት,Yes,አዎ አለ,group,ቡድን,low,ዝቅተኛ,English-Amharic,Uses harmful group stereotype.,ለአንድ ቡድን ያለ የተዛባ አመለካከት።
987,Nobody wants to hear you.,ማንም ሊሰማሽ አይፈልግም።,hate_speech,የጥላቻ ንግግር,silencing,ዝም ማሰኘት,Yes,አዎ አለ,individual,ግለሰብ,low,ዝቅተኛ,English-Amharic,Suppresses participation and recognition.,ተሳትፎን እና እውቅናን ይከልክላል።
988,Let us find a solution that works for everyone.,ለሁሉም የሚሰራ መፍትሄ እንፈልግ።,safe,ጥሩ ንግግር,none,የለም,No,የለም,none,የለም,zero,ዜሮ,English-Amharic,"Affirms dignity, cooperation, and mutual respect.",ክብርን፣ ትብብርን እና መከባበርን ያበረታታል።
989,You do not belong in this community.,በዚህ ማህበረሰብ ውስጥ አትገባም።,hate_speech,የጥላቻ ንግግር,belonging denial,አባልነትን መከልከል,Yes,አዎ አለ,group,ቡድን,high,ከፍተኛ,English-Amharic,Denies membership and belonging.,አባልነትን እና ተሳትፎን ይከለክላል።
990,They threaten our safety.,ደህንነታችንን ይሸብራሉ።,hate_speech,የጥላቻ ንግግር,threat,ማስፈራሪያ,Yes,አዎ አለ,group,ቡድን,high,ከፍተኛ,English-Amharic,Frames the target as danger.,እንደ ስጋት ይቀርባል።
991,A fair discussion includes every voice.,ፍትሃዊ ውይይት ሁሉንም ድምፅ ያካትታል።,safe,ጥሩ ንግግር,none,የለም,No,የለም,none,የለም,zero,ዜሮ,English-Amharic,"Affirms dignity, cooperation, and mutual respect.",ክብርን፣ ትብብርን እና መከባበርን ያበረታታል።
992,Your voice does not matter here.,እዚህ ድምፅሽ ዋጋ የለውም።,hate_speech,የጥላቻ ንግግር,silencing,ዝም ማሰኘት,Yes,አዎ አለ,individual,ግለሰብ,low,ዝቅተኛ,English-Amharic,Suppresses participation and recognition.,ተሳትፎን እና እውቅናን ይከልክላል።
993,We should fear what they will do.,ምን እንደሚያደርጉ መፍራት አለብን።,hate_speech,የጥላቻ ንግግር,threat,ማስፈራሪያ,Yes,አዎ አለ,group,ቡድን,high,ከፍተኛ,English-Amharic,Frames the target as danger.,እንደ ስጋት ይቀርባል።
994,A fair discussion includes every voice.,ፍትሃዊ ውይይት ሁሉንም ድምፅ ያካትታል።,safe,ጥሩ ንግግር,none,የለም,No,የለም,none,የለም,zero,ዜሮ,English-Amharic,"Affirms dignity, cooperation, and mutual respect.",ክብርን፣ ትብብርን እና መከባበርን ያበረታታል።
995,Everyone has value in this room.,በዚህ ክፍል ያለ ሁሉም ሰው ዋጋ አለው።,safe,ጥሩ ንግግር,none,የለም,No,የለም,none,የለም,zero,ዜሮ,English-Amharic,"Affirms dignity, cooperation, and mutual respect.",ክብርን፣ ትብብርን እና መከባበርን ያበረታታል።
996,Your voice does not matter here.,እዚህ ድምፅሽ ዋጋ የለውም።,hate_speech,የጥላቻ ንግግር,silencing,ዝም ማሰኘት,Yes,አዎ አለ,individual,ግለሰብ,low,ዝቅተኛ,English-Amharic,Suppresses participation and recognition.,ተሳትፎን እና እውቅናን ይከልክላል።
997,They are a danger to everyone.,እነሱ ለሁሉም ስጋት ናቸው።,hate_speech,የጥላቻ ንግግር,threat,ማስፈራሪያ,Yes,አዎ አለ,group,ቡድን,high,ከፍተኛ,English-Amharic,Frames the target as danger.,እንደ ስጋት ይቀርባል።
998,You should be pushed out.,መባረር አለብህ።,hate_speech,የጥላቻ ንግግር,exclusion,ማግለል,Yes,አዎ አለ,group,ቡድን,high,ከፍተኛ,English-Amharic,Pushes removal and rejection.,ማግለልን እና መከልከልን ያበረታታል።
999,Your voice does not matter here.,እዚህ ድምፅሽ ዋጋ የለውም።,hate_speech,የጥላቻ ንግግር,silencing,ዝም ማሰኘት,Yes,አዎ አለ,individual,ግለሰብ,low,ዝቅተኛ,English-Amharic,Suppresses participation and recognition.,ተሳትፎን እና እውቅናን ይከልክላል።
1000,We should speak respectfully.,በክብር መናገር አለብን።,safe,ጥሩ ንግግር,none,የለም,No,የለም,none,የለም,zero,ዜሮ,English-Amharic,"Affirms dignity, cooperation, and mutual respect.",ክብርን፣ ትብብርን እና መከባበርን ያበረታታል።
1001,You do not belong here.,ይህ የእናንተ ቦታ አይደለም።,hate_speech,የጥላቻ ንግግር,belonging denial,አባልነትን መከልከል,Yes,አዎ አለ,group,ቡድን,high,ከፍተኛ,English-Amharic,Denies membership and belonging.,አባልነትን እና ተሳትፎን ይከለክላል።
1002,People like them always cause trouble.,እንደ እነሱ ያሉ ሰዎች ሁልጊዜ ችግር ያመጣሉ።,hate_speech,የጥላቻ ንግግር,stereotyping,የተዛባ አመለካከት,Yes,አዎ አለ,group,ቡድን,low,ዝቅተኛ,English-Amharic,Uses harmful group stereotype.,ለአንድ ቡድን ያለ የተዛባ አመለካከት።
1003,You do not belong in this community.,በዚህ ማህበረሰብ ውስጥ አትገባም።,hate_speech,የጥላቻ ንግግር,belonging denial,አባልነትን መከልከል,Yes,አዎ አለ,group,ቡድን,high,ከፍተኛ,English-Amharic,Denies membership and belonging.,አባልነትን እና ተሳትፎን ይከለክላል።
1004,Everyone has value in this room.,በዚህ ክፍል ያለ ሁሉም ሰው ዋጋ አለው።,safe,ጥሩ ንግግር,none,የለም,No,የለም,none,የለም,zero,ዜሮ,English-Amharic,"Affirms dignity, cooperation, and mutual respect.",ክብርን፣ ትብብርን እና መከባበርን ያበረታታል።
1005,Leave our community now.,ከማህበረሰባችን አሁን ውጣ።,hate_speech,የጥላቻ ንግግር,exclusion,ማግለል,Yes,አዎ አለ,group,ቡድን,high,ከፍተኛ,English-Amharic,Pushes removal and rejection.,ማግለልን እና መከልከልን ያበረታታል።
1006,Leave our community now.,ከማህበረሰባችን አሁን ውጣ።,hate_speech,የጥላቻ ንግግር,exclusion,ማግለል,Yes,አዎ አለ,group,ቡድን,high,ከፍተኛ,English-Amharic,Pushes removal and rejection.,ማግለልን እና መከልከልን ያበረታታል።
1007,They are not real people.,እውነተኛ ሰው አይደሉም።,hate_speech,የጥላቻ ንግግር,dehumanization,ሰብዓዊነትን መንፈግ,Yes,አዎ አለ,group,ቡድን,high,ከፍተኛ,English-Amharic,Strips humanity from the target.,ሰውነትን ይክዳል።
1008,We should treat people fairly.,ሰዎችን በፍትሃዊነት ማየት አለብን።,safe,ጥሩ ንግግር,none,የለም,No,የለም,none,የለም,zero,ዜሮ,English-Amharic,"Affirms dignity, cooperation, and mutual respect.",ክብርን፣ ትብብርን እና መከባበርን ያበረታታል።
1009,Get out of our space.,ከቦታችን ውጣ።,hate_speech,የጥላቻ ንግግር,exclusion,ማግለል,Yes,አዎ አለ,group,ቡድን,high,ከፍተኛ,English-Amharic,Pushes removal and rejection.,ማግለልን እና መከልከልን ያበረታታል።
1010,Get out of our space.,ከቦታችን ውጣ።,hate_speech,የጥላቻ ንግግር,exclusion,ማግለል,Yes,አዎ አለ,group,ቡድን,high,ከፍተኛ,English-Amharic,Pushes removal and rejection.,ማግለልን እና መከልከልን ያበረታታል።
1011,Let us find a solution that works for everyone.,ለሁሉም የሚሰራ መፍትሄ እንፈልግ።,safe,ጥሩ ንግግር,none,የለም,No,የለም,none,የለም,zero,ዜሮ,English-Amharic,"Affirms dignity, cooperation, and mutual respect.",ክብርን፣ ትብብርን እና መከባበርን ያበረታታል።
1012,Your voice does not matter here.,እዚህ ድምፅሽ ዋጋ የለውም።,hate_speech,የጥላቻ ንግግር,silencing,ዝም ማሰኘት,Yes,አዎ አለ,individual,ግለሰብ,low,ዝቅተኛ,English-Amharic,Suppresses participation and recognition.,ተሳትፎን እና እውቅናን ይከልክላል።
1013,Different views can still be handled kindly.,የተለያዩ አስተያየቶች በበጎ ሊታዩ ይችላሉ።,safe,ጥሩ ንግግር,none,የለም,No,የለም,none,የለም,zero,ዜሮ,English-Amharic,"Affirms dignity, cooperation, and mutual respect.",ክብርን፣ ትብብርን እና መከባበርን ያበረታታል።
1014,They are a danger to everyone.,እነሱ ለሁሉም ስጋት ናቸው።,hate_speech,የጥላቻ ንግግር,threat,ማስፈራሪያ,Yes,አዎ አለ,group,ቡድን,high,ከፍተኛ,English-Amharic,Frames the target as danger.,እንደ ስጋት ይቀርባል።
1015,You should be pushed out.,መባረር አለብህ።,hate_speech,የጥላቻ ንግግር,exclusion,ማግለል,Yes,አዎ አለ,group,ቡድን,high,ከፍተኛ,English-Amharic,Pushes removal and rejection.,ማግለልን እና መከልከልን ያበረታታል።
1016,Let us find a solution that works for everyone.,ለሁሉም የሚሰራ መፍትሄ እንፈልግ።,safe,ጥሩ ንግግር,none,የለም,No,የለም,none,የለም,zero,ዜሮ,English-Amharic,"Affirms dignity, cooperation, and mutual respect.",ክብርን፣ ትብብርን እና መከባበርን ያበረታታል።
1017,Nobody wants to hear you.,ማንም ሊሰማሽ አይፈልግም።,hate_speech,የጥላቻ ንግግር,silencing,ዝም ማሰኘት,Yes,አዎ አለ,individual,ግለሰብ,low,ዝቅተኛ,English-Amharic,Suppresses participation and recognition.,ተሳትፎን እና እውቅናን ይከልክላል።
1018,They are not real people.,እውነተኛ ሰው አይደሉም።,hate_speech,የጥላቻ ንግግር,dehumanization,ሰብዓዊነትን መንፈግ,Yes,አዎ አለ,group,ቡድን,high,ከፍተኛ,English-Amharic,Strips humanity from the target.,ሰውነትን ይክዳል።
1019,They are a danger to everyone.,እነሱ ለሁሉም ስጋት ናቸው።,hate_speech,የጥላቻ ንግግር,threat,ማስፈራሪያ,Yes,አዎ አለ,group,ቡድን,high,ከፍተኛ,English-Amharic,Frames the target as danger.,እንደ ስጋት ይቀርባል።
1020,Everyone deserves dignity.,ሁሉም ሰው ክብር ይገባዋል።,safe,ጥሩ ንግግር,none,የለም,No,የለም,none,የለም,zero,ዜሮ,English-Amharic,"Affirms dignity, cooperation, and mutual respect.",ክብርን፣ ትብብርን እና መከባበርን ያበረታታል።
1021,Let us work for peace.,ለሰላም በጋራ እንስራ።,safe,ጥሩ ንግግር,none,የለም,No,የለም,none,የለም,zero,ዜሮ,English-Amharic,"Affirms dignity, cooperation, and mutual respect.",ክብርን፣ ትብብርን እና መከባበርን ያበረታታል።
1022,We should speak respectfully.,በክብር መናገር አለብን።,safe,ጥሩ ንግግር,none,የለም,No,የለም,none,የለም,zero,ዜሮ,English-Amharic,"Affirms dignity, cooperation, and mutual respect.",ክብርን፣ ትብብርን እና መከባበርን ያበረታታል።
1023,They are a danger to everyone.,እነሱ ለሁሉም ስጋት ናቸው።,hate_speech,የጥላቻ ንግግር,threat,ማስፈራሪያ,Yes,አዎ አለ,group,ቡድን,high,ከፍተኛ,English-Amharic,Frames the target as danger.,እንደ ስጋት ይቀርባል።
1024,You have no place among us.,ከእኛ መካከል ቦታ የለህም።,hate_speech,የጥላቻ ንግግር,belonging denial,አባልነትን መከልከል,Yes,አዎ አለ,group,ቡድን,high,ከፍተኛ,English-Amharic,Denies membership and belonging.,አባልነትን እና ተሳትፎን ይከለክላል።
1025,Different views can still be handled kindly.,የተለያዩ አስተያየቶች በበጎ ሊታዩ ይችላሉ።,safe,ጥሩ ንግግር,none,የለም,No,የለም,none,የለም,zero,ዜሮ,English-Amharic,"Affirms dignity, cooperation, and mutual respect.",ክብርን፣ ትብብርን እና መከባበርን ያበረታታል።
1026,Let us work for peace.,ለሰላም በጋራ እንስራ።,safe,ጥሩ ንግግር,none,የለም,No,የለም,none,የለም,zero,ዜሮ,English-Amharic,"Affirms dignity, cooperation, and mutual respect.",ክብርን፣ ትብብርን እና መከባበርን ያበረታታል።
1027,Your voice does not matter here.,እዚህ ድምፅሽ ዋጋ የለውም።,hate_speech,የጥላቻ ንግግር,silencing,ዝም ማሰኘት,Yes,አዎ አለ,individual,ግለሰብ,low,ዝቅተኛ,English-Amharic,Suppresses participation and recognition.,ተሳትፎን እና እውቅናን ይከልክላል።
1028,People deserve fairness and care.,ሰዎች ፍትሃዊነት እና እንክብካቤ ይገባቸዋል።,safe,ጥሩ ንግግር,none,የለም,No,የለም,none,የለም,zero,ዜሮ,English-Amharic,"Affirms dignity, cooperation, and mutual respect.",ክብርን፣ ትብብርን እና መከባበርን ያበረታታል።
1029,Everyone has value in this room.,በዚህ ክፍል ያለ ሁሉም ሰው ዋጋ አለው።,safe,ጥሩ ንግግር,none,የለም,No,የለም,none,የለም,zero,ዜሮ,English-Amharic,"Affirms dignity, cooperation, and mutual respect.",ክብርን፣ ትብብርን እና መከባበርን ያበረታታል።
1030,They are a danger to everyone.,እነሱ ለሁሉም ስጋት ናቸው።,hate_speech,የጥላቻ ንግግር,threat,ማስፈራሪያ,Yes,አዎ አለ,group,ቡድን,high,ከፍተኛ,English-Amharic,Frames the target as danger.,እንደ ስጋት ይቀርባል።
1031,We should listen before judging.,ከመፍረድ በፊት ማዳመጥ አለብን።,safe,ጥሩ ንግግር,none,የለም,No,የለም,none,የለም,zero,ዜሮ,English-Amharic,"Affirms dignity, cooperation, and mutual respect.",ክብርን፣ ትብብርን እና መከባበርን ያበረታታል።
1032,People deserve fairness and care.,ሰዎች ፍትሃዊነት እና እንክብካቤ ይገባቸዋል።,safe,ጥሩ ንግግር,none,የለም,No,የለም,none,የለም,zero,ዜሮ,English-Amharic,"Affirms dignity, cooperation, and mutual respect.",ክብርን፣ ትብብርን እና መከባበርን ያበረታታል።
1033,They are less than human.,ከሰው በታች ናቸው።,hate_speech,የጥላቻ ንግግር,dehumanization,ሰብዓዊነትን መንፈግ,Yes,አዎ አለ,group,ቡድን,high,ከፍተኛ,English-Amharic,Strips humanity from the target.,ሰውነትን ይክዳል።
1034,Everyone deserves dignity.,ሁሉም ሰው ክብር ይገባዋል።,safe,ጥሩ ንግግር,none,የለም,No,የለም,none,የለም,zero,ዜሮ,English-Amharic,"Affirms dignity, cooperation, and mutual respect.",ክብርን፣ ትብብርን እና መከባበርን ያበረታታል።
1035,Respect helps communities grow stronger.,ክብር ማህበረሰቦችን ያጠናክራል።,safe,ጥሩ ንግግር,none,የለም,No,የለም,none,የለም,zero,ዜሮ,English-Amharic,"Affirms dignity, cooperation, and mutual respect.",ክብርን፣ ትብብርን እና መከባበርን ያበረታታል።
1036,You should stay silent.,ዝም በይ።,hate_speech,የጥላቻ ንግግር,silencing,ዝም ማሰኘት,Yes,አዎ አለ,individual,ግለሰብ,low,ዝቅተኛ,English-Amharic,Suppresses participation and recognition.,ተሳትፎን እና እውቅናን ይከልክላል።
1037,Let us work for peace.,ለሰላም በጋራ እንስራ።,safe,ጥሩ ንግግር,none,የለም,No,የለም,none,የለም,zero,ዜሮ,English-Amharic,"Affirms dignity, cooperation, and mutual respect.",ክብርን፣ ትብብርን እና መከባበርን ያበረታታል።
1038,We should fear what they will do.,ምን እንደሚያደርጉ መፍራት አለብን።,hate_speech,የጥላቻ ንግግር,threat,ማስፈራሪያ,Yes,አዎ አለ,group,ቡድን,high,ከፍተኛ,English-Amharic,Frames the target as danger.,እንደ ስጋት ይቀርባል።
1039,Nobody wants to hear you.,ማንም ሊሰማሽ አይፈልግም።,hate_speech,የጥላቻ ንግግር,silencing,ዝም ማሰኘት,Yes,አዎ አለ,individual,ግለሰብ,low,ዝቅተኛ,English-Amharic,Suppresses participation and recognition.,ተሳትፎን እና እውቅናን ይከልክላል።
1040,Everyone has value in this room.,በዚህ ክፍል ያለ ሁሉም ሰው ዋጋ አለው።,safe,ጥሩ ንግግር,none,የለም,No,የለም,none,የለም,zero,ዜሮ,English-Amharic,"Affirms dignity, cooperation, and mutual respect.",ክብርን፣ ትብብርን እና መከባበርን ያበረታታል።
1041,Different views can still be handled kindly.,የተለያዩ አስተያየቶች በበጎ ሊታዩ ይችላሉ።,safe,ጥሩ ንግግር,none,የለም,No,የለም,none,የለም,zero,ዜሮ,English-Amharic,"Affirms dignity, cooperation, and mutual respect.",ክብርን፣ ትብብርን እና መከባበርን ያበረታታል።
1042,You should stay silent.,ዝም በይ።,hate_speech,የጥላቻ ንግግር,silencing,ዝም ማሰኘት,Yes,አዎ አለ,individual,ግለሰብ,low,ዝቅተኛ,English-Amharic,Suppresses participation and recognition.,ተሳትፎን እና እውቅናን ይከልክላል።
1043,You should be pushed out.,መባረር አለብህ።,hate_speech,የጥላቻ ንግግር,exclusion,ማግለል,Yes,አዎ አለ,group,ቡድን,high,ከፍተኛ,English-Amharic,Pushes removal and rejection.,ማግለልን እና መከልከልን ያበረታታል።
1044,You do not belong here.,ይህ የእናንተ ቦታ አይደለም።,hate_speech,የጥላቻ ንግግር,belonging denial,አባልነትን መከልከል,Yes,አዎ አለ,group,ቡድን,high,ከፍተኛ,English-Amharic,Denies membership and belonging.,አባልነትን እና ተሳትፎን ይከለክላል።
1045,A fair discussion includes every voice.,ፍትሃዊ ውይይት ሁሉንም ድምፅ ያካትታል።,safe,ጥሩ ንግግር,none,የለም,No,የለም,none,የለም,zero,ዜሮ,English-Amharic,"Affirms dignity, cooperation, and mutual respect.",ክብርን፣ ትብብርን እና መከባበርን ያበረታታል።
1046,They are not real people.,እውነተኛ ሰው አይደሉም።,hate_speech,የጥላቻ ንግግር,dehumanization,ሰብዓዊነትን መንፈግ,Yes,አዎ አለ,group,ቡድን,high,ከፍተኛ,English-Amharic,Strips humanity from the target.,ሰውነትን ይክዳል።
1047,Respect helps communities grow stronger.,ክብር ማህበረሰቦችን ያጠናክራል።,safe,ጥሩ ንግግር,none,የለም,No,የለም,none,የለም,zero,ዜሮ,English-Amharic,"Affirms dignity, cooperation, and mutual respect.",ክብርን፣ ትብብርን እና መከባበርን ያበረታታል።
1048,We can disagree without hate.,ባንስማማም አለመጣላት እንችላለን።,safe,ጥሩ ንግግር,none,የለም,No,የለም,none,የለም,zero,ዜሮ,English-Amharic,"Affirms dignity, cooperation, and mutual respect.",ክብርን፣ ትብብርን እና መከባበርን ያበረታታል።
1049,Nobody wants to hear you.,ማንም ሊሰማሽ አይፈልግም።,hate_speech,የጥላቻ ንግግር,silencing,ዝም ማሰኘት,Yes,አዎ አለ,individual,ግለሰብ,low,ዝቅተኛ,English-Amharic,Suppresses participation and recognition.,ተሳትፎን እና እውቅናን ይከልክላል።
1050,We should listen before judging.,ከመፍረድ በፊት ማዳመጥ አለብን።,safe,ጥሩ ንግግር,none,የለም,No,የለም,none,የለም,zero,ዜሮ,English-Amharic,"Affirms dignity, cooperation, and mutual respect.",ክብርን፣ ትብብርን እና መከባበርን ያበረታታል።
1051,Every person should be heard.,እያንዳንዱ ሰው መሰማት አለበት።,safe,ጥሩ ንግግር,none,የለም,No,የለም,none,የለም,zero,ዜሮ,English-Amharic,"Affirms dignity, cooperation, and mutual respect.",ክብርን፣ ትብብርን እና መከባበርን ያበረታታል።
1052,You have no place among us.,ከእኛ መካከል ቦታ የለህም።,hate_speech,የጥላቻ ንግግር,belonging denial,አባልነትን መከልከል,Yes,አዎ አለ,group,ቡድን,high,ከፍተኛ,English-Amharic,Denies membership and belonging.,አባልነትን እና ተሳትፎን ይከለክላል።
1053,That group is always the problem.,ያ ቡድን ሁልጊዜ ችግር ነው።,hate_speech,የጥላቻ ንግግር,stereotyping,የተዛባ አመለካከት,Yes,አዎ አለ,group,ቡድን,low,ዝቅተኛ,English-Amharic,Uses harmful group stereotype.,ለአንድ ቡድን ያለ የተዛባ አመለካከት።
1054,You should be pushed out.,መባረር አለብህ።,hate_speech,የጥላቻ ንግግር,exclusion,ማግለል,Yes,አዎ አለ,group,ቡድን,high,ከፍተኛ,English-Amharic,Pushes removal and rejection.,ማግለልን እና መከልከልን ያበረታታል።
1055,Their kind always ruins everything.,የእነሱ ዓይነት ሁልጊዜ ሁሉንም ያበላሻል።,hate_speech,የጥላቻ ንግግር,stereotyping,የተዛባ አመለካከት,Yes,አዎ አለ,group,ቡድን,low,ዝቅተኛ,English-Amharic,Uses harmful group stereotype.,ለአንድ ቡድን ያለ የተዛባ አመለካከት።
1056,Everyone deserves dignity.,ሁሉም ሰው ክብር ይገባዋል።,safe,ጥሩ ንግግር,none,የለም,No,የለም,none,የለም,zero,ዜሮ,English-Amharic,"Affirms dignity, cooperation, and mutual respect.",ክብርን፣ ትብብርን እና መከባበርን ያበረታታል።
1057,We should treat people fairly.,ሰዎችን በፍትሃዊነት ማየት አለብን።,safe,ጥሩ ንግግር,none,የለም,No,የለም,none,የለም,zero,ዜሮ,English-Amharic,"Affirms dignity, cooperation, and mutual respect.",ክብርን፣ ትብብርን እና መከባበርን ያበረታታል።
1058,That group is always the problem.,ያ ቡድን ሁልጊዜ ችግር ነው።,hate_speech,የጥላቻ ንግግር,stereotyping,የተዛባ አመለካከት,Yes,አዎ አለ,group,ቡድን,low,ዝቅተኛ,English-Amharic,Uses harmful group stereotype.,ለአንድ ቡድን ያለ የተዛባ አመለካከት።
1059,A fair discussion includes every voice.,ፍትሃዊ ውይይት ሁሉንም ድምፅ ያካትታል።,safe,ጥሩ ንግግር,none,የለም,No,የለም,none,የለም,zero,ዜሮ,English-Amharic,"Affirms dignity, cooperation, and mutual respect.",ክብርን፣ ትብብርን እና መከባበርን ያበረታታል።
1060,You do not belong here.,ይህ የእናንተ ቦታ አይደለም።,hate_speech,የጥላቻ ንግግር,belonging denial,አባልነትን መከልከል,Yes,አዎ አለ,group,ቡድን,high,ከፍተኛ,English-Amharic,Denies membership and belonging.,አባልነትን እና ተሳትፎን ይከለክላል።
1061,Nobody wants to hear you.,ማንም ሊሰማሽ አይፈልግም።,hate_speech,የጥላቻ ንግግር,silencing,ዝም ማሰኘት,Yes,አዎ አለ,individual,ግለሰብ,low,ዝቅተኛ,English-Amharic,Suppresses participation and recognition.,ተሳትፎን እና እውቅናን ይከልክላል።
1062,We can disagree without hate.,ባንስማማም አለመጣላት እንችላለን።,safe,ጥሩ ንግግር,none,የለም,No,የለም,none,የለም,zero,ዜሮ,English-Amharic,"Affirms dignity, cooperation, and mutual respect.",ክብርን፣ ትብብርን እና መከባበርን ያበረታታል።
1063,They are not fully human.,እነሱ ሙሉ ሰው አይደሉም።,hate_speech,የጥላቻ ንግግር,dehumanization,ሰብዓዊነትን መንፈግ,Yes,አዎ አለ,group,ቡድን,high,ከፍተኛ,English-Amharic,Strips humanity from the target.,ሰውነትን ይክዳል።
1064,You should stay silent.,ዝም በይ።,hate_speech,የጥላቻ ንግግር,silencing,ዝም ማሰኘት,Yes,አዎ አለ,individual,ግለሰብ,low,ዝቅተኛ,English-Amharic,Suppresses participation and recognition.,ተሳትፎን እና እውቅናን ይከልክላል።
1065,You should stay silent.,ዝም በይ።,hate_speech,የጥላቻ ንግግር,silencing,ዝም ማሰኘት,Yes,አዎ አለ,individual,ግለሰብ,low,ዝቅተኛ,English-Amharic,Suppresses participation and recognition.,ተሳትፎን እና እውቅናን ይከልክላል።
1066,We can solve this together.,ይህን በጋራ መፍታት እንችላለን።,safe,ጥሩ ንግግር,none,የለም,No,የለም,none,የለም,zero,ዜሮ,English-Amharic,"Affirms dignity, cooperation, and mutual respect.",ክብርን፣ ትብብርን እና መከባበርን ያበረታታል።
1067,We can disagree without hate.,ባንስማማም አለመጣላት እንችላለን።,safe,ጥሩ ንግግር,none,የለም,No,የለም,none,የለም,zero,ዜሮ,English-Amharic,"Affirms dignity, cooperation, and mutual respect.",ክብርን፣ ትብብርን እና መከባበርን ያበረታታል።
1068,They threaten our safety.,ደህንነታችንን ይሸብራሉ።,hate_speech,የጥላቻ ንግግር,threat,ማስፈራሪያ,Yes,አዎ አለ,group,ቡድን,high,ከፍተኛ,English-Amharic,Frames the target as danger.,እንደ ስጋት ይቀርባል።
1069,We can solve this together.,ይህን በጋራ መፍታት እንችላለን።,safe,ጥሩ ንግግር,none,የለም,No,የለም,none,የለም,zero,ዜሮ,English-Amharic,"Affirms dignity, cooperation, and mutual respect.",ክብርን፣ ትብብርን እና መከባበርን ያበረታታል።
1070,Let us find a solution that works for everyone.,ለሁሉም የሚሰራ መፍትሄ እንፈልግ።,safe,ጥሩ ንግግር,none,የለም,No,የለም,none,የለም,zero,ዜሮ,English-Amharic,"Affirms dignity, cooperation, and mutual respect.",ክብርን፣ ትብብርን እና መከባበርን ያበረታታል።
1071,They are a danger to everyone.,እነሱ ለሁሉም ስጋት ናቸው።,hate_speech,የጥላቻ ንግግር,threat,ማስፈራሪያ,Yes,አዎ አለ,group,ቡድን,high,ከፍተኛ,English-Amharic,Frames the target as danger.,እንደ ስጋት ይቀርባል።
1072,They are not fully human.,እነሱ ሙሉ ሰው አይደሉም።,hate_speech,የጥላቻ ንግግር,dehumanization,ሰብዓዊነትን መንፈግ,Yes,አዎ አለ,group,ቡድን,high,ከፍተኛ,English-Amharic,Strips humanity from the target.,ሰውነትን ይክዳል።
1073,They are a danger to everyone.,እነሱ ለሁሉም ስጋት ናቸው።,hate_speech,የጥላቻ ንግግር,threat,ማስፈራሪያ,Yes,አዎ አለ,group,ቡድን,high,ከፍተኛ,English-Amharic,Frames the target as danger.,እንደ ስጋት ይቀርባል።
1074,They are not real people.,እውነተኛ ሰው አይደሉም።,hate_speech,የጥላቻ ንግግር,dehumanization,ሰብዓዊነትን መንፈግ,Yes,አዎ አለ,group,ቡድን,high,ከፍተኛ,English-Amharic,Strips humanity from the target.,ሰውነትን ይክዳል።
1075,They are not real people.,እውነተኛ ሰው አይደሉም።,hate_speech,የጥላቻ ንግግር,dehumanization,ሰብዓዊነትን መንፈግ,Yes,አዎ አለ,group,ቡድን,high,ከፍተኛ,English-Amharic,Strips humanity from the target.,ሰውነትን ይክዳል።
1076,Nobody wants to hear you.,ማንም ሊሰማሽ አይፈልግም።,hate_speech,የጥላቻ ንግግር,silencing,ዝም ማሰኘት,Yes,አዎ አለ,individual,ግለሰብ,low,ዝቅተኛ,English-Amharic,Suppresses participation and recognition.,ተሳትፎን እና እውቅናን ይከልክላል።
1077,Respect helps communities grow stronger.,ክብር ማህበረሰቦችን ያጠናክራል።,safe,ጥሩ ንግግር,none,የለም,No,የለም,none,የለም,zero,ዜሮ,English-Amharic,"Affirms dignity, cooperation, and mutual respect.",ክብርን፣ ትብብርን እና መከባበርን ያበረታታል።
1078,We can solve this together.,ይህን በጋራ መፍታት እንችላለን።,safe,ጥሩ ንግግር,none,የለም,No,የለም,none,የለም,zero,ዜሮ,English-Amharic,"Affirms dignity, cooperation, and mutual respect.",ክብርን፣ ትብብርን እና መከባበርን ያበረታታል።
1079,Respect helps communities grow stronger.,ክብር ማህበረሰቦችን ያጠናክራል።,safe,ጥሩ ንግግር,none,የለም,No,የለም,none,የለም,zero,ዜሮ,English-Amharic,"Affirms dignity, cooperation, and mutual respect.",ክብርን፣ ትብብርን እና መከባበርን ያበረታታል።
1080,Different views can still be handled kindly.,የተለያዩ አስተያየቶች በበጎ ሊታዩ ይችላሉ።,safe,ጥሩ ንግግር,none,የለም,No,የለም,none,የለም,zero,ዜሮ,English-Amharic,"Affirms dignity, cooperation, and mutual respect.",ክብርን፣ ትብብርን እና መከባበርን ያበረታታል።
1081,We can disagree without hate.,ባንስማማም አለመጣላት እንችላለን።,safe,ጥሩ ንግግር,none,የለም,No,የለም,none,የለም,zero,ዜሮ,English-Amharic,"Affirms dignity, cooperation, and mutual respect.",ክብርን፣ ትብብርን እና መከባበርን ያበረታታል።
1082,Nobody wants to hear you.,ማንም ሊሰማሽ አይፈልግም።,hate_speech,የጥላቻ ንግግር,silencing,ዝም ማሰኘት,Yes,አዎ አለ,individual,ግለሰብ,low,ዝቅተኛ,English-Amharic,Suppresses participation and recognition.,ተሳትፎን እና እውቅናን ይከልክላል።
1083,You do not belong here.,ይህ የእናንተ ቦታ አይደለም።,hate_speech,የጥላቻ ንግግር,belonging denial,አባልነትን መከልከል,Yes,አዎ አለ,group,ቡድን,high,ከፍተኛ,English-Amharic,Denies membership and belonging.,አባልነትን እና ተሳትፎን ይከለክላል።
1084,Nobody wants to hear you.,ማንም ሊሰማሽ አይፈልግም።,hate_speech,የጥላቻ ንግግር,silencing,ዝም ማሰኘት,Yes,አዎ አለ,individual,ግለሰብ,low,ዝቅተኛ,English-Amharic,Suppresses participation and recognition.,ተሳትፎን እና እውቅናን ይከልክላል።
1085,You do not belong in this community.,በዚህ ማህበረሰብ ውስጥ አትገባም።,hate_speech,የጥላቻ ንግግር,belonging denial,አባልነትን መከልከል,Yes,አዎ አለ,group,ቡድን,high,ከፍተኛ,English-Amharic,Denies membership and belonging.,አባልነትን እና ተሳትፎን ይከለክላል።
1086,They are not real people.,እውነተኛ ሰው አይደሉም።,hate_speech,የጥላቻ ንግግር,dehumanization,ሰብዓዊነትን መንፈግ,Yes,አዎ አለ,group,ቡድን,high,ከፍተኛ,English-Amharic,Strips humanity from the target.,ሰውነትን ይክዳል።
1087,We should listen before judging.,ከመፍረድ በፊት ማዳመጥ አለብን።,safe,ጥሩ ንግግር,none,የለም,No,የለም,none,የለም,zero,ዜሮ,English-Amharic,"Affirms dignity, cooperation, and mutual respect.",ክብርን፣ ትብብርን እና መከባበርን ያበረታታል።
1088,They threaten our safety.,ደህንነታችንን ይሸብራሉ።,hate_speech,የጥላቻ ንግግር,threat,ማስፈራሪያ,Yes,አዎ አለ,group,ቡድን,high,ከፍተኛ,English-Amharic,Frames the target as danger.,እንደ ስጋት ይቀርባል።
1089,We should treat people fairly.,ሰዎችን በፍትሃዊነት ማየት አለብን።,safe,ጥሩ ንግግር,none,የለም,No,የለም,none,የለም,zero,ዜሮ,English-Amharic,"Affirms dignity, cooperation, and mutual respect.",ክብርን፣ ትብብርን እና መከባበርን ያበረታታል።
1090,Everyone has value in this room.,በዚህ ክፍል ያለ ሁሉም ሰው ዋጋ አለው።,safe,ጥሩ ንግግር,none,የለም,No,የለም,none,የለም,zero,ዜሮ,English-Amharic,"Affirms dignity, cooperation, and mutual respect.",ክብርን፣ ትብብርን እና መከባበርን ያበረታታል።
1091,You do not belong here.,ይህ የእናንተ ቦታ አይደለም።,hate_speech,የጥላቻ ንግግር,belonging denial,አባልነትን መከልከል,Yes,አዎ አለ,group,ቡድን,high,ከፍተኛ,English-Amharic,Denies membership and belonging.,አባልነትን እና ተሳትፎን ይከለክላል።
1092,We can disagree without hate.,ባንስማማም አለመጣላት እንችላለን።,safe,ጥሩ ንግግር,none,የለም,No,የለም,none,የለም,zero,ዜሮ,English-Amharic,"Affirms dignity, cooperation, and mutual respect.",ክብርን፣ ትብብርን እና መከባበርን ያበረታታል።
1093,You do not belong in this community.,በዚህ ማህበረሰብ ውስጥ አትገባም።,hate_speech,የጥላቻ ንግግር,belonging denial,አባልነትን መከልከል,Yes,አዎ አለ,group,ቡድን,high,ከፍተኛ,English-Amharic,Denies membership and belonging.,አባልነትን እና ተሳትፎን ይከለክላል።
1094,Every person should be heard.,እያንዳንዱ ሰው መሰማት አለበት።,safe,ጥሩ ንግግር,none,የለም,No,የለም,none,የለም,zero,ዜሮ,English-Amharic,"Affirms dignity, cooperation, and mutual respect.",ክብርን፣ ትብብርን እና መከባበርን ያበረታታል።
1095,Everyone deserves dignity.,ሁሉም ሰው ክብር ይገባዋል።,safe,ጥሩ ንግግር,none,የለም,No,የለም,none,የለም,zero,ዜሮ,English-Amharic,"Affirms dignity, cooperation, and mutual respect.",ክብርን፣ ትብብርን እና መከባበርን ያበረታታል።
1096,That group is always the problem.,ያ ቡድን ሁልጊዜ ችግር ነው።,hate_speech,የጥላቻ ንግግር,stereotyping,የተዛባ አመለካከት,Yes,አዎ አለ,group,ቡድን,low,ዝቅተኛ,English-Amharic,Uses harmful group stereotype.,ለአንድ ቡድን ያለ የተዛባ አመለካከት።
1097,Nobody wants to hear you.,ማንም ሊሰማሽ አይፈልግም።,hate_speech,የጥላቻ ንግግር,silencing,ዝም ማሰኘት,Yes,አዎ አለ,individual,ግለሰብ,low,ዝቅተኛ,English-Amharic,Suppresses participation and recognition.,ተሳትፎን እና እውቅናን ይከልክላል።
1098,We should speak respectfully.,በክብር መናገር አለብን።,safe,ጥሩ ንግግር,none,የለም,No,የለም,none,የለም,zero,ዜሮ,English-Amharic,"Affirms dignity, cooperation, and mutual respect.",ክብርን፣ ትብብርን እና መከባበርን ያበረታታል።
1099,They are not fully human.,እነሱ ሙሉ ሰው አይደሉም።,hate_speech,የጥላቻ ንግግር,dehumanization,ሰብዓዊነትን መንፈግ,Yes,አዎ አለ,group,ቡድን,high,ከፍተኛ,English-Amharic,Strips humanity from the target.,ሰውነትን ይክዳል።
1100,Their kind always ruins everything.,የእነሱ ዓይነት ሁልጊዜ ሁሉንም ያበላሻል።,hate_speech,የጥላቻ ንግግር,stereotyping,የተዛባ አመለካከት,Yes,አዎ አለ,group,ቡድን,low,ዝቅተኛ,English-Amharic,Uses harmful group stereotype.,ለአንድ ቡድን ያለ የተዛባ አመለካከት።
1101,Respect helps communities grow stronger.,ክብር ማህበረሰቦችን ያጠናክራል።,safe,ጥሩ ንግግር,none,የለም,No,የለም,none,የለም,zero,ዜሮ,English-Amharic,"Affirms dignity, cooperation, and mutual respect.",ክብርን፣ ትብብርን እና መከባበርን ያበረታታል።
1102,Different views can still be handled kindly.,የተለያዩ አስተያየቶች በበጎ ሊታዩ ይችላሉ።,safe,ጥሩ ንግግር,none,የለም,No,የለም,none,የለም,zero,ዜሮ,English-Amharic,"Affirms dignity, cooperation, and mutual respect.",ክብርን፣ ትብብርን እና መከባበርን ያበረታታል።
1103,That group is always the problem.,ያ ቡድን ሁልጊዜ ችግር ነው።,hate_speech,የጥላቻ ንግግር,stereotyping,የተዛባ አመለካከት,Yes,አዎ አለ,group,ቡድን,low,ዝቅተኛ,English-Amharic,Uses harmful group stereotype.,ለአንድ ቡድን ያለ የተዛባ አመለካከት።
1104,Let us work for peace.,ለሰላም በጋራ እንስራ።,safe,ጥሩ ንግግር,none,የለም,No,የለም,none,የለም,zero,ዜሮ,English-Amharic,"Affirms dignity, cooperation, and mutual respect.",ክብርን፣ ትብብርን እና መከባበርን ያበረታታል።
1105,Everyone has value in this room.,በዚህ ክፍል ያለ ሁሉም ሰው ዋጋ አለው።,safe,ጥሩ ንግግር,none,የለም,No,የለም,none,የለም,zero,ዜሮ,English-Amharic,"Affirms dignity, cooperation, and mutual respect.",ክብርን፣ ትብብርን እና መከባበርን ያበረታታል።
1106,You do not belong in this community.,በዚህ ማህበረሰብ ውስጥ አትገባም።,hate_speech,የጥላቻ ንግግር,belonging denial,አባልነትን መከልከል,Yes,አዎ አለ,group,ቡድን,high,ከፍተኛ,English-Amharic,Denies membership and belonging.,አባልነትን እና ተሳትፎን ይከለክላል።
1107,Let us find a solution that works for everyone.,ለሁሉም የሚሰራ መፍትሄ እንፈልግ።,safe,ጥሩ ንግግር,none,የለም,No,የለም,none,የለም,zero,ዜሮ,English-Amharic,"Affirms dignity, cooperation, and mutual respect.",ክብርን፣ ትብብርን እና መከባበርን ያበረታታል።
1108,A fair discussion includes every voice.,ፍትሃዊ ውይይት ሁሉንም ድምፅ ያካትታል።,safe,ጥሩ ንግግር,none,የለም,No,የለም,none,የለም,zero,ዜሮ,English-Amharic,"Affirms dignity, cooperation, and mutual respect.",ክብርን፣ ትብብርን እና መከባበርን ያበረታታል።
1109,We can disagree without hate.,ባንስማማም አለመጣላት እንችላለን።,safe,ጥሩ ንግግር,none,የለም,No,የለም,none,የለም,zero,ዜሮ,English-Amharic,"Affirms dignity, cooperation, and mutual respect.",ክብርን፣ ትብብርን እና መከባበርን ያበረታታል።
1110,We should fear what they will do.,ምን እንደሚያደርጉ መፍራት አለብን።,hate_speech,የጥላቻ ንግግር,threat,ማስፈራሪያ,Yes,አዎ አለ,group,ቡድን,high,ከፍተኛ,English-Amharic,Frames the target as danger.,እንደ ስጋት ይቀርባል።
1111,Everyone deserves dignity.,ሁሉም ሰው ክብር ይገባዋል።,safe,ጥሩ ንግግር,none,የለም,No,የለም,none,የለም,zero,ዜሮ,English-Amharic,"Affirms dignity, cooperation, and mutual respect.",ክብርን፣ ትብብርን እና መከባበርን ያበረታታል።
1112,Let us work for peace.,ለሰላም በጋራ እንስራ።,safe,ጥሩ ንግግር,none,የለም,No,የለም,none,የለም,zero,ዜሮ,English-Amharic,"Affirms dignity, cooperation, and mutual respect.",ክብርን፣ ትብብርን እና መከባበርን ያበረታታል።
1113,We should treat people fairly.,ሰዎችን በፍትሃዊነት ማየት አለብን።,safe,ጥሩ ንግግር,none,የለም,No,የለም,none,የለም,zero,ዜሮ,English-Amharic,"Affirms dignity, cooperation, and mutual respect.",ክብርን፣ ትብብርን እና መከባበርን ያበረታታል።
1114,We should fear what they will do.,ምን እንደሚያደርጉ መፍራት አለብን።,hate_speech,የጥላቻ ንግግር,threat,ማስፈራሪያ,Yes,አዎ አለ,group,ቡድን,high,ከፍተኛ,English-Amharic,Frames the target as danger.,እንደ ስጋት ይቀርባል።
1115,Let us work for peace.,ለሰላም በጋራ እንስራ።,safe,ጥሩ ንግግር,none,የለም,No,የለም,none,የለም,zero,ዜሮ,English-Amharic,"Affirms dignity, cooperation, and mutual respect.",ክብርን፣ ትብብርን እና መከባበርን ያበረታታል።
1116,Different views can still be handled kindly.,የተለያዩ አስተያየቶች በበጎ ሊታዩ ይችላሉ።,safe,ጥሩ ንግግር,none,የለም,No,የለም,none,የለም,zero,ዜሮ,English-Amharic,"Affirms dignity, cooperation, and mutual respect.",ክብርን፣ ትብብርን እና መከባበርን ያበረታታል።
1117,Every person should be heard.,እያንዳንዱ ሰው መሰማት አለበት።,safe,ጥሩ ንግግር,none,የለም,No,የለም,none,የለም,zero,ዜሮ,English-Amharic,"Affirms dignity, cooperation, and mutual respect.",ክብርን፣ ትብብርን እና መከባበርን ያበረታታል።
1118,We can disagree without hate.,ባንስማማም አለመጣላት እንችላለን።,safe,ጥሩ ንግግር,none,የለም,No,የለም,none,የለም,zero,ዜሮ,English-Amharic,"Affirms dignity, cooperation, and mutual respect.",ክብርን፣ ትብብርን እና መከባበርን ያበረታታል።
1119,People deserve fairness and care.,ሰዎች ፍትሃዊነት እና እንክብካቤ ይገባቸዋል።,safe,ጥሩ ንግግር,none,የለም,No,የለም,none,የለም,zero,ዜሮ,English-Amharic,"Affirms dignity, cooperation, and mutual respect.",ክብርን፣ ትብብርን እና መከባበርን ያበረታታል።
1120,Everyone has value in this room.,በዚህ ክፍል ያለ ሁሉም ሰው ዋጋ አለው።,safe,ጥሩ ንግግር,none,የለም,No,የለም,none,የለም,zero,ዜሮ,English-Amharic,"Affirms dignity, cooperation, and mutual respect.",ክብርን፣ ትብብርን እና መከባበርን ያበረታታል።
1121,You have no place among us.,ከእኛ መካከል ቦታ የለህም።,hate_speech,የጥላቻ ንግግር,belonging denial,አባልነትን መከልከል,Yes,አዎ አለ,group,ቡድን,high,ከፍተኛ,English-Amharic,Denies membership and belonging.,አባልነትን እና ተሳትፎን ይከለክላል።
1122,Everyone deserves dignity.,ሁሉም ሰው ክብር ይገባዋል።,safe,ጥሩ ንግግር,none,የለም,No,የለም,none,የለም,zero,ዜሮ,English-Amharic,"Affirms dignity, cooperation, and mutual respect.",ክብርን፣ ትብብርን እና መከባበርን ያበረታታል።
1123,Respect helps communities grow stronger.,ክብር ማህበረሰቦችን ያጠናክራል።,safe,ጥሩ ንግግር,none,የለም,No,የለም,none,የለም,zero,ዜሮ,English-Amharic,"Affirms dignity, cooperation, and mutual respect.",ክብርን፣ ትብብርን እና መከባበርን ያበረታታል።
1124,They are a danger to everyone.,እነሱ ለሁሉም ስጋት ናቸው።,hate_speech,የጥላቻ ንግግር,threat,ማስፈራሪያ,Yes,አዎ አለ,group,ቡድን,high,ከፍተኛ,English-Amharic,Frames the target as danger.,እንደ ስጋት ይቀርባል።
1125,You do not belong here.,ይህ የእናንተ ቦታ አይደለም።,hate_speech,የጥላቻ ንግግር,belonging denial,አባልነትን መከልከል,Yes,አዎ አለ,group,ቡድን,high,ከፍተኛ,English-Amharic,Denies membership and belonging.,አባልነትን እና ተሳትፎን ይከለክላል።
1126,You do not belong here.,ይህ የእናንተ ቦታ አይደለም።,hate_speech,የጥላቻ ንግግር,belonging denial,አባልነትን መከልከል,Yes,አዎ አለ,group,ቡድን,high,ከፍተኛ,English-Amharic,Denies membership and belonging.,አባልነትን እና ተሳትፎን ይከለክላል።
1127,You should be pushed out.,መባረር አለብህ።,hate_speech,የጥላቻ ንግግር,exclusion,ማግለል,Yes,አዎ አለ,group,ቡድን,high,ከፍተኛ,English-Amharic,Pushes removal and rejection.,ማግለልን እና መከልከልን ያበረታታል።
1128,A fair discussion includes every voice.,ፍትሃዊ ውይይት ሁሉንም ድምፅ ያካትታል።,safe,ጥሩ ንግግር,none,የለም,No,የለም,none,የለም,zero,ዜሮ,English-Amharic,"Affirms dignity, cooperation, and mutual respect.",ክብርን፣ ትብብርን እና መከባበርን ያበረታታል።
1129,Nobody wants to hear you.,ማንም ሊሰማሽ አይፈልግም።,hate_speech,የጥላቻ ንግግር,silencing,ዝም ማሰኘት,Yes,አዎ አለ,individual,ግለሰብ,low,ዝቅተኛ,English-Amharic,Suppresses participation and recognition.,ተሳትፎን እና እውቅናን ይከልክላል።
1130,You should be pushed out.,መባረር አለብህ።,hate_speech,የጥላቻ ንግግር,exclusion,ማግለል,Yes,አዎ አለ,group,ቡድን,high,ከፍተኛ,English-Amharic,Pushes removal and rejection.,ማግለልን እና መከልከልን ያበረታታል።
1131,You should be pushed out.,መባረር አለብህ።,hate_speech,የጥላቻ ንግግር,exclusion,ማግለል,Yes,አዎ አለ,group,ቡድን,high,ከፍተኛ,English-Amharic,Pushes removal and rejection.,ማግለልን እና መከልከልን ያበረታታል።
1132,You have no place among us.,ከእኛ መካከል ቦታ የለህም።,hate_speech,የጥላቻ ንግግር,belonging denial,አባልነትን መከልከል,Yes,አዎ አለ,group,ቡድን,high,ከፍተኛ,English-Amharic,Denies membership and belonging.,አባልነትን እና ተሳትፎን ይከለክላል።
1133,A fair discussion includes every voice.,ፍትሃዊ ውይይት ሁሉንም ድምፅ ያካትታል።,safe,ጥሩ ንግግር,none,የለም,No,የለም,none,የለም,zero,ዜሮ,English-Amharic,"Affirms dignity, cooperation, and mutual respect.",ክብርን፣ ትብብርን እና መከባበርን ያበረታታል።
1134,Everyone has value in this room.,በዚህ ክፍል ያለ ሁሉም ሰው ዋጋ አለው።,safe,ጥሩ ንግግር,none,የለም,No,የለም,none,የለም,zero,ዜሮ,English-Amharic,"Affirms dignity, cooperation, and mutual respect.",ክብርን፣ ትብብርን እና መከባበርን ያበረታታል።
1135,We should speak respectfully.,በክብር መናገር አለብን።,safe,ጥሩ ንግግር,none,የለም,No,የለም,none,የለም,zero,ዜሮ,English-Amharic,"Affirms dignity, cooperation, and mutual respect.",ክብርን፣ ትብብርን እና መከባበርን ያበረታታል።
1136,Everyone has value in this room.,በዚህ ክፍል ያለ ሁሉም ሰው ዋጋ አለው።,safe,ጥሩ ንግግር,none,የለም,No,የለም,none,የለም,zero,ዜሮ,English-Amharic,"Affirms dignity, cooperation, and mutual respect.",ክብርን፣ ትብብርን እና መከባበርን ያበረታታል።
1137,Let us work for peace.,ለሰላም በጋራ እንስራ።,safe,ጥሩ ንግግር,none,የለም,No,የለም,none,የለም,zero,ዜሮ,English-Amharic,"Affirms dignity, cooperation, and mutual respect.",ክብርን፣ ትብብርን እና መከባበርን ያበረታታል።
1138,Respect helps communities grow stronger.,ክብር ማህበረሰቦችን ያጠናክራል።,safe,ጥሩ ንግግር,none,የለም,No,የለም,none,የለም,zero,ዜሮ,English-Amharic,"Affirms dignity, cooperation, and mutual respect.",ክብርን፣ ትብብርን እና መከባበርን ያበረታታል።
1139,Let us work for peace.,ለሰላም በጋራ እንስራ።,safe,ጥሩ ንግግር,none,የለም,No,የለም,none,የለም,zero,ዜሮ,English-Amharic,"Affirms dignity, cooperation, and mutual respect.",ክብርን፣ ትብብርን እና መከባበርን ያበረታታል።
1140,Get out of our space.,ከቦታችን ውጣ።,hate_speech,የጥላቻ ንግግር,exclusion,ማግለል,Yes,አዎ አለ,group,ቡድን,high,ከፍተኛ,English-Amharic,Pushes removal and rejection.,ማግለልን እና መከልከልን ያበረታታል።
1141,We should treat people fairly.,ሰዎችን በፍትሃዊነት ማየት አለብን።,safe,ጥሩ ንግግር,none,የለም,No,የለም,none,የለም,zero,ዜሮ,English-Amharic,"Affirms dignity, cooperation, and mutual respect.",ክብርን፣ ትብብርን እና መከባበርን ያበረታታል።
1142,They are a danger to everyone.,እነሱ ለሁሉም ስጋት ናቸው።,hate_speech,የጥላቻ ንግግር,threat,ማስፈራሪያ,Yes,አዎ አለ,group,ቡድን,high,ከፍተኛ,English-Amharic,Frames the target as danger.,እንደ ስጋት ይቀርባል።
1143,We can disagree without hate.,ባንስማማም አለመጣላት እንችላለን።,safe,ጥሩ ንግግር,none,የለም,No,የለም,none,የለም,zero,ዜሮ,English-Amharic,"Affirms dignity, cooperation, and mutual respect.",ክብርን፣ ትብብርን እና መከባበርን ያበረታታል።
1144,We should speak respectfully.,በክብር መናገር አለብን።,safe,ጥሩ ንግግር,none,የለም,No,የለም,none,የለም,zero,ዜሮ,English-Amharic,"Affirms dignity, cooperation, and mutual respect.",ክብርን፣ ትብብርን እና መከባበርን ያበረታታል።
1145,We should fear what they will do.,ምን እንደሚያደርጉ መፍራት አለብን።,hate_speech,የጥላቻ ንግግር,threat,ማስፈራሪያ,Yes,አዎ አለ,group,ቡድን,high,ከፍተኛ,English-Amharic,Frames the target as danger.,እንደ ስጋት ይቀርባል።
1146,Respect helps communities grow stronger.,ክብር ማህበረሰቦችን ያጠናክራል።,safe,ጥሩ ንግግር,none,የለም,No,የለም,none,የለም,zero,ዜሮ,English-Amharic,"Affirms dignity, cooperation, and mutual respect.",ክብርን፣ ትብብርን እና መከባበርን ያበረታታል።
1147,You do not belong in this community.,በዚህ ማህበረሰብ ውስጥ አትገባም።,hate_speech,የጥላቻ ንግግር,belonging denial,አባልነትን መከልከል,Yes,አዎ አለ,group,ቡድን,high,ከፍተኛ,English-Amharic,Denies membership and belonging.,አባልነትን እና ተሳትፎን ይከለክላል።
1148,We should treat people fairly.,ሰዎችን በፍትሃዊነት ማየት አለብን።,safe,ጥሩ ንግግር,none,የለም,No,የለም,none,የለም,zero,ዜሮ,English-Amharic,"Affirms dignity, cooperation, and mutual respect.",ክብርን፣ ትብብርን እና መከባበርን ያበረታታል።
1149,Leave our community now.,ከማህበረሰባችን አሁን ውጣ።,hate_speech,የጥላቻ ንግግር,exclusion,ማግለል,Yes,አዎ አለ,group,ቡድን,high,ከፍተኛ,English-Amharic,Pushes removal and rejection.,ማግለልን እና መከልከልን ያበረታታል።
1150,People like them always cause trouble.,እንደ እነሱ ያሉ ሰዎች ሁልጊዜ ችግር ያመጣሉ።,hate_speech,የጥላቻ ንግግር,stereotyping,የተዛባ አመለካከት,Yes,አዎ አለ,group,ቡድን,low,ዝቅተኛ,English-Amharic,Uses harmful group stereotype.,ለአንድ ቡድን ያለ የተዛባ አመለካከት።
1151,We should correct mistakes without humiliation.,ሰዎችን ሳናዋርድ ስህተትን ማስተካከል አለብን።,safe,ጥሩ ንግግር,none,የለም,No,የለም,none,የለም,zero,ዜሮ,English-Amharic,"Affirms dignity, cooperation, and mutual respect.",ክብርን፣ ትብብርን እና መከባበርን ያበረታታል።
1152,We can solve this together.,ይህን በጋራ መፍታት እንችላለን።,safe,ጥሩ ንግግር,none,የለም,No,የለም,none,የለም,zero,ዜሮ,English-Amharic,"Affirms dignity, cooperation, and mutual respect.",ክብርን፣ ትብብርን እና መከባበርን ያበረታታል።
1153,Respect helps communities grow stronger.,ክብር ማህበረሰቦችን ያጠናክራል።,safe,ጥሩ ንግግር,none,የለም,No,የለም,none,የለም,zero,ዜሮ,English-Amharic,"Affirms dignity, cooperation, and mutual respect.",ክብርን፣ ትብብርን እና መከባበርን ያበረታታል።
1154,They are a danger to everyone.,እነሱ ለሁሉም ስጋት ናቸው።,hate_speech,የጥላቻ ንግግር,threat,ማስፈራሪያ,Yes,አዎ አለ,group,ቡድን,high,ከፍተኛ,English-Amharic,Frames the target as danger.,እንደ ስጋት ይቀርባል።
1155,They are not real people.,እውነተኛ ሰው አይደሉም።,hate_speech,የጥላቻ ንግግር,dehumanization,ሰብዓዊነትን መንፈግ,Yes,አዎ አለ,group,ቡድን,high,ከፍተኛ,English-Amharic,Strips humanity from the target.,ሰውነትን ይክዳል።
1156,Respect helps communities grow stronger.,ክብር ማህበረሰቦችን ያጠናክራል።,safe,ጥሩ ንግግር,none,የለም,No,የለም,none,የለም,zero,ዜሮ,English-Amharic,"Affirms dignity, cooperation, and mutual respect.",ክብርን፣ ትብብርን እና መከባበርን ያበረታታል።
1157,People deserve fairness and care.,ሰዎች ፍትሃዊነት እና እንክብካቤ ይገባቸዋል።,safe,ጥሩ ንግግር,none,የለም,No,የለም,none,የለም,zero,ዜሮ,English-Amharic,"Affirms dignity, cooperation, and mutual respect.",ክብርን፣ ትብብርን እና መከባበርን ያበረታታል።
1158,Respect helps communities grow stronger.,ክብር ማህበረሰቦችን ያጠናክራል።,safe,ጥሩ ንግግር,none,የለም,No,የለም,none,የለም,zero,ዜሮ,English-Amharic,"Affirms dignity, cooperation, and mutual respect.",ክብርን፣ ትብብርን እና መከባበርን ያበረታታል።
1159,A fair discussion includes every voice.,ፍትሃዊ ውይይት ሁሉንም ድምፅ ያካትታል።,safe,ጥሩ ንግግር,none,የለም,No,የለም,none,የለም,zero,ዜሮ,English-Amharic,"Affirms dignity, cooperation, and mutual respect.",ክብርን፣ ትብብርን እና መከባበርን ያበረታታል።
1160,Get out of our space.,ከቦታችን ውጣ።,hate_speech,የጥላቻ ንግግር,exclusion,ማግለል,Yes,አዎ አለ,group,ቡድን,high,ከፍተኛ,English-Amharic,Pushes removal and rejection.,ማግለልን እና መከልከልን ያበረታታል።
1161,Nobody wants to hear you.,ማንም ሊሰማሽ አይፈልግም።,hate_speech,የጥላቻ ንግግር,silencing,ዝም ማሰኘት,Yes,አዎ አለ,individual,ግለሰብ,low,ዝቅተኛ,English-Amharic,Suppresses participation and recognition.,ተሳትፎን እና እውቅናን ይከልክላል።
1162,Let us work for peace.,ለሰላም በጋራ እንስራ።,safe,ጥሩ ንግግር,none,የለም,No,የለም,none,የለም,zero,ዜሮ,English-Amharic,"Affirms dignity, cooperation, and mutual respect.",ክብርን፣ ትብብርን እና መከባበርን ያበረታታል።
1163,Their kind always ruins everything.,የእነሱ ዓይነት ሁልጊዜ ሁሉንም ያበላሻል።,hate_speech,የጥላቻ ንግግር,stereotyping,የተዛባ አመለካከት,Yes,አዎ አለ,group,ቡድን,low,ዝቅተኛ,English-Amharic,Uses harmful group stereotype.,ለአንድ ቡድን ያለ የተዛባ አመለካከት።
1164,We can solve this together.,ይህን በጋራ መፍታት እንችላለን።,safe,ጥሩ ንግግር,none,የለም,No,የለም,none,የለም,zero,ዜሮ,English-Amharic,"Affirms dignity, cooperation, and mutual respect.",ክብርን፣ ትብብርን እና መከባበርን ያበረታታል።
1165,They are not real people.,እውነተኛ ሰው አይደሉም።,hate_speech,የጥላቻ ንግግር,dehumanization,ሰብዓዊነትን መንፈግ,Yes,አዎ አለ,group,ቡድን,high,ከፍተኛ,English-Amharic,Strips humanity from the target.,ሰውነትን ይክዳል።
1166,That group is always the problem.,ያ ቡድን ሁልጊዜ ችግር ነው።,hate_speech,የጥላቻ ንግግር,stereotyping,የተዛባ አመለካከት,Yes,አዎ አለ,group,ቡድን,low,ዝቅተኛ,English-Amharic,Uses harmful group stereotype.,ለአንድ ቡድን ያለ የተዛባ አመለካከት።
1167,Leave our community now.,ከማህበረሰባችን አሁን ውጣ።,hate_speech,የጥላቻ ንግግር,exclusion,ማግለል,Yes,አዎ አለ,group,ቡድን,high,ከፍተኛ,English-Amharic,Pushes removal and rejection.,ማግለልን እና መከልከልን ያበረታታል።
1168,Nobody wants to hear you.,ማንም ሊሰማሽ አይፈልግም።,hate_speech,የጥላቻ ንግግር,silencing,ዝም ማሰኘት,Yes,አዎ አለ,individual,ግለሰብ,low,ዝቅተኛ,English-Amharic,Suppresses participation and recognition.,ተሳትፎን እና እውቅናን ይከልክላል።
1169,Let us find a solution that works for everyone.,ለሁሉም የሚሰራ መፍትሄ እንፈልግ።,safe,ጥሩ ንግግር,none,የለም,No,የለም,none,የለም,zero,ዜሮ,English-Amharic,"Affirms dignity, cooperation, and mutual respect.",ክብርን፣ ትብብርን እና መከባበርን ያበረታታል።
1170,We can solve this together.,ይህን በጋራ መፍታት እንችላለን።,safe,ጥሩ ንግግር,none,የለም,No,የለም,none,የለም,zero,ዜሮ,English-Amharic,"Affirms dignity, cooperation, and mutual respect.",ክብርን፣ ትብብርን እና መከባበርን ያበረታታል።
1171,They are a danger to everyone.,እነሱ ለሁሉም ስጋት ናቸው።,hate_speech,የጥላቻ ንግግር,threat,ማስፈራሪያ,Yes,አዎ አለ,group,ቡድን,high,ከፍተኛ,English-Amharic,Frames the target as danger.,እንደ ስጋት ይቀርባል።
1172,We should treat people fairly.,ሰዎችን በፍትሃዊነት ማየት አለብን።,safe,ጥሩ ንግግር,none,የለም,No,የለም,none,የለም,zero,ዜሮ,English-Amharic,"Affirms dignity, cooperation, and mutual respect.",ክብርን፣ ትብብርን እና መከባበርን ያበረታታል።
1173,A fair discussion includes every voice.,ፍትሃዊ ውይይት ሁሉንም ድምፅ ያካትታል።,safe,ጥሩ ንግግር,none,የለም,No,የለም,none,የለም,zero,ዜሮ,English-Amharic,"Affirms dignity, cooperation, and mutual respect.",ክብርን፣ ትብብርን እና መከባበርን ያበረታታል።
1174,We should fear what they will do.,ምን እንደሚያደርጉ መፍራት አለብን።,hate_speech,የጥላቻ ንግግር,threat,ማስፈራሪያ,Yes,አዎ አለ,group,ቡድን,high,ከፍተኛ,English-Amharic,Frames the target as danger.,እንደ ስጋት ይቀርባል።
1175,We should listen before judging.,ከመፍረድ በፊት ማዳመጥ አለብን።,safe,ጥሩ ንግግር,none,የለም,No,የለም,none,የለም,zero,ዜሮ,English-Amharic,"Affirms dignity, cooperation, and mutual respect.",ክብርን፣ ትብብርን እና መከባበርን ያበረታታል።
1176,You should be pushed out.,መባረር አለብህ።,hate_speech,የጥላቻ ንግግር,exclusion,ማግለል,Yes,አዎ አለ,group,ቡድን,high,ከፍተኛ,English-Amharic,Pushes removal and rejection.,ማግለልን እና መከልከልን ያበረታታል።
1177,Let us find a solution that works for everyone.,ለሁሉም የሚሰራ መፍትሄ እንፈልግ።,safe,ጥሩ ንግግር,none,የለም,No,የለም,none,የለም,zero,ዜሮ,English-Amharic,"Affirms dignity, cooperation, and mutual respect.",ክብርን፣ ትብብርን እና መከባበርን ያበረታታል።
1178,They threaten our safety.,ደህንነታችንን ይሸብራሉ።,hate_speech,የጥላቻ ንግግር,threat,ማስፈራሪያ,Yes,አዎ አለ,group,ቡድን,high,ከፍተኛ,English-Amharic,Frames the target as danger.,እንደ ስጋት ይቀርባል።
1179,Let us find a solution that works for everyone.,ለሁሉም የሚሰራ መፍትሄ እንፈልግ።,safe,ጥሩ ንግግር,none,የለም,No,የለም,none,የለም,zero,ዜሮ,English-Amharic,"Affirms dignity, cooperation, and mutual respect.",ክብርን፣ ትብብርን እና መከባበርን ያበረታታል።
1180,We should fear what they will do.,ምን እንደሚያደርጉ መፍራት አለብን።,hate_speech,የጥላቻ ንግግር,threat,ማስፈራሪያ,Yes,አዎ አለ,group,ቡድን,high,ከፍተኛ,English-Amharic,Frames the target as danger.,እንደ ስጋት ይቀርባል።
1181,They are not fully human.,እነሱ ሙሉ ሰው አይደሉም።,hate_speech,የጥላቻ ንግግር,dehumanization,ሰብዓዊነትን መንፈግ,Yes,አዎ አለ,group,ቡድን,high,ከፍተኛ,English-Amharic,Strips humanity from the target.,ሰውነትን ይክዳል።
1182,Get out of our space.,ከቦታችን ውጣ።,hate_speech,የጥላቻ ንግግር,exclusion,ማግለል,Yes,አዎ አለ,group,ቡድን,high,ከፍተኛ,English-Amharic,Pushes removal and rejection.,ማግለልን እና መከልከልን ያበረታታል።
1183,Your voice does not matter here.,እዚህ ድምፅሽ ዋጋ የለውም።,hate_speech,የጥላቻ ንግግር,silencing,ዝም ማሰኘት,Yes,አዎ አለ,individual,ግለሰብ,low,ዝቅተኛ,English-Amharic,Suppresses participation and recognition.,ተሳትፎን እና እውቅናን ይከልክላል።
1184,We should correct mistakes without humiliation.,ሰዎችን ሳናዋርድ ስህተትን ማስተካከል አለብን።,safe,ጥሩ ንግግር,none,የለም,No,የለም,none,የለም,zero,ዜሮ,English-Amharic,"Affirms dignity, cooperation, and mutual respect.",ክብርን፣ ትብብርን እና መከባበርን ያበረታታል።
1185,You do not belong in this community.,በዚህ ማህበረሰብ ውስጥ አትገባም።,hate_speech,የጥላቻ ንግግር,belonging denial,አባልነትን መከልከል,Yes,አዎ አለ,group,ቡድን,high,ከፍተኛ,English-Amharic,Denies membership and belonging.,አባልነትን እና ተሳትፎን ይከለክላል።
1186,They are less than human.,ከሰው በታች ናቸው።,hate_speech,የጥላቻ ንግግር,dehumanization,ሰብዓዊነትን መንፈግ,Yes,አዎ አለ,group,ቡድን,high,ከፍተኛ,English-Amharic,Strips humanity from the target.,ሰውነትን ይክዳል።
1187,They are less than human.,ከሰው በታች ናቸው።,hate_speech,የጥላቻ ንግግር,dehumanization,ሰብዓዊነትን መንፈግ,Yes,አዎ አለ,group,ቡድን,high,ከፍተኛ,English-Amharic,Strips humanity from the target.,ሰውነትን ይክዳል።
1188,You have no place among us.,ከእኛ መካከል ቦታ የለህም።,hate_speech,የጥላቻ ንግግር,belonging denial,አባልነትን መከልከል,Yes,አዎ አለ,group,ቡድን,high,ከፍተኛ,English-Amharic,Denies membership and belonging.,አባልነትን እና ተሳትፎን ይከለክላል።
1189,Let us work for peace.,ለሰላም በጋራ እንስራ።,safe,ጥሩ ንግግር,none,የለም,No,የለም,none,የለም,zero,ዜሮ,English-Amharic,"Affirms dignity, cooperation, and mutual respect.",ክብርን፣ ትብብርን እና መከባበርን ያበረታታል።
1190,We should listen before judging.,ከመፍረድ በፊት ማዳመጥ አለብን።,safe,ጥሩ ንግግር,none,የለም,No,የለም,none,የለም,zero,ዜሮ,English-Amharic,"Affirms dignity, cooperation, and mutual respect.",ክብርን፣ ትብብርን እና መከባበርን ያበረታታል።
1191,Your voice does not matter here.,እዚህ ድምፅሽ ዋጋ የለውም።,hate_speech,የጥላቻ ንግግር,silencing,ዝም ማሰኘት,Yes,አዎ አለ,individual,ግለሰብ,low,ዝቅተኛ,English-Amharic,Suppresses participation and recognition.,ተሳትፎን እና እውቅናን ይከልክላል።
1192,You have no place among us.,ከእኛ መካከል ቦታ የለህም።,hate_speech,የጥላቻ ንግግር,belonging denial,አባልነትን መከልከል,Yes,አዎ አለ,group,ቡድን,high,ከፍተኛ,English-Amharic,Denies membership and belonging.,አባልነትን እና ተሳትፎን ይከለክላል።
1193,They are a danger to everyone.,እነሱ ለሁሉም ስጋት ናቸው።,hate_speech,የጥላቻ ንግግር,threat,ማስፈራሪያ,Yes,አዎ አለ,group,ቡድን,high,ከፍተኛ,English-Amharic,Frames the target as danger.,እንደ ስጋት ይቀርባል።
1194,We should treat people fairly.,ሰዎችን በፍትሃዊነት ማየት አለብን።,safe,ጥሩ ንግግር,none,የለም,No,የለም,none,የለም,zero,ዜሮ,English-Amharic,"Affirms dignity, cooperation, and mutual respect.",ክብርን፣ ትብብርን እና መከባበርን ያበረታታል።
1195,They are less than human.,ከሰው በታች ናቸው።,hate_speech,የጥላቻ ንግግር,dehumanization,ሰብዓዊነትን መንፈግ,Yes,አዎ አለ,group,ቡድን,high,ከፍተኛ,English-Amharic,Strips humanity from the target.,ሰውነትን ይክዳል።
1196,They are not real people.,እውነተኛ ሰው አይደሉም።,hate_speech,የጥላቻ ንግግር,dehumanization,ሰብዓዊነትን መንፈግ,Yes,አዎ አለ,group,ቡድን,high,ከፍተኛ,English-Amharic,Strips humanity from the target.,ሰውነትን ይክዳል።
1197,They are a danger to everyone.,እነሱ ለሁሉም ስጋት ናቸው።,hate_speech,የጥላቻ ንግግር,threat,ማስፈራሪያ,Yes,አዎ አለ,group,ቡድን,high,ከፍተኛ,English-Amharic,Frames the target as danger.,እንደ ስጋት ይቀርባል።
1198,They are not fully human.,እነሱ ሙሉ ሰው አይደሉም።,hate_speech,የጥላቻ ንግግር,dehumanization,ሰብዓዊነትን መንፈግ,Yes,አዎ አለ,group,ቡድን,high,ከፍተኛ,English-Amharic,Strips humanity from the target.,ሰውነትን ይክዳል።
1199,Different views can still be handled kindly.,የተለያዩ አስተያየቶች በበጎ ሊታዩ ይችላሉ።,safe,ጥሩ ንግግር,none,የለም,No,የለም,none,የለም,zero,ዜሮ,English-Amharic,"Affirms dignity, cooperation, and mutual respect.",ክብርን፣ ትብብርን እና መከባበርን ያበረታታል።
1200,People like them always cause trouble.,እንደ እነሱ ያሉ ሰዎች ሁልጊዜ ችግር ያመጣሉ።,hate_speech,የጥላቻ ንግግር,stereotyping,የተዛባ አመለካከት,Yes,አዎ አለ,group,ቡድን,low,ዝቅተኛ,English-Amharic,Uses harmful group stereotype.,ለአንድ ቡድን ያለ የተዛባ አመለካከት።
1201,Every person should be heard.,እያንዳንዱ ሰው መሰማት አለበት።,safe,ጥሩ ንግግር,none,የለም,No,የለም,none,የለም,zero,ዜሮ,English-Amharic,"Affirms dignity, cooperation, and mutual respect.",ክብርን፣ ትብብርን እና መከባበርን ያበረታታል።
1202,Nobody wants to hear you.,ማንም ሊሰማሽ አይፈልግም።,hate_speech,የጥላቻ ንግግር,silencing,ዝም ማሰኘት,Yes,አዎ አለ,individual,ግለሰብ,low,ዝቅተኛ,English-Amharic,Suppresses participation and recognition.,ተሳትፎን እና እውቅናን ይከልክላል።
1203,Let us work for peace.,ለሰላም በጋራ እንስራ።,safe,ጥሩ ንግግር,none,የለም,No,የለም,none,የለም,zero,ዜሮ,English-Amharic,"Affirms dignity, cooperation, and mutual respect.",ክብርን፣ ትብብርን እና መከባበርን ያበረታታል።
1204,Everyone has value in this room.,በዚህ ክፍል ያለ ሁሉም ሰው ዋጋ አለው።,safe,ጥሩ ንግግር,none,የለም,No,የለም,none,የለም,zero,ዜሮ,English-Amharic,"Affirms dignity, cooperation, and mutual respect.",ክብርን፣ ትብብርን እና መከባበርን ያበረታታል።
1205,They threaten our safety.,ደህንነታችንን ይሸብራሉ።,hate_speech,የጥላቻ ንግግር,threat,ማስፈራሪያ,Yes,አዎ አለ,group,ቡድን,high,ከፍተኛ,English-Amharic,Frames the target as danger.,እንደ ስጋት ይቀርባል።
1206,Let us work for peace.,ለሰላም በጋራ እንስራ።,safe,ጥሩ ንግግር,none,የለም,No,የለም,none,የለም,zero,ዜሮ,English-Amharic,"Affirms dignity, cooperation, and mutual respect.",ክብርን፣ ትብብርን እና መከባበርን ያበረታታል።
1207,You have no place among us.,ከእኛ መካከል ቦታ የለህም።,hate_speech,የጥላቻ ንግግር,belonging denial,አባልነትን መከልከል,Yes,አዎ አለ,group,ቡድን,high,ከፍተኛ,English-Amharic,Denies membership and belonging.,አባልነትን እና ተሳትፎን ይከለክላል።
1208,That group is always the problem.,ያ ቡድን ሁልጊዜ ችግር ነው።,hate_speech,የጥላቻ ንግግር,stereotyping,የተዛባ አመለካከት,Yes,አዎ አለ,group,ቡድን,low,ዝቅተኛ,English-Amharic,Uses harmful group stereotype.,ለአንድ ቡድን ያለ የተዛባ አመለካከት።
1209,People deserve fairness and care.,ሰዎች ፍትሃዊነት እና እንክብካቤ ይገባቸዋል።,safe,ጥሩ ንግግር,none,የለም,No,የለም,none,የለም,zero,ዜሮ,English-Amharic,"Affirms dignity, cooperation, and mutual respect.",ክብርን፣ ትብብርን እና መከባበርን ያበረታታል።
1210,They are not real people.,እውነተኛ ሰው አይደሉም።,hate_speech,የጥላቻ ንግግር,dehumanization,ሰብዓዊነትን መንፈግ,Yes,አዎ አለ,group,ቡድን,high,ከፍተኛ,English-Amharic,Strips humanity from the target.,ሰውነትን ይክዳል።
1211,We should fear what they will do.,ምን እንደሚያደርጉ መፍራት አለብን።,hate_speech,የጥላቻ ንግግር,threat,ማስፈራሪያ,Yes,አዎ አለ,group,ቡድን,high,ከፍተኛ,English-Amharic,Frames the target as danger.,እንደ ስጋት ይቀርባል።
1212,Different views can still be handled kindly.,የተለያዩ አስተያየቶች በበጎ ሊታዩ ይችላሉ።,safe,ጥሩ ንግግር,none,የለም,No,የለም,none,የለም,zero,ዜሮ,English-Amharic,"Affirms dignity, cooperation, and mutual respect.",ክብርን፣ ትብብርን እና መከባበርን ያበረታታል።
1213,Everyone has value in this room.,በዚህ ክፍል ያለ ሁሉም ሰው ዋጋ አለው።,safe,ጥሩ ንግግር,none,የለም,No,የለም,none,የለም,zero,ዜሮ,English-Amharic,"Affirms dignity, cooperation, and mutual respect.",ክብርን፣ ትብብርን እና መከባበርን ያበረታታል።
1214,Everyone deserves dignity.,ሁሉም ሰው ክብር ይገባዋል።,safe,ጥሩ ንግግር,none,የለም,No,የለም,none,የለም,zero,ዜሮ,English-Amharic,"Affirms dignity, cooperation, and mutual respect.",ክብርን፣ ትብብርን እና መከባበርን ያበረታታል።
1215,We should correct mistakes without humiliation.,ሰዎችን ሳናዋርድ ስህተትን ማስተካከል አለብን።,safe,ጥሩ ንግግር,none,የለም,No,የለም,none,የለም,zero,ዜሮ,English-Amharic,"Affirms dignity, cooperation, and mutual respect.",ክብርን፣ ትብብርን እና መከባበርን ያበረታታል።
1216,You do not belong here.,ይህ የእናንተ ቦታ አይደለም።,hate_speech,የጥላቻ ንግግር,belonging denial,አባልነትን መከልከል,Yes,አዎ አለ,group,ቡድን,high,ከፍተኛ,English-Amharic,Denies membership and belonging.,አባልነትን እና ተሳትፎን ይከለክላል።
1217,Everyone deserves dignity.,ሁሉም ሰው ክብር ይገባዋል።,safe,ጥሩ ንግግር,none,የለም,No,የለም,none,የለም,zero,ዜሮ,English-Amharic,"Affirms dignity, cooperation, and mutual respect.",ክብርን፣ ትብብርን እና መከባበርን ያበረታታል።
1218,They are not real people.,እውነተኛ ሰው አይደሉም።,hate_speech,የጥላቻ ንግግር,dehumanization,ሰብዓዊነትን መንፈግ,Yes,አዎ አለ,group,ቡድን,high,ከፍተኛ,English-Amharic,Strips humanity from the target.,ሰውነትን ይክዳል።
1219,Everyone has value in this room.,በዚህ ክፍል ያለ ሁሉም ሰው ዋጋ አለው።,safe,ጥሩ ንግግር,none,የለም,No,የለም,none,የለም,zero,ዜሮ,English-Amharic,"Affirms dignity, cooperation, and mutual respect.",ክብርን፣ ትብብርን እና መከባበርን ያበረታታል።
1220,Respect helps communities grow stronger.,ክብር ማህበረሰቦችን ያጠናክራል።,safe,ጥሩ ንግግር,none,የለም,No,የለም,none,የለም,zero,ዜሮ,English-Amharic,"Affirms dignity, cooperation, and mutual respect.",ክብርን፣ ትብብርን እና መከባበርን ያበረታታል።
1221,They are not real people.,እውነተኛ ሰው አይደሉም።,hate_speech,የጥላቻ ንግግር,dehumanization,ሰብዓዊነትን መንፈግ,Yes,አዎ አለ,group,ቡድን,high,ከፍተኛ,English-Amharic,Strips humanity from the target.,ሰውነትን ይክዳል።
1222,We should treat people fairly.,ሰዎችን በፍትሃዊነት ማየት አለብን።,safe,ጥሩ ንግግር,none,የለም,No,የለም,none,የለም,zero,ዜሮ,English-Amharic,"Affirms dignity, cooperation, and mutual respect.",ክብርን፣ ትብብርን እና መከባበርን ያበረታታል።
1223,Nobody wants to hear you.,ማንም ሊሰማሽ አይፈልግም።,hate_speech,የጥላቻ ንግግር,silencing,ዝም ማሰኘት,Yes,አዎ አለ,individual,ግለሰብ,low,ዝቅተኛ,English-Amharic,Suppresses participation and recognition.,ተሳትፎን እና እውቅናን ይከልክላል።
1224,You have no place among us.,ከእኛ መካከል ቦታ የለህም።,hate_speech,የጥላቻ ንግግር,belonging denial,አባልነትን መከልከል,Yes,አዎ አለ,group,ቡድን,high,ከፍተኛ,English-Amharic,Denies membership and belonging.,አባልነትን እና ተሳትፎን ይከለክላል።
1225,People like them always cause trouble.,እንደ እነሱ ያሉ ሰዎች ሁልጊዜ ችግር ያመጣሉ።,hate_speech,የጥላቻ ንግግር,stereotyping,የተዛባ አመለካከት,Yes,አዎ አለ,group,ቡድን,low,ዝቅተኛ,English-Amharic,Uses harmful group stereotype.,ለአንድ ቡድን ያለ የተዛባ አመለካከት።
1226,We should speak respectfully.,በክብር መናገር አለብን።,safe,ጥሩ ንግግር,none,የለም,No,የለም,none,የለም,zero,ዜሮ,English-Amharic,"Affirms dignity, cooperation, and mutual respect.",ክብርን፣ ትብብርን እና መከባበርን ያበረታታል።
1227,They are not fully human.,እነሱ ሙሉ ሰው አይደሉም።,hate_speech,የጥላቻ ንግግር,dehumanization,ሰብዓዊነትን መንፈግ,Yes,አዎ አለ,group,ቡድን,high,ከፍተኛ,English-Amharic,Strips humanity from the target.,ሰውነትን ይክዳል።
1228,Their kind always ruins everything.,የእነሱ ዓይነት ሁልጊዜ ሁሉንም ያበላሻል።,hate_speech,የጥላቻ ንግግር,stereotyping,የተዛባ አመለካከት,Yes,አዎ አለ,group,ቡድን,low,ዝቅተኛ,English-Amharic,Uses harmful group stereotype.,ለአንድ ቡድን ያለ የተዛባ አመለካከት።
1229,You do not belong in this community.,በዚህ ማህበረሰብ ውስጥ አትገባም።,hate_speech,የጥላቻ ንግግር,belonging denial,አባልነትን መከልከል,Yes,አዎ አለ,group,ቡድን,high,ከፍተኛ,English-Amharic,Denies membership and belonging.,አባልነትን እና ተሳትፎን ይከለክላል።
1230,They are a danger to everyone.,እነሱ ለሁሉም ስጋት ናቸው።,hate_speech,የጥላቻ ንግግር,threat,ማስፈራሪያ,Yes,አዎ አለ,group,ቡድን,high,ከፍተኛ,English-Amharic,Frames the target as danger.,እንደ ስጋት ይቀርባል።
1231,You do not belong here.,ይህ የእናንተ ቦታ አይደለም።,hate_speech,የጥላቻ ንግግር,belonging denial,አባልነትን መከልከል,Yes,አዎ አለ,group,ቡድን,high,ከፍተኛ,English-Amharic,Denies membership and belonging.,አባልነትን እና ተሳትፎን ይከለክላል።
1232,We should correct mistakes without humiliation.,ሰዎችን ሳናዋርድ ስህተትን ማስተካከል አለብን።,safe,ጥሩ ንግግር,none,የለም,No,የለም,none,የለም,zero,ዜሮ,English-Amharic,"Affirms dignity, cooperation, and mutual respect.",ክብርን፣ ትብብርን እና መከባበርን ያበረታታል።
1233,Everyone has value in this room.,በዚህ ክፍል ያለ ሁሉም ሰው ዋጋ አለው።,safe,ጥሩ ንግግር,none,የለም,No,የለም,none,የለም,zero,ዜሮ,English-Amharic,"Affirms dignity, cooperation, and mutual respect.",ክብርን፣ ትብብርን እና መከባበርን ያበረታታል።
1234,Everyone deserves dignity.,ሁሉም ሰው ክብር ይገባዋል።,safe,ጥሩ ንግግር,none,የለም,No,የለም,none,የለም,zero,ዜሮ,English-Amharic,"Affirms dignity, cooperation, and mutual respect.",ክብርን፣ ትብብርን እና መከባበርን ያበረታታል።
1235,We should listen before judging.,ከመፍረድ በፊት ማዳመጥ አለብን።,safe,ጥሩ ንግግር,none,የለም,No,የለም,none,የለም,zero,ዜሮ,English-Amharic,"Affirms dignity, cooperation, and mutual respect.",ክብርን፣ ትብብርን እና መከባበርን ያበረታታል።
1236,Your voice does not matter here.,እዚህ ድምፅሽ ዋጋ የለውም።,hate_speech,የጥላቻ ንግግር,silencing,ዝም ማሰኘት,Yes,አዎ አለ,individual,ግለሰብ,low,ዝቅተኛ,English-Amharic,Suppresses participation and recognition.,ተሳትፎን እና እውቅናን ይከልክላል።
1237,We can disagree without hate.,ባንስማማም አለመጣላት እንችላለን።,safe,ጥሩ ንግግር,none,የለም,No,የለም,none,የለም,zero,ዜሮ,English-Amharic,"Affirms dignity, cooperation, and mutual respect.",ክብርን፣ ትብብርን እና መከባበርን ያበረታታል።
1238,That group is always the problem.,ያ ቡድን ሁልጊዜ ችግር ነው።,hate_speech,የጥላቻ ንግግር,stereotyping,የተዛባ አመለካከት,Yes,አዎ አለ,group,ቡድን,low,ዝቅተኛ,English-Amharic,Uses harmful group stereotype.,ለአንድ ቡድን ያለ የተዛባ አመለካከት።
1239,We should speak respectfully.,በክብር መናገር አለብን።,safe,ጥሩ ንግግር,none,የለም,No,የለም,none,የለም,zero,ዜሮ,English-Amharic,"Affirms dignity, cooperation, and mutual respect.",ክብርን፣ ትብብርን እና መከባበርን ያበረታታል።
1240,They are not real people.,እውነተኛ ሰው አይደሉም።,hate_speech,የጥላቻ ንግግር,dehumanization,ሰብዓዊነትን መንፈግ,Yes,አዎ አለ,group,ቡድን,high,ከፍተኛ,English-Amharic,Strips humanity from the target.,ሰውነትን ይክዳል።
1241,We should fear what they will do.,ምን እንደሚያደርጉ መፍራት አለብን።,hate_speech,የጥላቻ ንግግር,threat,ማስፈራሪያ,Yes,አዎ አለ,group,ቡድን,high,ከፍተኛ,English-Amharic,Frames the target as danger.,እንደ ስጋት ይቀርባል።
1242,They are less than human.,ከሰው በታች ናቸው።,hate_speech,የጥላቻ ንግግር,dehumanization,ሰብዓዊነትን መንፈግ,Yes,አዎ አለ,group,ቡድን,high,ከፍተኛ,English-Amharic,Strips humanity from the target.,ሰውነትን ይክዳል።
1243,You do not belong in this community.,በዚህ ማህበረሰብ ውስጥ አትገባም።,hate_speech,የጥላቻ ንግግር,belonging denial,አባልነትን መከልከል,Yes,አዎ አለ,group,ቡድን,high,ከፍተኛ,English-Amharic,Denies membership and belonging.,አባልነትን እና ተሳትፎን ይከለክላል።
1244,People like them always cause trouble.,እንደ እነሱ ያሉ ሰዎች ሁልጊዜ ችግር ያመጣሉ።,hate_speech,የጥላቻ ንግግር,stereotyping,የተዛባ አመለካከት,Yes,አዎ አለ,group,ቡድን,low,ዝቅተኛ,English-Amharic,Uses harmful group stereotype.,ለአንድ ቡድን ያለ የተዛባ አመለካከት።
1245,Every person should be heard.,እያንዳንዱ ሰው መሰማት አለበት።,safe,ጥሩ ንግግር,none,የለም,No,የለም,none,የለም,zero,ዜሮ,English-Amharic,"Affirms dignity, cooperation, and mutual respect.",ክብርን፣ ትብብርን እና መከባበርን ያበረታታል።
1246,You do not belong here.,ይህ የእናንተ ቦታ አይደለም።,hate_speech,የጥላቻ ንግግር,belonging denial,አባልነትን መከልከል,Yes,አዎ አለ,group,ቡድን,high,ከፍተኛ,English-Amharic,Denies membership and belonging.,አባልነትን እና ተሳትፎን ይከለክላል።
1247,Let us find a solution that works for everyone.,ለሁሉም የሚሰራ መፍትሄ እንፈልግ።,safe,ጥሩ ንግግር,none,የለም,No,የለም,none,የለም,zero,ዜሮ,English-Amharic,"Affirms dignity, cooperation, and mutual respect.",ክብርን፣ ትብብርን እና መከባበርን ያበረታታል።
1248,They are less than human.,ከሰው በታች ናቸው።,hate_speech,የጥላቻ ንግግር,dehumanization,ሰብዓዊነትን መንፈግ,Yes,አዎ አለ,group,ቡድን,high,ከፍተኛ,English-Amharic,Strips humanity from the target.,ሰውነትን ይክዳል።
1249,People deserve fairness and care.,ሰዎች ፍትሃዊነት እና እንክብካቤ ይገባቸዋል።,safe,ጥሩ ንግግር,none,የለም,No,የለም,none,የለም,zero,ዜሮ,English-Amharic,"Affirms dignity, cooperation, and mutual respect.",ክብርን፣ ትብብርን እና መከባበርን ያበረታታል።
1250,A fair discussion includes every voice.,ፍትሃዊ ውይይት ሁሉንም ድምፅ ያካትታል።,safe,ጥሩ ንግግር,none,የለም,No,የለም,none,የለም,zero,ዜሮ,English-Amharic,"Affirms dignity, cooperation, and mutual respect.",ክብርን፣ ትብብርን እና መከባበርን ያበረታታል።
1251,Your voice does not matter here.,እዚህ ድምፅሽ ዋጋ የለውም።,hate_speech,የጥላቻ ንግግር,silencing,ዝም ማሰኘት,Yes,አዎ አለ,individual,ግለሰብ,low,ዝቅተኛ,English-Amharic,Suppresses participation and recognition.,ተሳትፎን እና እውቅናን ይከልክላል።
1252,We should fear what they will do.,ምን እንደሚያደርጉ መፍራት አለብን።,hate_speech,የጥላቻ ንግግር,threat,ማስፈራሪያ,Yes,አዎ አለ,group,ቡድን,high,ከፍተኛ,English-Amharic,Frames the target as danger.,እንደ ስጋት ይቀርባል።
1253,We should correct mistakes without humiliation.,ሰዎችን ሳናዋርድ ስህተትን ማስተካከል አለብን።,safe,ጥሩ ንግግር,none,የለም,No,የለም,none,የለም,zero,ዜሮ,English-Amharic,"Affirms dignity, cooperation, and mutual respect.",ክብርን፣ ትብብርን እና መከባበርን ያበረታታል።
1254,A fair discussion includes every voice.,ፍትሃዊ ውይይት ሁሉንም ድምፅ ያካትታል።,safe,ጥሩ ንግግር,none,የለም,No,የለም,none,የለም,zero,ዜሮ,English-Amharic,"Affirms dignity, cooperation, and mutual respect.",ክብርን፣ ትብብርን እና መከባበርን ያበረታታል።
1255,You should be pushed out.,መባረር አለብህ።,hate_speech,የጥላቻ ንግግር,exclusion,ማግለል,Yes,አዎ አለ,group,ቡድን,high,ከፍተኛ,English-Amharic,Pushes removal and rejection.,ማግለልን እና መከልከልን ያበረታታል።
1256,You have no place among us.,ከእኛ መካከል ቦታ የለህም።,hate_speech,የጥላቻ ንግግር,belonging denial,አባልነትን መከልከል,Yes,አዎ አለ,group,ቡድን,high,ከፍተኛ,English-Amharic,Denies membership and belonging.,አባልነትን እና ተሳትፎን ይከለክላል።
1257,Let us find a solution that works for everyone.,ለሁሉም የሚሰራ መፍትሄ እንፈልግ።,safe,ጥሩ ንግግር,none,የለም,No,የለም,none,የለም,zero,ዜሮ,English-Amharic,"Affirms dignity, cooperation, and mutual respect.",ክብርን፣ ትብብርን እና መከባበርን ያበረታታል።
1258,We should correct mistakes without humiliation.,ሰዎችን ሳናዋርድ ስህተትን ማስተካከል አለብን።,safe,ጥሩ ንግግር,none,የለም,No,የለም,none,የለም,zero,ዜሮ,English-Amharic,"Affirms dignity, cooperation, and mutual respect.",ክብርን፣ ትብብርን እና መከባበርን ያበረታታል።
1259,We can solve this together.,ይህን በጋራ መፍታት እንችላለን።,safe,ጥሩ ንግግር,none,የለም,No,የለም,none,የለም,zero,ዜሮ,English-Amharic,"Affirms dignity, cooperation, and mutual respect.",ክብርን፣ ትብብርን እና መከባበርን ያበረታታል።
1260,We should speak respectfully.,በክብር መናገር አለብን።,safe,ጥሩ ንግግር,none,የለም,No,የለም,none,የለም,zero,ዜሮ,English-Amharic,"Affirms dignity, cooperation, and mutual respect.",ክብርን፣ ትብብርን እና መከባበርን ያበረታታል።
1261,We should treat people fairly.,ሰዎችን በፍትሃዊነት ማየት አለብን።,safe,ጥሩ ንግግር,none,የለም,No,የለም,none,የለም,zero,ዜሮ,English-Amharic,"Affirms dignity, cooperation, and mutual respect.",ክብርን፣ ትብብርን እና መከባበርን ያበረታታል።
1262,Every person should be heard.,እያንዳንዱ ሰው መሰማት አለበት።,safe,ጥሩ ንግግር,none,የለም,No,የለም,none,የለም,zero,ዜሮ,English-Amharic,"Affirms dignity, cooperation, and mutual respect.",ክብርን፣ ትብብርን እና መከባበርን ያበረታታል።
1263,You do not belong here.,ይህ የእናንተ ቦታ አይደለም።,hate_speech,የጥላቻ ንግግር,belonging denial,አባልነትን መከልከል,Yes,አዎ አለ,group,ቡድን,high,ከፍተኛ,English-Amharic,Denies membership and belonging.,አባልነትን እና ተሳትፎን ይከለክላል።
1264,They are not fully human.,እነሱ ሙሉ ሰው አይደሉም።,hate_speech,የጥላቻ ንግግር,dehumanization,ሰብዓዊነትን መንፈግ,Yes,አዎ አለ,group,ቡድን,high,ከፍተኛ,English-Amharic,Strips humanity from the target.,ሰውነትን ይክዳል።
1265,We can disagree without hate.,ባንስማማም አለመጣላት እንችላለን።,safe,ጥሩ ንግግር,none,የለም,No,የለም,none,የለም,zero,ዜሮ,English-Amharic,"Affirms dignity, cooperation, and mutual respect.",ክብርን፣ ትብብርን እና መከባበርን ያበረታታል።
1266,Leave our community now.,ከማህበረሰባችን አሁን ውጣ።,hate_speech,የጥላቻ ንግግር,exclusion,ማግለል,Yes,አዎ አለ,group,ቡድን,high,ከፍተኛ,English-Amharic,Pushes removal and rejection.,ማግለልን እና መከልከልን ያበረታታል።
1267,Your voice does not matter here.,እዚህ ድምፅሽ ዋጋ የለውም።,hate_speech,የጥላቻ ንግግር,silencing,ዝም ማሰኘት,Yes,አዎ አለ,individual,ግለሰብ,low,ዝቅተኛ,English-Amharic,Suppresses participation and recognition.,ተሳትፎን እና እውቅናን ይከልክላል።
1268,You have no place among us.,ከእኛ መካከል ቦታ የለህም።,hate_speech,የጥላቻ ንግግር,belonging denial,አባልነትን መከልከል,Yes,አዎ አለ,group,ቡድን,high,ከፍተኛ,English-Amharic,Denies membership and belonging.,አባልነትን እና ተሳትፎን ይከለክላል።
1269,People like them always cause trouble.,እንደ እነሱ ያሉ ሰዎች ሁልጊዜ ችግር ያመጣሉ።,hate_speech,የጥላቻ ንግግር,stereotyping,የተዛባ አመለካከት,Yes,አዎ አለ,group,ቡድን,low,ዝቅተኛ,English-Amharic,Uses harmful group stereotype.,ለአንድ ቡድን ያለ የተዛባ አመለካከት።
1270,Their kind always ruins everything.,የእነሱ ዓይነት ሁልጊዜ ሁሉንም ያበላሻል።,hate_speech,የጥላቻ ንግግር,stereotyping,የተዛባ አመለካከት,Yes,አዎ አለ,group,ቡድን,low,ዝቅተኛ,English-Amharic,Uses harmful group stereotype.,ለአንድ ቡድን ያለ የተዛባ አመለካከት።
1271,People deserve fairness and care.,ሰዎች ፍትሃዊነት እና እንክብካቤ ይገባቸዋል።,safe,ጥሩ ንግግር,none,የለም,No,የለም,none,የለም,zero,ዜሮ,English-Amharic,"Affirms dignity, cooperation, and mutual respect.",ክብርን፣ ትብብርን እና መከባበርን ያበረታታል።
1272,Nobody wants to hear you.,ማንም ሊሰማሽ አይፈልግም።,hate_speech,የጥላቻ ንግግር,silencing,ዝም ማሰኘት,Yes,አዎ አለ,individual,ግለሰብ,low,ዝቅተኛ,English-Amharic,Suppresses participation and recognition.,ተሳትፎን እና እውቅናን ይከልክላል።
1273,Everyone deserves dignity.,ሁሉም ሰው ክብር ይገባዋል።,safe,ጥሩ ንግግር,none,የለም,No,የለም,none,የለም,zero,ዜሮ,English-Amharic,"Affirms dignity, cooperation, and mutual respect.",ክብርን፣ ትብብርን እና መከባበርን ያበረታታል።
1274,They are not real people.,እውነተኛ ሰው አይደሉም።,hate_speech,የጥላቻ ንግግር,dehumanization,ሰብዓዊነትን መንፈግ,Yes,አዎ አለ,group,ቡድን,high,ከፍተኛ,English-Amharic,Strips humanity from the target.,ሰውነትን ይክዳል።
1275,Everyone deserves dignity.,ሁሉም ሰው ክብር ይገባዋል።,safe,ጥሩ ንግግር,none,የለም,No,የለም,none,የለም,zero,ዜሮ,English-Amharic,"Affirms dignity, cooperation, and mutual respect.",ክብርን፣ ትብብርን እና መከባበርን ያበረታታል።
1276,Different views can still be handled kindly.,የተለያዩ አስተያየቶች በበጎ ሊታዩ ይችላሉ።,safe,ጥሩ ንግግር,none,የለም,No,የለም,none,የለም,zero,ዜሮ,English-Amharic,"Affirms dignity, cooperation, and mutual respect.",ክብርን፣ ትብብርን እና መከባበርን ያበረታታል።
1277,You should be pushed out.,መባረር አለብህ።,hate_speech,የጥላቻ ንግግር,exclusion,ማግለል,Yes,አዎ አለ,group,ቡድን,high,ከፍተኛ,English-Amharic,Pushes removal and rejection.,ማግለልን እና መከልከልን ያበረታታል።
1278,Everyone deserves dignity.,ሁሉም ሰው ክብር ይገባዋል።,safe,ጥሩ ንግግር,none,የለም,No,የለም,none,የለም,zero,ዜሮ,English-Amharic,"Affirms dignity, cooperation, and mutual respect.",ክብርን፣ ትብብርን እና መከባበርን ያበረታታል።
1279,People deserve fairness and care.,ሰዎች ፍትሃዊነት እና እንክብካቤ ይገባቸዋል።,safe,ጥሩ ንግግር,none,የለም,No,የለም,none,የለም,zero,ዜሮ,English-Amharic,"Affirms dignity, cooperation, and mutual respect.",ክብርን፣ ትብብርን እና መከባበርን ያበረታታል።
1280,Leave our community now.,ከማህበረሰባችን አሁን ውጣ።,hate_speech,የጥላቻ ንግግር,exclusion,ማግለል,Yes,አዎ አለ,group,ቡድን,high,ከፍተኛ,English-Amharic,Pushes removal and rejection.,ማግለልን እና መከልከልን ያበረታታል።
1281,Different views can still be handled kindly.,የተለያዩ አስተያየቶች በበጎ ሊታዩ ይችላሉ።,safe,ጥሩ ንግግር,none,የለም,No,የለም,none,የለም,zero,ዜሮ,English-Amharic,"Affirms dignity, cooperation, and mutual respect.",ክብርን፣ ትብብርን እና መከባበርን ያበረታታል።
1282,You should stay silent.,ዝም በይ።,hate_speech,የጥላቻ ንግግር,silencing,ዝም ማሰኘት,Yes,አዎ አለ,individual,ግለሰብ,low,ዝቅተኛ,English-Amharic,Suppresses participation and recognition.,ተሳትፎን እና እውቅናን ይከልክላል።
1283,We should correct mistakes without humiliation.,ሰዎችን ሳናዋርድ ስህተትን ማስተካከል አለብን።,safe,ጥሩ ንግግር,none,የለም,No,የለም,none,የለም,zero,ዜሮ,English-Amharic,"Affirms dignity, cooperation, and mutual respect.",ክብርን፣ ትብብርን እና መከባበርን ያበረታታል።
1284,We should treat people fairly.,ሰዎችን በፍትሃዊነት ማየት አለብን።,safe,ጥሩ ንግግር,none,የለም,No,የለም,none,የለም,zero,ዜሮ,English-Amharic,"Affirms dignity, cooperation, and mutual respect.",ክብርን፣ ትብብርን እና መከባበርን ያበረታታል።
1285,We can solve this together.,ይህን በጋራ መፍታት እንችላለን።,safe,ጥሩ ንግግር,none,የለም,No,የለም,none,የለም,zero,ዜሮ,English-Amharic,"Affirms dignity, cooperation, and mutual respect.",ክብርን፣ ትብብርን እና መከባበርን ያበረታታል።
1286,We should treat people fairly.,ሰዎችን በፍትሃዊነት ማየት አለብን።,safe,ጥሩ ንግግር,none,የለም,No,የለም,none,የለም,zero,ዜሮ,English-Amharic,"Affirms dignity, cooperation, and mutual respect.",ክብርን፣ ትብብርን እና መከባበርን ያበረታታል።
1287,We should speak respectfully.,በክብር መናገር አለብን።,safe,ጥሩ ንግግር,none,የለም,No,የለም,none,የለም,zero,ዜሮ,English-Amharic,"Affirms dignity, cooperation, and mutual respect.",ክብርን፣ ትብብርን እና መከባበርን ያበረታታል።
1288,We should treat people fairly.,ሰዎችን በፍትሃዊነት ማየት አለብን።,safe,ጥሩ ንግግር,none,የለም,No,የለም,none,የለም,zero,ዜሮ,English-Amharic,"Affirms dignity, cooperation, and mutual respect.",ክብርን፣ ትብብርን እና መከባበርን ያበረታታል።
1289,You do not belong here.,ይህ የእናንተ ቦታ አይደለም።,hate_speech,የጥላቻ ንግግር,belonging denial,አባልነትን መከልከል,Yes,አዎ አለ,group,ቡድን,high,ከፍተኛ,English-Amharic,Denies membership and belonging.,አባልነትን እና ተሳትፎን ይከለክላል።
1290,Get out of our space.,ከቦታችን ውጣ።,hate_speech,የጥላቻ ንግግር,exclusion,ማግለል,Yes,አዎ አለ,group,ቡድን,high,ከፍተኛ,English-Amharic,Pushes removal and rejection.,ማግለልን እና መከልከልን ያበረታታል።
1291,People like them always cause trouble.,እንደ እነሱ ያሉ ሰዎች ሁልጊዜ ችግር ያመጣሉ።,hate_speech,የጥላቻ ንግግር,stereotyping,የተዛባ አመለካከት,Yes,አዎ አለ,group,ቡድን,low,ዝቅተኛ,English-Amharic,Uses harmful group stereotype.,ለአንድ ቡድን ያለ የተዛባ አመለካከት።
1292,We can disagree without hate.,ባንስማማም አለመጣላት እንችላለን።,safe,ጥሩ ንግግር,none,የለም,No,የለም,none,የለም,zero,ዜሮ,English-Amharic,"Affirms dignity, cooperation, and mutual respect.",ክብርን፣ ትብብርን እና መከባበርን ያበረታታል።
1293,We can disagree without hate.,ባንስማማም አለመጣላት እንችላለን።,safe,ጥሩ ንግግር,none,የለም,No,የለም,none,የለም,zero,ዜሮ,English-Amharic,"Affirms dignity, cooperation, and mutual respect.",ክብርን፣ ትብብርን እና መከባበርን ያበረታታል።
1294,Your voice does not matter here.,እዚህ ድምፅሽ ዋጋ የለውም።,hate_speech,የጥላቻ ንግግር,silencing,ዝም ማሰኘት,Yes,አዎ አለ,individual,ግለሰብ,low,ዝቅተኛ,English-Amharic,Suppresses participation and recognition.,ተሳትፎን እና እውቅናን ይከልክላል።
1295,People like them always cause trouble.,እንደ እነሱ ያሉ ሰዎች ሁልጊዜ ችግር ያመጣሉ።,hate_speech,የጥላቻ ንግግር,stereotyping,የተዛባ አመለካከት,Yes,አዎ አለ,group,ቡድን,low,ዝቅተኛ,English-Amharic,Uses harmful group stereotype.,ለአንድ ቡድን ያለ የተዛባ አመለካከት።
1296,They are less than human.,ከሰው በታች ናቸው።,hate_speech,የጥላቻ ንግግር,dehumanization,ሰብዓዊነትን መንፈግ,Yes,አዎ አለ,group,ቡድን,high,ከፍተኛ,English-Amharic,Strips humanity from the target.,ሰውነትን ይክዳል።
1297,Get out of our space.,ከቦታችን ውጣ።,hate_speech,የጥላቻ ንግግር,exclusion,ማግለል,Yes,አዎ አለ,group,ቡድን,high,ከፍተኛ,English-Amharic,Pushes removal and rejection.,ማግለልን እና መከልከልን ያበረታታል።
1298,They are a danger to everyone.,እነሱ ለሁሉም ስጋት ናቸው።,hate_speech,የጥላቻ ንግግር,threat,ማስፈራሪያ,Yes,አዎ አለ,group,ቡድን,high,ከፍተኛ,English-Amharic,Frames the target as danger.,እንደ ስጋት ይቀርባል።
1299,Everyone deserves dignity.,ሁሉም ሰው ክብር ይገባዋል።,safe,ጥሩ ንግግር,none,የለም,No,የለም,none,የለም,zero,ዜሮ,English-Amharic,"Affirms dignity, cooperation, and mutual respect.",ክብርን፣ ትብብርን እና መከባበርን ያበረታታል።
1300,We should fear what they will do.,ምን እንደሚያደርጉ መፍራት አለብን።,hate_speech,የጥላቻ ንግግር,threat,ማስፈራሪያ,Yes,አዎ አለ,group,ቡድን,high,ከፍተኛ,English-Amharic,Frames the target as danger.,እንደ ስጋት ይቀርባል።
1301,We can disagree without hate.,ባንስማማም አለመጣላት እንችላለን።,safe,ጥሩ ንግግር,none,የለም,No,የለም,none,የለም,zero,ዜሮ,English-Amharic,"Affirms dignity, cooperation, and mutual respect.",ክብርን፣ ትብብርን እና መከባበርን ያበረታታል።
1302,Respect helps communities grow stronger.,ክብር ማህበረሰቦችን ያጠናክራል።,safe,ጥሩ ንግግር,none,የለም,No,የለም,none,የለም,zero,ዜሮ,English-Amharic,"Affirms dignity, cooperation, and mutual respect.",ክብርን፣ ትብብርን እና መከባበርን ያበረታታል።
1303,We can disagree without hate.,ባንስማማም አለመጣላት እንችላለን።,safe,ጥሩ ንግግር,none,የለም,No,የለም,none,የለም,zero,ዜሮ,English-Amharic,"Affirms dignity, cooperation, and mutual respect.",ክብርን፣ ትብብርን እና መከባበርን ያበረታታል።
1304,We should fear what they will do.,ምን እንደሚያደርጉ መፍራት አለብን።,hate_speech,የጥላቻ ንግግር,threat,ማስፈራሪያ,Yes,አዎ አለ,group,ቡድን,high,ከፍተኛ,English-Amharic,Frames the target as danger.,እንደ ስጋት ይቀርባል።
1305,They are not real people.,እውነተኛ ሰው አይደሉም።,hate_speech,የጥላቻ ንግግር,dehumanization,ሰብዓዊነትን መንፈግ,Yes,አዎ አለ,group,ቡድን,high,ከፍተኛ,English-Amharic,Strips humanity from the target.,ሰውነትን ይክዳል።
1306,Nobody wants to hear you.,ማንም ሊሰማሽ አይፈልግም።,hate_speech,የጥላቻ ንግግር,silencing,ዝም ማሰኘት,Yes,አዎ አለ,individual,ግለሰብ,low,ዝቅተኛ,English-Amharic,Suppresses participation and recognition.,ተሳትፎን እና እውቅናን ይከልክላል።
1307,We should speak respectfully.,በክብር መናገር አለብን።,safe,ጥሩ ንግግር,none,የለም,No,የለም,none,የለም,zero,ዜሮ,English-Amharic,"Affirms dignity, cooperation, and mutual respect.",ክብርን፣ ትብብርን እና መከባበርን ያበረታታል።
1308,Get out of our space.,ከቦታችን ውጣ።,hate_speech,የጥላቻ ንግግር,exclusion,ማግለል,Yes,አዎ አለ,group,ቡድን,high,ከፍተኛ,English-Amharic,Pushes removal and rejection.,ማግለልን እና መከልከልን ያበረታታል።
1309,You do not belong here.,ይህ የእናንተ ቦታ አይደለም።,hate_speech,የጥላቻ ንግግር,belonging denial,አባልነትን መከልከል,Yes,አዎ አለ,group,ቡድን,high,ከፍተኛ,English-Amharic,Denies membership and belonging.,አባልነትን እና ተሳትፎን ይከለክላል።
1310,You have no place among us.,ከእኛ መካከል ቦታ የለህም።,hate_speech,የጥላቻ ንግግር,belonging denial,አባልነትን መከልከል,Yes,አዎ አለ,group,ቡድን,high,ከፍተኛ,English-Amharic,Denies membership and belonging.,አባልነትን እና ተሳትፎን ይከለክላል።
1311,We should fear what they will do.,ምን እንደሚያደርጉ መፍራት አለብን።,hate_speech,የጥላቻ ንግግር,threat,ማስፈራሪያ,Yes,አዎ አለ,group,ቡድን,high,ከፍተኛ,English-Amharic,Frames the target as danger.,እንደ ስጋት ይቀርባል።
1312,Get out of our space.,ከቦታችን ውጣ።,hate_speech,የጥላቻ ንግግር,exclusion,ማግለል,Yes,አዎ አለ,group,ቡድን,high,ከፍተኛ,English-Amharic,Pushes removal and rejection.,ማግለልን እና መከልከልን ያበረታታል።
1313,We should listen before judging.,ከመፍረድ በፊት ማዳመጥ አለብን።,safe,ጥሩ ንግግር,none,የለም,No,የለም,none,የለም,zero,ዜሮ,English-Amharic,"Affirms dignity, cooperation, and mutual respect.",ክብርን፣ ትብብርን እና መከባበርን ያበረታታል።
1314,You should stay silent.,ዝም በይ።,hate_speech,የጥላቻ ንግግር,silencing,ዝም ማሰኘት,Yes,አዎ አለ,individual,ግለሰብ,low,ዝቅተኛ,English-Amharic,Suppresses participation and recognition.,ተሳትፎን እና እውቅናን ይከልክላል።
1315,Let us work for peace.,ለሰላም በጋራ እንስራ።,safe,ጥሩ ንግግር,none,የለም,No,የለም,none,የለም,zero,ዜሮ,English-Amharic,"Affirms dignity, cooperation, and mutual respect.",ክብርን፣ ትብብርን እና መከባበርን ያበረታታል።
1316,They are less than human.,ከሰው በታች ናቸው።,hate_speech,የጥላቻ ንግግር,dehumanization,ሰብዓዊነትን መንፈግ,Yes,አዎ አለ,group,ቡድን,high,ከፍተኛ,English-Amharic,Strips humanity from the target.,ሰውነትን ይክዳል።
1317,Let us work for peace.,ለሰላም በጋራ እንስራ።,safe,ጥሩ ንግግር,none,የለም,No,የለም,none,የለም,zero,ዜሮ,English-Amharic,"Affirms dignity, cooperation, and mutual respect.",ክብርን፣ ትብብርን እና መከባበርን ያበረታታል።
1318,Leave our community now.,ከማህበረሰባችን አሁን ውጣ።,hate_speech,የጥላቻ ንግግር,exclusion,ማግለል,Yes,አዎ አለ,group,ቡድን,high,ከፍተኛ,English-Amharic,Pushes removal and rejection.,ማግለልን እና መከልከልን ያበረታታል።
1319,Respect helps communities grow stronger.,ክብር ማህበረሰቦችን ያጠናክራል።,safe,ጥሩ ንግግር,none,የለም,No,የለም,none,የለም,zero,ዜሮ,English-Amharic,"Affirms dignity, cooperation, and mutual respect.",ክብርን፣ ትብብርን እና መከባበርን ያበረታታል።
1320,We should correct mistakes without humiliation.,ሰዎችን ሳናዋርድ ስህተትን ማስተካከል አለብን።,safe,ጥሩ ንግግር,none,የለም,No,የለም,none,የለም,zero,ዜሮ,English-Amharic,"Affirms dignity, cooperation, and mutual respect.",ክብርን፣ ትብብርን እና መከባበርን ያበረታታል።
1321,Let us work for peace.,ለሰላም በጋራ እንስራ።,safe,ጥሩ ንግግር,none,የለም,No,የለም,none,የለም,zero,ዜሮ,English-Amharic,"Affirms dignity, cooperation, and mutual respect.",ክብርን፣ ትብብርን እና መከባበርን ያበረታታል።
1322,Everyone deserves dignity.,ሁሉም ሰው ክብር ይገባዋል።,safe,ጥሩ ንግግር,none,የለም,No,የለም,none,የለም,zero,ዜሮ,English-Amharic,"Affirms dignity, cooperation, and mutual respect.",ክብርን፣ ትብብርን እና መከባበርን ያበረታታል።
1323,Get out of our space.,ከቦታችን ውጣ።,hate_speech,የጥላቻ ንግግር,exclusion,ማግለል,Yes,አዎ አለ,group,ቡድን,high,ከፍተኛ,English-Amharic,Pushes removal and rejection.,ማግለልን እና መከልከልን ያበረታታል።
1324,Everyone has value in this room.,በዚህ ክፍል ያለ ሁሉም ሰው ዋጋ አለው።,safe,ጥሩ ንግግር,none,የለም,No,የለም,none,የለም,zero,ዜሮ,English-Amharic,"Affirms dignity, cooperation, and mutual respect.",ክብርን፣ ትብብርን እና መከባበርን ያበረታታል።
1325,Every person should be heard.,እያንዳንዱ ሰው መሰማት አለበት።,safe,ጥሩ ንግግር,none,የለም,No,የለም,none,የለም,zero,ዜሮ,English-Amharic,"Affirms dignity, cooperation, and mutual respect.",ክብርን፣ ትብብርን እና መከባበርን ያበረታታል።
1326,They are less than human.,ከሰው በታች ናቸው።,hate_speech,የጥላቻ ንግግር,dehumanization,ሰብዓዊነትን መንፈግ,Yes,አዎ አለ,group,ቡድን,high,ከፍተኛ,English-Amharic,Strips humanity from the target.,ሰውነትን ይክዳል።
1327,You do not belong here.,ይህ የእናንተ ቦታ አይደለም።,hate_speech,የጥላቻ ንግግር,belonging denial,አባልነትን መከልከል,Yes,አዎ አለ,group,ቡድን,high,ከፍተኛ,English-Amharic,Denies membership and belonging.,አባልነትን እና ተሳትፎን ይከለክላል።
1328,They are not real people.,እውነተኛ ሰው አይደሉም።,hate_speech,የጥላቻ ንግግር,dehumanization,ሰብዓዊነትን መንፈግ,Yes,አዎ አለ,group,ቡድን,high,ከፍተኛ,English-Amharic,Strips humanity from the target.,ሰውነትን ይክዳል።
1329,Get out of our space.,ከቦታችን ውጣ።,hate_speech,የጥላቻ ንግግር,exclusion,ማግለል,Yes,አዎ አለ,group,ቡድን,high,ከፍተኛ,English-Amharic,Pushes removal and rejection.,ማግለልን እና መከልከልን ያበረታታል።
1330,You should stay silent.,ዝም በይ።,hate_speech,የጥላቻ ንግግር,silencing,ዝም ማሰኘት,Yes,አዎ አለ,individual,ግለሰብ,low,ዝቅተኛ,English-Amharic,Suppresses participation and recognition.,ተሳትፎን እና እውቅናን ይከልክላል።
1331,Your voice does not matter here.,እዚህ ድምፅሽ ዋጋ የለውም።,hate_speech,የጥላቻ ንግግር,silencing,ዝም ማሰኘት,Yes,አዎ አለ,individual,ግለሰብ,low,ዝቅተኛ,English-Amharic,Suppresses participation and recognition.,ተሳትፎን እና እውቅናን ይከልክላል።
1332,They threaten our safety.,ደህንነታችንን ይሸብራሉ።,hate_speech,የጥላቻ ንግግር,threat,ማስፈራሪያ,Yes,አዎ አለ,group,ቡድን,high,ከፍተኛ,English-Amharic,Frames the target as danger.,እንደ ስጋት ይቀርባል።
1333,You do not belong in this community.,በዚህ ማህበረሰብ ውስጥ አትገባም።,hate_speech,የጥላቻ ንግግር,belonging denial,አባልነትን መከልከል,Yes,አዎ አለ,group,ቡድን,high,ከፍተኛ,English-Amharic,Denies membership and belonging.,አባልነትን እና ተሳትፎን ይከለክላል።
1334,We should listen before judging.,ከመፍረድ በፊት ማዳመጥ አለብን።,safe,ጥሩ ንግግር,none,የለም,No,የለም,none,የለም,zero,ዜሮ,English-Amharic,"Affirms dignity, cooperation, and mutual respect.",ክብርን፣ ትብብርን እና መከባበርን ያበረታታል።
1335,Respect helps communities grow stronger.,ክብር ማህበረሰቦችን ያጠናክራል።,safe,ጥሩ ንግግር,none,የለም,No,የለም,none,የለም,zero,ዜሮ,English-Amharic,"Affirms dignity, cooperation, and mutual respect.",ክብርን፣ ትብብርን እና መከባበርን ያበረታታል።
1336,Every person should be heard.,እያንዳንዱ ሰው መሰማት አለበት።,safe,ጥሩ ንግግር,none,የለም,No,የለም,none,የለም,zero,ዜሮ,English-Amharic,"Affirms dignity, cooperation, and mutual respect.",ክብርን፣ ትብብርን እና መከባበርን ያበረታታል።
1337,They are a danger to everyone.,እነሱ ለሁሉም ስጋት ናቸው።,hate_speech,የጥላቻ ንግግር,threat,ማስፈራሪያ,Yes,አዎ አለ,group,ቡድን,high,ከፍተኛ,English-Amharic,Frames the target as danger.,እንደ ስጋት ይቀርባል።
1338,You do not belong here.,ይህ የእናንተ ቦታ አይደለም።,hate_speech,የጥላቻ ንግግር,belonging denial,አባልነትን መከልከል,Yes,አዎ አለ,group,ቡድን,high,ከፍተኛ,English-Amharic,Denies membership and belonging.,አባልነትን እና ተሳትፎን ይከለክላል።
1339,We can solve this together.,ይህን በጋራ መፍታት እንችላለን።,safe,ጥሩ ንግግር,none,የለም,No,የለም,none,የለም,zero,ዜሮ,English-Amharic,"Affirms dignity, cooperation, and mutual respect.",ክብርን፣ ትብብርን እና መከባበርን ያበረታታል።
1340,People deserve fairness and care.,ሰዎች ፍትሃዊነት እና እንክብካቤ ይገባቸዋል።,safe,ጥሩ ንግግር,none,የለም,No,የለም,none,የለም,zero,ዜሮ,English-Amharic,"Affirms dignity, cooperation, and mutual respect.",ክብርን፣ ትብብርን እና መከባበርን ያበረታታል።
1341,Let us find a solution that works for everyone.,ለሁሉም የሚሰራ መፍትሄ እንፈልግ።,safe,ጥሩ ንግግር,none,የለም,No,የለም,none,የለም,zero,ዜሮ,English-Amharic,"Affirms dignity, cooperation, and mutual respect.",ክብርን፣ ትብብርን እና መከባበርን ያበረታታል።
1342,People deserve fairness and care.,ሰዎች ፍትሃዊነት እና እንክብካቤ ይገባቸዋል።,safe,ጥሩ ንግግር,none,የለም,No,የለም,none,የለም,zero,ዜሮ,English-Amharic,"Affirms dignity, cooperation, and mutual respect.",ክብርን፣ ትብብርን እና መከባበርን ያበረታታል።
1343,They are less than human.,ከሰው በታች ናቸው።,hate_speech,የጥላቻ ንግግር,dehumanization,ሰብዓዊነትን መንፈግ,Yes,አዎ አለ,group,ቡድን,high,ከፍተኛ,English-Amharic,Strips humanity from the target.,ሰውነትን ይክዳል።
1344,We should speak respectfully.,በክብር መናገር አለብን።,safe,ጥሩ ንግግር,none,የለም,No,የለም,none,የለም,zero,ዜሮ,English-Amharic,"Affirms dignity, cooperation, and mutual respect.",ክብርን፣ ትብብርን እና መከባበርን ያበረታታል።
1345,People deserve fairness and care.,ሰዎች ፍትሃዊነት እና እንክብካቤ ይገባቸዋል።,safe,ጥሩ ንግግር,none,የለም,No,የለም,none,የለም,zero,ዜሮ,English-Amharic,"Affirms dignity, cooperation, and mutual respect.",ክብርን፣ ትብብርን እና መከባበርን ያበረታታል።
1346,They are not real people.,እውነተኛ ሰው አይደሉም።,hate_speech,የጥላቻ ንግግር,dehumanization,ሰብዓዊነትን መንፈግ,Yes,አዎ አለ,group,ቡድን,high,ከፍተኛ,English-Amharic,Strips humanity from the target.,ሰውነትን ይክዳል።
1347,Leave our community now.,ከማህበረሰባችን አሁን ውጣ።,hate_speech,የጥላቻ ንግግር,exclusion,ማግለል,Yes,አዎ አለ,group,ቡድን,high,ከፍተኛ,English-Amharic,Pushes removal and rejection.,ማግለልን እና መከልከልን ያበረታታል።
1348,We can disagree without hate.,ባንስማማም አለመጣላት እንችላለን።,safe,ጥሩ ንግግር,none,የለም,No,የለም,none,የለም,zero,ዜሮ,English-Amharic,"Affirms dignity, cooperation, and mutual respect.",ክብርን፣ ትብብርን እና መከባበርን ያበረታታል።
1349,Get out of our space.,ከቦታችን ውጣ።,hate_speech,የጥላቻ ንግግር,exclusion,ማግለል,Yes,አዎ አለ,group,ቡድን,high,ከፍተኛ,English-Amharic,Pushes removal and rejection.,ማግለልን እና መከልከልን ያበረታታል።
1350,Everyone has value in this room.,በዚህ ክፍል ያለ ሁሉም ሰው ዋጋ አለው።,safe,ጥሩ ንግግር,none,የለም,No,የለም,none,የለም,zero,ዜሮ,English-Amharic,"Affirms dignity, cooperation, and mutual respect.",ክብርን፣ ትብብርን እና መከባበርን ያበረታታል።
1351,Every person should be heard.,እያንዳንዱ ሰው መሰማት አለበት።,safe,ጥሩ ንግግር,none,የለም,No,የለም,none,የለም,zero,ዜሮ,English-Amharic,"Affirms dignity, cooperation, and mutual respect.",ክብርን፣ ትብብርን እና መከባበርን ያበረታታል።
1352,Everyone deserves dignity.,ሁሉም ሰው ክብር ይገባዋል።,safe,ጥሩ ንግግር,none,የለም,No,የለም,none,የለም,zero,ዜሮ,English-Amharic,"Affirms dignity, cooperation, and mutual respect.",ክብርን፣ ትብብርን እና መከባበርን ያበረታታል።
1353,You have no place among us.,ከእኛ መካከል ቦታ የለህም።,hate_speech,የጥላቻ ንግግር,belonging denial,አባልነትን መከልከል,Yes,አዎ አለ,group,ቡድን,high,ከፍተኛ,English-Amharic,Denies membership and belonging.,አባልነትን እና ተሳትፎን ይከለክላል።
1354,Let us find a solution that works for everyone.,ለሁሉም የሚሰራ መፍትሄ እንፈልግ።,safe,ጥሩ ንግግር,none,የለም,No,የለም,none,የለም,zero,ዜሮ,English-Amharic,"Affirms dignity, cooperation, and mutual respect.",ክብርን፣ ትብብርን እና መከባበርን ያበረታታል።
1355,We should listen before judging.,ከመፍረድ በፊት ማዳመጥ አለብን።,safe,ጥሩ ንግግር,none,የለም,No,የለም,none,የለም,zero,ዜሮ,English-Amharic,"Affirms dignity, cooperation, and mutual respect.",ክብርን፣ ትብብርን እና መከባበርን ያበረታታል።
1356,Their kind always ruins everything.,የእነሱ ዓይነት ሁልጊዜ ሁሉንም ያበላሻል።,hate_speech,የጥላቻ ንግግር,stereotyping,የተዛባ አመለካከት,Yes,አዎ አለ,group,ቡድን,low,ዝቅተኛ,English-Amharic,Uses harmful group stereotype.,ለአንድ ቡድን ያለ የተዛባ አመለካከት።
1357,Nobody wants to hear you.,ማንም ሊሰማሽ አይፈልግም።,hate_speech,የጥላቻ ንግግር,silencing,ዝም ማሰኘት,Yes,አዎ አለ,individual,ግለሰብ,low,ዝቅተኛ,English-Amharic,Suppresses participation and recognition.,ተሳትፎን እና እውቅናን ይከልክላል።
1358,Their kind always ruins everything.,የእነሱ ዓይነት ሁልጊዜ ሁሉንም ያበላሻል።,hate_speech,የጥላቻ ንግግር,stereotyping,የተዛባ አመለካከት,Yes,አዎ አለ,group,ቡድን,low,ዝቅተኛ,English-Amharic,Uses harmful group stereotype.,ለአንድ ቡድን ያለ የተዛባ አመለካከት።
1359,Let us find a solution that works for everyone.,ለሁሉም የሚሰራ መፍትሄ እንፈልግ።,safe,ጥሩ ንግግር,none,የለም,No,የለም,none,የለም,zero,ዜሮ,English-Amharic,"Affirms dignity, cooperation, and mutual respect.",ክብርን፣ ትብብርን እና መከባበርን ያበረታታል።
1360,We should correct mistakes without humiliation.,ሰዎችን ሳናዋርድ ስህተትን ማስተካከል አለብን።,safe,ጥሩ ንግግር,none,የለም,No,የለም,none,የለም,zero,ዜሮ,English-Amharic,"Affirms dignity, cooperation, and mutual respect.",ክብርን፣ ትብብርን እና መከባበርን ያበረታታል።
1361,People like them always cause trouble.,እንደ እነሱ ያሉ ሰዎች ሁልጊዜ ችግር ያመጣሉ።,hate_speech,የጥላቻ ንግግር,stereotyping,የተዛባ አመለካከት,Yes,አዎ አለ,group,ቡድን,low,ዝቅተኛ,English-Amharic,Uses harmful group stereotype.,ለአንድ ቡድን ያለ የተዛባ አመለካከት።
1362,Respect helps communities grow stronger.,ክብር ማህበረሰቦችን ያጠናክራል።,safe,ጥሩ ንግግር,none,የለም,No,የለም,none,የለም,zero,ዜሮ,English-Amharic,"Affirms dignity, cooperation, and mutual respect.",ክብርን፣ ትብብርን እና መከባበርን ያበረታታል።
1363,Every person should be heard.,እያንዳንዱ ሰው መሰማት አለበት።,safe,ጥሩ ንግግር,none,የለም,No,የለም,none,የለም,zero,ዜሮ,English-Amharic,"Affirms dignity, cooperation, and mutual respect.",ክብርን፣ ትብብርን እና መከባበርን ያበረታታል።
1364,You should be pushed out.,መባረር አለብህ።,hate_speech,የጥላቻ ንግግር,exclusion,ማግለል,Yes,አዎ አለ,group,ቡድን,high,ከፍተኛ,English-Amharic,Pushes removal and rejection.,ማግለልን እና መከልከልን ያበረታታል።
1365,We should speak respectfully.,በክብር መናገር አለብን።,safe,ጥሩ ንግግር,none,የለም,No,የለም,none,የለም,zero,ዜሮ,English-Amharic,"Affirms dignity, cooperation, and mutual respect.",ክብርን፣ ትብብርን እና መከባበርን ያበረታታል።
1366,That group is always the problem.,ያ ቡድን ሁልጊዜ ችግር ነው።,hate_speech,የጥላቻ ንግግር,stereotyping,የተዛባ አመለካከት,Yes,አዎ አለ,group,ቡድን,low,ዝቅተኛ,English-Amharic,Uses harmful group stereotype.,ለአንድ ቡድን ያለ የተዛባ አመለካከት።
1367,Respect helps communities grow stronger.,ክብር ማህበረሰቦችን ያጠናክራል።,safe,ጥሩ ንግግር,none,የለም,No,የለም,none,የለም,zero,ዜሮ,English-Amharic,"Affirms dignity, cooperation, and mutual respect.",ክብርን፣ ትብብርን እና መከባበርን ያበረታታል።
1368,Leave our community now.,ከማህበረሰባችን አሁን ውጣ።,hate_speech,የጥላቻ ንግግር,exclusion,ማግለል,Yes,አዎ አለ,group,ቡድን,high,ከፍተኛ,English-Amharic,Pushes removal and rejection.,ማግለልን እና መከልከልን ያበረታታል።
1369,You have no place among us.,ከእኛ መካከል ቦታ የለህም።,hate_speech,የጥላቻ ንግግር,belonging denial,አባልነትን መከልከል,Yes,አዎ አለ,group,ቡድን,high,ከፍተኛ,English-Amharic,Denies membership and belonging.,አባልነትን እና ተሳትፎን ይከለክላል።
1370,They are a danger to everyone.,እነሱ ለሁሉም ስጋት ናቸው።,hate_speech,የጥላቻ ንግግር,threat,ማስፈራሪያ,Yes,አዎ አለ,group,ቡድን,high,ከፍተኛ,English-Amharic,Frames the target as danger.,እንደ ስጋት ይቀርባል።
1371,They threaten our safety.,ደህንነታችንን ይሸብራሉ።,hate_speech,የጥላቻ ንግግር,threat,ማስፈራሪያ,Yes,አዎ አለ,group,ቡድን,high,ከፍተኛ,English-Amharic,Frames the target as danger.,እንደ ስጋት ይቀርባል።
1372,A fair discussion includes every voice.,ፍትሃዊ ውይይት ሁሉንም ድምፅ ያካትታል።,safe,ጥሩ ንግግር,none,የለም,No,የለም,none,የለም,zero,ዜሮ,English-Amharic,"Affirms dignity, cooperation, and mutual respect.",ክብርን፣ ትብብርን እና መከባበርን ያበረታታል።
1373,Get out of our space.,ከቦታችን ውጣ።,hate_speech,የጥላቻ ንግግር,exclusion,ማግለል,Yes,አዎ አለ,group,ቡድን,high,ከፍተኛ,English-Amharic,Pushes removal and rejection.,ማግለልን እና መከልከልን ያበረታታል።
1374,You do not belong here.,ይህ የእናንተ ቦታ አይደለም።,hate_speech,የጥላቻ ንግግር,belonging denial,አባልነትን መከልከል,Yes,አዎ አለ,group,ቡድን,high,ከፍተኛ,English-Amharic,Denies membership and belonging.,አባልነትን እና ተሳትፎን ይከለክላል።
1375,Let us work for peace.,ለሰላም በጋራ እንስራ።,safe,ጥሩ ንግግር,none,የለም,No,የለም,none,የለም,zero,ዜሮ,English-Amharic,"Affirms dignity, cooperation, and mutual respect.",ክብርን፣ ትብብርን እና መከባበርን ያበረታታል።
1376,Let us work for peace.,ለሰላም በጋራ እንስራ።,safe,ጥሩ ንግግር,none,የለም,No,የለም,none,የለም,zero,ዜሮ,English-Amharic,"Affirms dignity, cooperation, and mutual respect.",ክብርን፣ ትብብርን እና መከባበርን ያበረታታል።
1377,We should speak respectfully.,በክብር መናገር አለብን።,safe,ጥሩ ንግግር,none,የለም,No,የለም,none,የለም,zero,ዜሮ,English-Amharic,"Affirms dignity, cooperation, and mutual respect.",ክብርን፣ ትብብርን እና መከባበርን ያበረታታል።
1378,Let us find a solution that works for everyone.,ለሁሉም የሚሰራ መፍትሄ እንፈልግ።,safe,ጥሩ ንግግር,none,የለም,No,የለም,none,የለም,zero,ዜሮ,English-Amharic,"Affirms dignity, cooperation, and mutual respect.",ክብርን፣ ትብብርን እና መከባበርን ያበረታታል።
1379,We can disagree without hate.,ባንስማማም አለመጣላት እንችላለን።,safe,ጥሩ ንግግር,none,የለም,No,የለም,none,የለም,zero,ዜሮ,English-Amharic,"Affirms dignity, cooperation, and mutual respect.",ክብርን፣ ትብብርን እና መከባበርን ያበረታታል።
1380,Their kind always ruins everything.,የእነሱ ዓይነት ሁልጊዜ ሁሉንም ያበላሻል።,hate_speech,የጥላቻ ንግግር,stereotyping,የተዛባ አመለካከት,Yes,አዎ አለ,group,ቡድን,low,ዝቅተኛ,English-Amharic,Uses harmful group stereotype.,ለአንድ ቡድን ያለ የተዛባ አመለካከት።
1381,We can disagree without hate.,ባንስማማም አለመጣላት እንችላለን።,safe,ጥሩ ንግግር,none,የለም,No,የለም,none,የለም,zero,ዜሮ,English-Amharic,"Affirms dignity, cooperation, and mutual respect.",ክብርን፣ ትብብርን እና መከባበርን ያበረታታል።
1382,We should treat people fairly.,ሰዎችን በፍትሃዊነት ማየት አለብን።,safe,ጥሩ ንግግር,none,የለም,No,የለም,none,የለም,zero,ዜሮ,English-Amharic,"Affirms dignity, cooperation, and mutual respect.",ክብርን፣ ትብብርን እና መከባበርን ያበረታታል።
1383,They are less than human.,ከሰው በታች ናቸው።,hate_speech,የጥላቻ ንግግር,dehumanization,ሰብዓዊነትን መንፈግ,Yes,አዎ አለ,group,ቡድን,high,ከፍተኛ,English-Amharic,Strips humanity from the target.,ሰውነትን ይክዳል።
1384,We can solve this together.,ይህን በጋራ መፍታት እንችላለን።,safe,ጥሩ ንግግር,none,የለም,No,የለም,none,የለም,zero,ዜሮ,English-Amharic,"Affirms dignity, cooperation, and mutual respect.",ክብርን፣ ትብብርን እና መከባበርን ያበረታታል።
1385,You should be pushed out.,መባረር አለብህ።,hate_speech,የጥላቻ ንግግር,exclusion,ማግለል,Yes,አዎ አለ,group,ቡድን,high,ከፍተኛ,English-Amharic,Pushes removal and rejection.,ማግለልን እና መከልከልን ያበረታታል።
1386,Let us work for peace.,ለሰላም በጋራ እንስራ።,safe,ጥሩ ንግግር,none,የለም,No,የለም,none,የለም,zero,ዜሮ,English-Amharic,"Affirms dignity, cooperation, and mutual respect.",ክብርን፣ ትብብርን እና መከባበርን ያበረታታል።
1387,People like them always cause trouble.,እንደ እነሱ ያሉ ሰዎች ሁልጊዜ ችግር ያመጣሉ።,hate_speech,የጥላቻ ንግግር,stereotyping,የተዛባ አመለካከት,Yes,አዎ አለ,group,ቡድን,low,ዝቅተኛ,English-Amharic,Uses harmful group stereotype.,ለአንድ ቡድን ያለ የተዛባ አመለካከት።
1388,Let us find a solution that works for everyone.,ለሁሉም የሚሰራ መፍትሄ እንፈልግ።,safe,ጥሩ ንግግር,none,የለም,No,የለም,none,የለም,zero,ዜሮ,English-Amharic,"Affirms dignity, cooperation, and mutual respect.",ክብርን፣ ትብብርን እና መከባበርን ያበረታታል።
1389,We should listen before judging.,ከመፍረድ በፊት ማዳመጥ አለብን።,safe,ጥሩ ንግግር,none,የለም,No,የለም,none,የለም,zero,ዜሮ,English-Amharic,"Affirms dignity, cooperation, and mutual respect.",ክብርን፣ ትብብርን እና መከባበርን ያበረታታል።
1390,Let us work for peace.,ለሰላም በጋራ እንስራ።,safe,ጥሩ ንግግር,none,የለም,No,የለም,none,የለም,zero,ዜሮ,English-Amharic,"Affirms dignity, cooperation, and mutual respect.",ክብርን፣ ትብብርን እና መከባበርን ያበረታታል።
1391,Different views can still be handled kindly.,የተለያዩ አስተያየቶች በበጎ ሊታዩ ይችላሉ።,safe,ጥሩ ንግግር,none,የለም,No,የለም,none,የለም,zero,ዜሮ,English-Amharic,"Affirms dignity, cooperation, and mutual respect.",ክብርን፣ ትብብርን እና መከባበርን ያበረታታል።
1392,We can solve this together.,ይህን በጋራ መፍታት እንችላለን።,safe,ጥሩ ንግግር,none,የለም,No,የለም,none,የለም,zero,ዜሮ,English-Amharic,"Affirms dignity, cooperation, and mutual respect.",ክብርን፣ ትብብርን እና መከባበርን ያበረታታል።
1393,You do not belong in this community.,በዚህ ማህበረሰብ ውስጥ አትገባም።,hate_speech,የጥላቻ ንግግር,belonging denial,አባልነትን መከልከል,Yes,አዎ አለ,group,ቡድን,high,ከፍተኛ,English-Amharic,Denies membership and belonging.,አባልነትን እና ተሳትፎን ይከለክላል።
1394,Different views can still be handled kindly.,የተለያዩ አስተያየቶች በበጎ ሊታዩ ይችላሉ።,safe,ጥሩ ንግግር,none,የለም,No,የለም,none,የለም,zero,ዜሮ,English-Amharic,"Affirms dignity, cooperation, and mutual respect.",ክብርን፣ ትብብርን እና መከባበርን ያበረታታል።
1395,Everyone deserves dignity.,ሁሉም ሰው ክብር ይገባዋል።,safe,ጥሩ ንግግር,none,የለም,No,የለም,none,የለም,zero,ዜሮ,English-Amharic,"Affirms dignity, cooperation, and mutual respect.",ክብርን፣ ትብብርን እና መከባበርን ያበረታታል።
1396,Their kind always ruins everything.,የእነሱ ዓይነት ሁልጊዜ ሁሉንም ያበላሻል።,hate_speech,የጥላቻ ንግግር,stereotyping,የተዛባ አመለካከት,Yes,አዎ አለ,group,ቡድን,low,ዝቅተኛ,English-Amharic,Uses harmful group stereotype.,ለአንድ ቡድን ያለ የተዛባ አመለካከት።
1397,Everyone has value in this room.,በዚህ ክፍል ያለ ሁሉም ሰው ዋጋ አለው።,safe,ጥሩ ንግግር,none,የለም,No,የለም,none,የለም,zero,ዜሮ,English-Amharic,"Affirms dignity, cooperation, and mutual respect.",ክብርን፣ ትብብርን እና መከባበርን ያበረታታል።
1398,You should be pushed out.,መባረር አለብህ።,hate_speech,የጥላቻ ንግግር,exclusion,ማግለል,Yes,አዎ አለ,group,ቡድን,high,ከፍተኛ,English-Amharic,Pushes removal and rejection.,ማግለልን እና መከልከልን ያበረታታል።
1399,They threaten our safety.,ደህንነታችንን ይሸብራሉ።,hate_speech,የጥላቻ ንግግር,threat,ማስፈራሪያ,Yes,አዎ አለ,group,ቡድን,high,ከፍተኛ,English-Amharic,Frames the target as danger.,እንደ ስጋት ይቀርባል።
1400,People like them always cause trouble.,እንደ እነሱ ያሉ ሰዎች ሁልጊዜ ችግር ያመጣሉ።,hate_speech,የጥላቻ ንግግር,stereotyping,የተዛባ አመለካከት,Yes,አዎ አለ,group,ቡድን,low,ዝቅተኛ,English-Amharic,Uses harmful group stereotype.,ለአንድ ቡድን ያለ የተዛባ አመለካከት።
1401,We can solve this together.,ይህን በጋራ መፍታት እንችላለን።,safe,ጥሩ ንግግር,none,የለም,No,የለም,none,የለም,zero,ዜሮ,English-Amharic,"Affirms dignity, cooperation, and mutual respect.",ክብርን፣ ትብብርን እና መከባበርን ያበረታታል።
1402,We should treat people fairly.,ሰዎችን በፍትሃዊነት ማየት አለብን።,safe,ጥሩ ንግግር,none,የለም,No,የለም,none,የለም,zero,ዜሮ,English-Amharic,"Affirms dignity, cooperation, and mutual respect.",ክብርን፣ ትብብርን እና መከባበርን ያበረታታል።
1403,We can disagree without hate.,ባንስማማም አለመጣላት እንችላለን።,safe,ጥሩ ንግግር,none,የለም,No,የለም,none,የለም,zero,ዜሮ,English-Amharic,"Affirms dignity, cooperation, and mutual respect.",ክብርን፣ ትብብርን እና መከባበርን ያበረታታል።
1404,We can solve this together.,ይህን በጋራ መፍታት እንችላለን።,safe,ጥሩ ንግግር,none,የለም,No,የለም,none,የለም,zero,ዜሮ,English-Amharic,"Affirms dignity, cooperation, and mutual respect.",ክብርን፣ ትብብርን እና መከባበርን ያበረታታል።
1405,You do not belong here.,ይህ የእናንተ ቦታ አይደለም።,hate_speech,የጥላቻ ንግግር,belonging denial,አባልነትን መከልከል,Yes,አዎ አለ,group,ቡድን,high,ከፍተኛ,English-Amharic,Denies membership and belonging.,አባልነትን እና ተሳትፎን ይከለክላል።
1406,You have no place among us.,ከእኛ መካከል ቦታ የለህም።,hate_speech,የጥላቻ ንግግር,belonging denial,አባልነትን መከልከል,Yes,አዎ አለ,group,ቡድን,high,ከፍተኛ,English-Amharic,Denies membership and belonging.,አባልነትን እና ተሳትፎን ይከለክላል።
1407,Your voice does not matter here.,እዚህ ድምፅሽ ዋጋ የለውም።,hate_speech,የጥላቻ ንግግር,silencing,ዝም ማሰኘት,Yes,አዎ አለ,individual,ግለሰብ,low,ዝቅተኛ,English-Amharic,Suppresses participation and recognition.,ተሳትፎን እና እውቅናን ይከልክላል።
1408,Their kind always ruins everything.,የእነሱ ዓይነት ሁልጊዜ ሁሉንም ያበላሻል።,hate_speech,የጥላቻ ንግግር,stereotyping,የተዛባ አመለካከት,Yes,አዎ አለ,group,ቡድን,low,ዝቅተኛ,English-Amharic,Uses harmful group stereotype.,ለአንድ ቡድን ያለ የተዛባ አመለካከት።
1409,They are less than human.,ከሰው በታች ናቸው።,hate_speech,የጥላቻ ንግግር,dehumanization,ሰብዓዊነትን መንፈግ,Yes,አዎ አለ,group,ቡድን,high,ከፍተኛ,English-Amharic,Strips humanity from the target.,ሰውነትን ይክዳል።
1410,They are not real people.,እውነተኛ ሰው አይደሉም።,hate_speech,የጥላቻ ንግግር,dehumanization,ሰብዓዊነትን መንፈግ,Yes,አዎ አለ,group,ቡድን,high,ከፍተኛ,English-Amharic,Strips humanity from the target.,ሰውነትን ይክዳል።
1411,You have no place among us.,ከእኛ መካከል ቦታ የለህም።,hate_speech,የጥላቻ ንግግር,belonging denial,አባልነትን መከልከል,Yes,አዎ አለ,group,ቡድን,high,ከፍተኛ,English-Amharic,Denies membership and belonging.,አባልነትን እና ተሳትፎን ይከለክላል።
1412,Let us work for peace.,ለሰላም በጋራ እንስራ።,safe,ጥሩ ንግግር,none,የለም,No,የለም,none,የለም,zero,ዜሮ,English-Amharic,"Affirms dignity, cooperation, and mutual respect.",ክብርን፣ ትብብርን እና መከባበርን ያበረታታል።
1413,Different views can still be handled kindly.,የተለያዩ አስተያየቶች በበጎ ሊታዩ ይችላሉ።,safe,ጥሩ ንግግር,none,የለም,No,የለም,none,የለም,zero,ዜሮ,English-Amharic,"Affirms dignity, cooperation, and mutual respect.",ክብርን፣ ትብብርን እና መከባበርን ያበረታታል።
1414,Respect helps communities grow stronger.,ክብር ማህበረሰቦችን ያጠናክራል።,safe,ጥሩ ንግግር,none,የለም,No,የለም,none,የለም,zero,ዜሮ,English-Amharic,"Affirms dignity, cooperation, and mutual respect.",ክብርን፣ ትብብርን እና መከባበርን ያበረታታል።
1415,We should listen before judging.,ከመፍረድ በፊት ማዳመጥ አለብን።,safe,ጥሩ ንግግር,none,የለም,No,የለም,none,የለም,zero,ዜሮ,English-Amharic,"Affirms dignity, cooperation, and mutual respect.",ክብርን፣ ትብብርን እና መከባበርን ያበረታታል።
1416,We can solve this together.,ይህን በጋራ መፍታት እንችላለን።,safe,ጥሩ ንግግር,none,የለም,No,የለም,none,የለም,zero,ዜሮ,English-Amharic,"Affirms dignity, cooperation, and mutual respect.",ክብርን፣ ትብብርን እና መከባበርን ያበረታታል።
1417,A fair discussion includes every voice.,ፍትሃዊ ውይይት ሁሉንም ድምፅ ያካትታል።,safe,ጥሩ ንግግር,none,የለም,No,የለም,none,የለም,zero,ዜሮ,English-Amharic,"Affirms dignity, cooperation, and mutual respect.",ክብርን፣ ትብብርን እና መከባበርን ያበረታታል።
1418,Nobody wants to hear you.,ማንም ሊሰማሽ አይፈልግም።,hate_speech,የጥላቻ ንግግር,silencing,ዝም ማሰኘት,Yes,አዎ አለ,individual,ግለሰብ,low,ዝቅተኛ,English-Amharic,Suppresses participation and recognition.,ተሳትፎን እና እውቅናን ይከልክላል።
1419,We can solve this together.,ይህን በጋራ መፍታት እንችላለን።,safe,ጥሩ ንግግር,none,የለም,No,የለም,none,የለም,zero,ዜሮ,English-Amharic,"Affirms dignity, cooperation, and mutual respect.",ክብርን፣ ትብብርን እና መከባበርን ያበረታታል።
1420,A fair discussion includes every voice.,ፍትሃዊ ውይይት ሁሉንም ድምፅ ያካትታል።,safe,ጥሩ ንግግር,none,የለም,No,የለም,none,የለም,zero,ዜሮ,English-Amharic,"Affirms dignity, cooperation, and mutual respect.",ክብርን፣ ትብብርን እና መከባበርን ያበረታታል።
1421,People like them always cause trouble.,እንደ እነሱ ያሉ ሰዎች ሁልጊዜ ችግር ያመጣሉ።,hate_speech,የጥላቻ ንግግር,stereotyping,የተዛባ አመለካከት,Yes,አዎ አለ,group,ቡድን,low,ዝቅተኛ,English-Amharic,Uses harmful group stereotype.,ለአንድ ቡድን ያለ የተዛባ አመለካከት።
1422,Respect helps communities grow stronger.,ክብር ማህበረሰቦችን ያጠናክራል።,safe,ጥሩ ንግግር,none,የለም,No,የለም,none,የለም,zero,ዜሮ,English-Amharic,"Affirms dignity, cooperation, and mutual respect.",ክብርን፣ ትብብርን እና መከባበርን ያበረታታል።
1423,We should fear what they will do.,ምን እንደሚያደርጉ መፍራት አለብን።,hate_speech,የጥላቻ ንግግር,threat,ማስፈራሪያ,Yes,አዎ አለ,group,ቡድን,high,ከፍተኛ,English-Amharic,Frames the target as danger.,እንደ ስጋት ይቀርባል።
1424,You do not belong here.,ይህ የእናንተ ቦታ አይደለም።,hate_speech,የጥላቻ ንግግር,belonging denial,አባልነትን መከልከል,Yes,አዎ አለ,group,ቡድን,high,ከፍተኛ,English-Amharic,Denies membership and belonging.,አባልነትን እና ተሳትፎን ይከለክላል።
1425,Leave our community now.,ከማህበረሰባችን አሁን ውጣ።,hate_speech,የጥላቻ ንግግር,exclusion,ማግለል,Yes,አዎ አለ,group,ቡድን,high,ከፍተኛ,English-Amharic,Pushes removal and rejection.,ማግለልን እና መከልከልን ያበረታታል።
1426,Your voice does not matter here.,እዚህ ድምፅሽ ዋጋ የለውም።,hate_speech,የጥላቻ ንግግር,silencing,ዝም ማሰኘት,Yes,አዎ አለ,individual,ግለሰብ,low,ዝቅተኛ,English-Amharic,Suppresses participation and recognition.,ተሳትፎን እና እውቅናን ይከልክላል።
1427,People deserve fairness and care.,ሰዎች ፍትሃዊነት እና እንክብካቤ ይገባቸዋል።,safe,ጥሩ ንግግር,none,የለም,No,የለም,none,የለም,zero,ዜሮ,English-Amharic,"Affirms dignity, cooperation, and mutual respect.",ክብርን፣ ትብብርን እና መከባበርን ያበረታታል።
1428,That group is always the problem.,ያ ቡድን ሁልጊዜ ችግር ነው።,hate_speech,የጥላቻ ንግግር,stereotyping,የተዛባ አመለካከት,Yes,አዎ አለ,group,ቡድን,low,ዝቅተኛ,English-Amharic,Uses harmful group stereotype.,ለአንድ ቡድን ያለ የተዛባ አመለካከት።
1429,Everyone has value in this room.,በዚህ ክፍል ያለ ሁሉም ሰው ዋጋ አለው።,safe,ጥሩ ንግግር,none,የለም,No,የለም,none,የለም,zero,ዜሮ,English-Amharic,"Affirms dignity, cooperation, and mutual respect.",ክብርን፣ ትብብርን እና መከባበርን ያበረታታል።
1430,Everyone deserves dignity.,ሁሉም ሰው ክብር ይገባዋል።,safe,ጥሩ ንግግር,none,የለም,No,የለም,none,የለም,zero,ዜሮ,English-Amharic,"Affirms dignity, cooperation, and mutual respect.",ክብርን፣ ትብብርን እና መከባበርን ያበረታታል።
1431,We should speak respectfully.,በክብር መናገር አለብን።,safe,ጥሩ ንግግር,none,የለም,No,የለም,none,የለም,zero,ዜሮ,English-Amharic,"Affirms dignity, cooperation, and mutual respect.",ክብርን፣ ትብብርን እና መከባበርን ያበረታታል።
1432,We can disagree without hate.,ባንስማማም አለመጣላት እንችላለን።,safe,ጥሩ ንግግር,none,የለም,No,የለም,none,የለም,zero,ዜሮ,English-Amharic,"Affirms dignity, cooperation, and mutual respect.",ክብርን፣ ትብብርን እና መከባበርን ያበረታታል።
1433,They are a danger to everyone.,እነሱ ለሁሉም ስጋት ናቸው።,hate_speech,የጥላቻ ንግግር,threat,ማስፈራሪያ,Yes,አዎ አለ,group,ቡድን,high,ከፍተኛ,English-Amharic,Frames the target as danger.,እንደ ስጋት ይቀርባል።
1434,That group is always the problem.,ያ ቡድን ሁልጊዜ ችግር ነው።,hate_speech,የጥላቻ ንግግር,stereotyping,የተዛባ አመለካከት,Yes,አዎ አለ,group,ቡድን,low,ዝቅተኛ,English-Amharic,Uses harmful group stereotype.,ለአንድ ቡድን ያለ የተዛባ አመለካከት።
1435,We should treat people fairly.,ሰዎችን በፍትሃዊነት ማየት አለብን።,safe,ጥሩ ንግግር,none,የለም,No,የለም,none,የለም,zero,ዜሮ,English-Amharic,"Affirms dignity, cooperation, and mutual respect.",ክብርን፣ ትብብርን እና መከባበርን ያበረታታል።
1436,We should correct mistakes without humiliation.,ሰዎችን ሳናዋርድ ስህተትን ማስተካከል አለብን።,safe,ጥሩ ንግግር,none,የለም,No,የለም,none,የለም,zero,ዜሮ,English-Amharic,"Affirms dignity, cooperation, and mutual respect.",ክብርን፣ ትብብርን እና መከባበርን ያበረታታል።
1437,Get out of our space.,ከቦታችን ውጣ።,hate_speech,የጥላቻ ንግግር,exclusion,ማግለል,Yes,አዎ አለ,group,ቡድን,high,ከፍተኛ,English-Amharic,Pushes removal and rejection.,ማግለልን እና መከልከልን ያበረታታል።
1438,They are not real people.,እውነተኛ ሰው አይደሉም።,hate_speech,የጥላቻ ንግግር,dehumanization,ሰብዓዊነትን መንፈግ,Yes,አዎ አለ,group,ቡድን,high,ከፍተኛ,English-Amharic,Strips humanity from the target.,ሰውነትን ይክዳል።
1439,We should speak respectfully.,በክብር መናገር አለብን።,safe,ጥሩ ንግግር,none,የለም,No,የለም,none,የለም,zero,ዜሮ,English-Amharic,"Affirms dignity, cooperation, and mutual respect.",ክብርን፣ ትብብርን እና መከባበርን ያበረታታል።
1440,We should correct mistakes without humiliation.,ሰዎችን ሳናዋርድ ስህተትን ማስተካከል አለብን።,safe,ጥሩ ንግግር,none,የለም,No,የለም,none,የለም,zero,ዜሮ,English-Amharic,"Affirms dignity, cooperation, and mutual respect.",ክብርን፣ ትብብርን እና መከባበርን ያበረታታል።
1441,We can solve this together.,ይህን በጋራ መፍታት እንችላለን።,safe,ጥሩ ንግግር,none,የለም,No,የለም,none,የለም,zero,ዜሮ,English-Amharic,"Affirms dignity, cooperation, and mutual respect.",ክብርን፣ ትብብርን እና መከባበርን ያበረታታል።
1442,You do not belong here.,ይህ የእናንተ ቦታ አይደለም።,hate_speech,የጥላቻ ንግግር,belonging denial,አባልነትን መከልከል,Yes,አዎ አለ,group,ቡድን,high,ከፍተኛ,English-Amharic,Denies membership and belonging.,አባልነትን እና ተሳትፎን ይከለክላል።
1443,They threaten our safety.,ደህንነታችንን ይሸብራሉ።,hate_speech,የጥላቻ ንግግር,threat,ማስፈራሪያ,Yes,አዎ አለ,group,ቡድን,high,ከፍተኛ,English-Amharic,Frames the target as danger.,እንደ ስጋት ይቀርባል።
1444,We should correct mistakes without humiliation.,ሰዎችን ሳናዋርድ ስህተትን ማስተካከል አለብን።,safe,ጥሩ ንግግር,none,የለም,No,የለም,none,የለም,zero,ዜሮ,English-Amharic,"Affirms dignity, cooperation, and mutual respect.",ክብርን፣ ትብብርን እና መከባበርን ያበረታታል።
1445,They are not fully human.,እነሱ ሙሉ ሰው አይደሉም።,hate_speech,የጥላቻ ንግግር,dehumanization,ሰብዓዊነትን መንፈግ,Yes,አዎ አለ,group,ቡድን,high,ከፍተኛ,English-Amharic,Strips humanity from the target.,ሰውነትን ይክዳል።
1446,Let us find a solution that works for everyone.,ለሁሉም የሚሰራ መፍትሄ እንፈልግ።,safe,ጥሩ ንግግር,none,የለም,No,የለም,none,የለም,zero,ዜሮ,English-Amharic,"Affirms dignity, cooperation, and mutual respect.",ክብርን፣ ትብብርን እና መከባበርን ያበረታታል።
1447,You should stay silent.,ዝም በይ።,hate_speech,የጥላቻ ንግግር,silencing,ዝም ማሰኘት,Yes,አዎ አለ,individual,ግለሰብ,low,ዝቅተኛ,English-Amharic,Suppresses participation and recognition.,ተሳትፎን እና እውቅናን ይከልክላል።
1448,They are less than human.,ከሰው በታች ናቸው።,hate_speech,የጥላቻ ንግግር,dehumanization,ሰብዓዊነትን መንፈግ,Yes,አዎ አለ,group,ቡድን,high,ከፍተኛ,English-Amharic,Strips humanity from the target.,ሰውነትን ይክዳል።
1449,People like them always cause trouble.,እንደ እነሱ ያሉ ሰዎች ሁልጊዜ ችግር ያመጣሉ።,hate_speech,የጥላቻ ንግግር,stereotyping,የተዛባ አመለካከት,Yes,አዎ አለ,group,ቡድን,low,ዝቅተኛ,English-Amharic,Uses harmful group stereotype.,ለአንድ ቡድን ያለ የተዛባ አመለካከት።
1450,They are not real people.,እውነተኛ ሰው አይደሉም።,hate_speech,የጥላቻ ንግግር,dehumanization,ሰብዓዊነትን መንፈግ,Yes,አዎ አለ,group,ቡድን,high,ከፍተኛ,English-Amharic,Strips humanity from the target.,ሰውነትን ይክዳል።
1451,You should stay silent.,ዝም በይ።,hate_speech,የጥላቻ ንግግር,silencing,ዝም ማሰኘት,Yes,አዎ አለ,individual,ግለሰብ,low,ዝቅተኛ,English-Amharic,Suppresses participation and recognition.,ተሳትፎን እና እውቅናን ይከልክላል።
1452,They are not real people.,እውነተኛ ሰው አይደሉም።,hate_speech,የጥላቻ ንግግር,dehumanization,ሰብዓዊነትን መንፈግ,Yes,አዎ አለ,group,ቡድን,high,ከፍተኛ,English-Amharic,Strips humanity from the target.,ሰውነትን ይክዳል።
1453,We should fear what they will do.,ምን እንደሚያደርጉ መፍራት አለብን።,hate_speech,የጥላቻ ንግግር,threat,ማስፈራሪያ,Yes,አዎ አለ,group,ቡድን,high,ከፍተኛ,English-Amharic,Frames the target as danger.,እንደ ስጋት ይቀርባል።
1454,You have no place among us.,ከእኛ መካከል ቦታ የለህም።,hate_speech,የጥላቻ ንግግር,belonging denial,አባልነትን መከልከል,Yes,አዎ አለ,group,ቡድን,high,ከፍተኛ,English-Amharic,Denies membership and belonging.,አባልነትን እና ተሳትፎን ይከለክላል።
1455,We can disagree without hate.,ባንስማማም አለመጣላት እንችላለን።,safe,ጥሩ ንግግር,none,የለም,No,የለም,none,የለም,zero,ዜሮ,English-Amharic,"Affirms dignity, cooperation, and mutual respect.",ክብርን፣ ትብብርን እና መከባበርን ያበረታታል።
1456,We should treat people fairly.,ሰዎችን በፍትሃዊነት ማየት አለብን።,safe,ጥሩ ንግግር,none,የለም,No,የለም,none,የለም,zero,ዜሮ,English-Amharic,"Affirms dignity, cooperation, and mutual respect.",ክብርን፣ ትብብርን እና መከባበርን ያበረታታል።
1457,You do not belong in this community.,በዚህ ማህበረሰብ ውስጥ አትገባም።,hate_speech,የጥላቻ ንግግር,belonging denial,አባልነትን መከልከል,Yes,አዎ አለ,group,ቡድን,high,ከፍተኛ,English-Amharic,Denies membership and belonging.,አባልነትን እና ተሳትፎን ይከለክላል።
1458,Respect helps communities grow stronger.,ክብር ማህበረሰቦችን ያጠናክራል።,safe,ጥሩ ንግግር,none,የለም,No,የለም,none,የለም,zero,ዜሮ,English-Amharic,"Affirms dignity, cooperation, and mutual respect.",ክብርን፣ ትብብርን እና መከባበርን ያበረታታል።
1459,We should speak respectfully.,በክብር መናገር አለብን።,safe,ጥሩ ንግግር,none,የለም,No,የለም,none,የለም,zero,ዜሮ,English-Amharic,"Affirms dignity, cooperation, and mutual respect.",ክብርን፣ ትብብርን እና መከባበርን ያበረታታል።
1460,They are a danger to everyone.,እነሱ ለሁሉም ስጋት ናቸው።,hate_speech,የጥላቻ ንግግር,threat,ማስፈራሪያ,Yes,አዎ አለ,group,ቡድን,high,ከፍተኛ,English-Amharic,Frames the target as danger.,እንደ ስጋት ይቀርባል።
1461,We should treat people fairly.,ሰዎችን በፍትሃዊነት ማየት አለብን።,safe,ጥሩ ንግግር,none,የለም,No,የለም,none,የለም,zero,ዜሮ,English-Amharic,"Affirms dignity, cooperation, and mutual respect.",ክብርን፣ ትብብርን እና መከባበርን ያበረታታል።
1462,Leave our community now.,ከማህበረሰባችን አሁን ውጣ።,hate_speech,የጥላቻ ንግግር,exclusion,ማግለል,Yes,አዎ አለ,group,ቡድን,high,ከፍተኛ,English-Amharic,Pushes removal and rejection.,ማግለልን እና መከልከልን ያበረታታል።
1463,Their kind always ruins everything.,የእነሱ ዓይነት ሁልጊዜ ሁሉንም ያበላሻል።,hate_speech,የጥላቻ ንግግር,stereotyping,የተዛባ አመለካከት,Yes,አዎ አለ,group,ቡድን,low,ዝቅተኛ,English-Amharic,Uses harmful group stereotype.,ለአንድ ቡድን ያለ የተዛባ አመለካከት።
1464,We can solve this together.,ይህን በጋራ መፍታት እንችላለን።,safe,ጥሩ ንግግር,none,የለም,No,የለም,none,የለም,zero,ዜሮ,English-Amharic,"Affirms dignity, cooperation, and mutual respect.",ክብርን፣ ትብብርን እና መከባበርን ያበረታታል።
1465,Leave our community now.,ከማህበረሰባችን አሁን ውጣ።,hate_speech,የጥላቻ ንግግር,exclusion,ማግለል,Yes,አዎ አለ,group,ቡድን,high,ከፍተኛ,English-Amharic,Pushes removal and rejection.,ማግለልን እና መከልከልን ያበረታታል።
1466,You have no place among us.,ከእኛ መካከል ቦታ የለህም።,hate_speech,የጥላቻ ንግግር,belonging denial,አባልነትን መከልከል,Yes,አዎ አለ,group,ቡድን,high,ከፍተኛ,English-Amharic,Denies membership and belonging.,አባልነትን እና ተሳትፎን ይከለክላል።
1467,Respect helps communities grow stronger.,ክብር ማህበረሰቦችን ያጠናክራል።,safe,ጥሩ ንግግር,none,የለም,No,የለም,none,የለም,zero,ዜሮ,English-Amharic,"Affirms dignity, cooperation, and mutual respect.",ክብርን፣ ትብብርን እና መከባበርን ያበረታታል።
1468,Let us find a solution that works for everyone.,ለሁሉም የሚሰራ መፍትሄ እንፈልግ።,safe,ጥሩ ንግግር,none,የለም,No,የለም,none,የለም,zero,ዜሮ,English-Amharic,"Affirms dignity, cooperation, and mutual respect.",ክብርን፣ ትብብርን እና መከባበርን ያበረታታል።
1469,Let us find a solution that works for everyone.,ለሁሉም የሚሰራ መፍትሄ እንፈልግ።,safe,ጥሩ ንግግር,none,የለም,No,የለም,none,የለም,zero,ዜሮ,English-Amharic,"Affirms dignity, cooperation, and mutual respect.",ክብርን፣ ትብብርን እና መከባበርን ያበረታታል።
1470,People deserve fairness and care.,ሰዎች ፍትሃዊነት እና እንክብካቤ ይገባቸዋል።,safe,ጥሩ ንግግር,none,የለም,No,የለም,none,የለም,zero,ዜሮ,English-Amharic,"Affirms dignity, cooperation, and mutual respect.",ክብርን፣ ትብብርን እና መከባበርን ያበረታታል።
1471,Everyone deserves dignity.,ሁሉም ሰው ክብር ይገባዋል።,safe,ጥሩ ንግግር,none,የለም,No,የለም,none,የለም,zero,ዜሮ,English-Amharic,"Affirms dignity, cooperation, and mutual respect.",ክብርን፣ ትብብርን እና መከባበርን ያበረታታል።
1472,A fair discussion includes every voice.,ፍትሃዊ ውይይት ሁሉንም ድምፅ ያካትታል።,safe,ጥሩ ንግግር,none,የለም,No,የለም,none,የለም,zero,ዜሮ,English-Amharic,"Affirms dignity, cooperation, and mutual respect.",ክብርን፣ ትብብርን እና መከባበርን ያበረታታል።
1473,Every person should be heard.,እያንዳንዱ ሰው መሰማት አለበት።,safe,ጥሩ ንግግር,none,የለም,No,የለም,none,የለም,zero,ዜሮ,English-Amharic,"Affirms dignity, cooperation, and mutual respect.",ክብርን፣ ትብብርን እና መከባበርን ያበረታታል።
1474,Every person should be heard.,እያንዳንዱ ሰው መሰማት አለበት።,safe,ጥሩ ንግግር,none,የለም,No,የለም,none,የለም,zero,ዜሮ,English-Amharic,"Affirms dignity, cooperation, and mutual respect.",ክብርን፣ ትብብርን እና መከባበርን ያበረታታል።
1475,Leave our community now.,ከማህበረሰባችን አሁን ውጣ።,hate_speech,የጥላቻ ንግግር,exclusion,ማግለል,Yes,አዎ አለ,group,ቡድን,high,ከፍተኛ,English-Amharic,Pushes removal and rejection.,ማግለልን እና መከልከልን ያበረታታል።
1476,Everyone deserves dignity.,ሁሉም ሰው ክብር ይገባዋል።,safe,ጥሩ ንግግር,none,የለም,No,የለም,none,የለም,zero,ዜሮ,English-Amharic,"Affirms dignity, cooperation, and mutual respect.",ክብርን፣ ትብብርን እና መከባበርን ያበረታታል።
1477,Nobody wants to hear you.,ማንም ሊሰማሽ አይፈልግም።,hate_speech,የጥላቻ ንግግር,silencing,ዝም ማሰኘት,Yes,አዎ አለ,individual,ግለሰብ,low,ዝቅተኛ,English-Amharic,Suppresses participation and recognition.,ተሳትፎን እና እውቅናን ይከልክላል።
1478,You should be pushed out.,መባረር አለብህ።,hate_speech,የጥላቻ ንግግር,exclusion,ማግለል,Yes,አዎ አለ,group,ቡድን,high,ከፍተኛ,English-Amharic,Pushes removal and rejection.,ማግለልን እና መከልከልን ያበረታታል።
1479,That group is always the problem.,ያ ቡድን ሁልጊዜ ችግር ነው።,hate_speech,የጥላቻ ንግግር,stereotyping,የተዛባ አመለካከት,Yes,አዎ አለ,group,ቡድን,low,ዝቅተኛ,English-Amharic,Uses harmful group stereotype.,ለአንድ ቡድን ያለ የተዛባ አመለካከት።
1480,We should fear what they will do.,ምን እንደሚያደርጉ መፍራት አለብን።,hate_speech,የጥላቻ ንግግር,threat,ማስፈራሪያ,Yes,አዎ አለ,group,ቡድን,high,ከፍተኛ,English-Amharic,Frames the target as danger.,እንደ ስጋት ይቀርባል።
1481,Nobody wants to hear you.,ማንም ሊሰማሽ አይፈልግም።,hate_speech,የጥላቻ ንግግር,silencing,ዝም ማሰኘት,Yes,አዎ አለ,individual,ግለሰብ,low,ዝቅተኛ,English-Amharic,Suppresses participation and recognition.,ተሳትፎን እና እውቅናን ይከልክላል።
1482,Respect helps communities grow stronger.,ክብር ማህበረሰቦችን ያጠናክራል።,safe,ጥሩ ንግግር,none,የለም,No,የለም,none,የለም,zero,ዜሮ,English-Amharic,"Affirms dignity, cooperation, and mutual respect.",ክብርን፣ ትብብርን እና መከባበርን ያበረታታል።
1483,We can solve this together.,ይህን በጋራ መፍታት እንችላለን።,safe,ጥሩ ንግግር,none,የለም,No,የለም,none,የለም,zero,ዜሮ,English-Amharic,"Affirms dignity, cooperation, and mutual respect.",ክብርን፣ ትብብርን እና መከባበርን ያበረታታል።
1484,Leave our community now.,ከማህበረሰባችን አሁን ውጣ።,hate_speech,የጥላቻ ንግግር,exclusion,ማግለል,Yes,አዎ አለ,group,ቡድን,high,ከፍተኛ,English-Amharic,Pushes removal and rejection.,ማግለልን እና መከልከልን ያበረታታል።
1485,Let us find a solution that works for everyone.,ለሁሉም የሚሰራ መፍትሄ እንፈልግ።,safe,ጥሩ ንግግር,none,የለም,No,የለም,none,የለም,zero,ዜሮ,English-Amharic,"Affirms dignity, cooperation, and mutual respect.",ክብርን፣ ትብብርን እና መከባበርን ያበረታታል።
1486,Let us work for peace.,ለሰላም በጋራ እንስራ።,safe,ጥሩ ንግግር,none,የለም,No,የለም,none,የለም,zero,ዜሮ,English-Amharic,"Affirms dignity, cooperation, and mutual respect.",ክብርን፣ ትብብርን እና መከባበርን ያበረታታል።
1487,Every person should be heard.,እያንዳንዱ ሰው መሰማት አለበት።,safe,ጥሩ ንግግር,none,የለም,No,የለም,none,የለም,zero,ዜሮ,English-Amharic,"Affirms dignity, cooperation, and mutual respect.",ክብርን፣ ትብብርን እና መከባበርን ያበረታታል።
1488,They are not real people.,እውነተኛ ሰው አይደሉም።,hate_speech,የጥላቻ ንግግር,dehumanization,ሰብዓዊነትን መንፈግ,Yes,አዎ አለ,group,ቡድን,high,ከፍተኛ,English-Amharic,Strips humanity from the target.,ሰውነትን ይክዳል።
1489,Everyone deserves dignity.,ሁሉም ሰው ክብር ይገባዋል።,safe,ጥሩ ንግግር,none,የለም,No,የለም,none,የለም,zero,ዜሮ,English-Amharic,"Affirms dignity, cooperation, and mutual respect.",ክብርን፣ ትብብርን እና መከባበርን ያበረታታል።
1490,Everyone deserves dignity.,ሁሉም ሰው ክብር ይገባዋል።,safe,ጥሩ ንግግር,none,የለም,No,የለም,none,የለም,zero,ዜሮ,English-Amharic,"Affirms dignity, cooperation, and mutual respect.",ክብርን፣ ትብብርን እና መከባበርን ያበረታታል።
1491,They are a danger to everyone.,እነሱ ለሁሉም ስጋት ናቸው።,hate_speech,የጥላቻ ንግግር,threat,ማስፈራሪያ,Yes,አዎ አለ,group,ቡድን,high,ከፍተኛ,English-Amharic,Frames the target as danger.,እንደ ስጋት ይቀርባል።
1492,Let us find a solution that works for everyone.,ለሁሉም የሚሰራ መፍትሄ እንፈልግ።,safe,ጥሩ ንግግር,none,የለም,No,የለም,none,የለም,zero,ዜሮ,English-Amharic,"Affirms dignity, cooperation, and mutual respect.",ክብርን፣ ትብብርን እና መከባበርን ያበረታታል።
1493,Respect helps communities grow stronger.,ክብር ማህበረሰቦችን ያጠናክራል።,safe,ጥሩ ንግግር,none,የለም,No,የለም,none,የለም,zero,ዜሮ,English-Amharic,"Affirms dignity, cooperation, and mutual respect.",ክብርን፣ ትብብርን እና መከባበርን ያበረታታል።
1494,A fair discussion includes every voice.,ፍትሃዊ ውይይት ሁሉንም ድምፅ ያካትታል።,safe,ጥሩ ንግግር,none,የለም,No,የለም,none,የለም,zero,ዜሮ,English-Amharic,"Affirms dignity, cooperation, and mutual respect.",ክብርን፣ ትብብርን እና መከባበርን ያበረታታል።
1495,Everyone deserves dignity.,ሁሉም ሰው ክብር ይገባዋል።,safe,ጥሩ ንግግር,none,የለም,No,የለም,none,የለም,zero,ዜሮ,English-Amharic,"Affirms dignity, cooperation, and mutual respect.",ክብርን፣ ትብብርን እና መከባበርን ያበረታታል።
1496,You have no place among us.,ከእኛ መካከል ቦታ የለህም።,hate_speech,የጥላቻ ንግግር,belonging denial,አባልነትን መከልከል,Yes,አዎ አለ,group,ቡድን,high,ከፍተኛ,English-Amharic,Denies membership and belonging.,አባልነትን እና ተሳትፎን ይከለክላል።
1497,We should correct mistakes without humiliation.,ሰዎችን ሳናዋርድ ስህተትን ማስተካከል አለብን።,safe,ጥሩ ንግግር,none,የለም,No,የለም,none,የለም,zero,ዜሮ,English-Amharic,"Affirms dignity, cooperation, and mutual respect.",ክብርን፣ ትብብርን እና መከባበርን ያበረታታል።
1498,Everyone deserves dignity.,ሁሉም ሰው ክብር ይገባዋል።,safe,ጥሩ ንግግር,none,የለም,No,የለም,none,የለም,zero,ዜሮ,English-Amharic,"Affirms dignity, cooperation, and mutual respect.",ክብርን፣ ትብብርን እና መከባበርን ያበረታታል።
1499,Nobody wants to hear you.,ማንም ሊሰማሽ አይፈልግም።,hate_speech,የጥላቻ ንግግር,silencing,ዝም ማሰኘት,Yes,አዎ አለ,individual,ግለሰብ,low,ዝቅተኛ,English-Amharic,Suppresses participation and recognition.,ተሳትፎን እና እውቅናን ይከልክላል።
1500,Everyone has value in this room.,በዚህ ክፍል ያለ ሁሉም ሰው ዋጋ አለው።,safe,ጥሩ ንግግር,none,የለም,No,የለም,none,የለም,zero,ዜሮ,English-Amharic,"Affirms dignity, cooperation, and mutual respect.",ክብርን፣ ትብብርን እና መከባበርን ያበረታታል።
1501,Their kind always ruins everything.,የእነሱ ዓይነት ሁልጊዜ ሁሉንም ያበላሻል።,hate_speech,የጥላቻ ንግግር,stereotyping,የተዛባ አመለካከት,Yes,አዎ አለ,group,ቡድን,low,ዝቅተኛ,English-Amharic,Uses harmful group stereotype.,ለአንድ ቡድን ያለ የተዛባ አመለካከት።
1502,Every person should be heard.,እያንዳንዱ ሰው መሰማት አለበት።,safe,ጥሩ ንግግር,none,የለም,No,የለም,none,የለም,zero,ዜሮ,English-Amharic,"Affirms dignity, cooperation, and mutual respect.",ክብርን፣ ትብብርን እና መከባበርን ያበረታታል።
1503,You do not belong here.,ይህ የእናንተ ቦታ አይደለም።,hate_speech,የጥላቻ ንግግር,belonging denial,አባልነትን መከልከል,Yes,አዎ አለ,group,ቡድን,high,ከፍተኛ,English-Amharic,Denies membership and belonging.,አባልነትን እና ተሳትፎን ይከለክላል።
1504,We should treat people fairly.,ሰዎችን በፍትሃዊነት ማየት አለብን።,safe,ጥሩ ንግግር,none,የለም,No,የለም,none,የለም,zero,ዜሮ,English-Amharic,"Affirms dignity, cooperation, and mutual respect.",ክብርን፣ ትብብርን እና መከባበርን ያበረታታል።
1505,We should correct mistakes without humiliation.,ሰዎችን ሳናዋርድ ስህተትን ማስተካከል አለብን።,safe,ጥሩ ንግግር,none,የለም,No,የለም,none,የለም,zero,ዜሮ,English-Amharic,"Affirms dignity, cooperation, and mutual respect.",ክብርን፣ ትብብርን እና መከባበርን ያበረታታል።
1506,We should listen before judging.,ከመፍረድ በፊት ማዳመጥ አለብን።,safe,ጥሩ ንግግር,none,የለም,No,የለም,none,የለም,zero,ዜሮ,English-Amharic,"Affirms dignity, cooperation, and mutual respect.",ክብርን፣ ትብብርን እና መከባበርን ያበረታታል።
1507,Get out of our space.,ከቦታችን ውጣ።,hate_speech,የጥላቻ ንግግር,exclusion,ማግለል,Yes,አዎ አለ,group,ቡድን,high,ከፍተኛ,English-Amharic,Pushes removal and rejection.,ማግለልን እና መከልከልን ያበረታታል።
1508,You should stay silent.,ዝም በይ።,hate_speech,የጥላቻ ንግግር,silencing,ዝም ማሰኘት,Yes,አዎ አለ,individual,ግለሰብ,low,ዝቅተኛ,English-Amharic,Suppresses participation and recognition.,ተሳትፎን እና እውቅናን ይከልክላል።
1509,We should listen before judging.,ከመፍረድ በፊት ማዳመጥ አለብን።,safe,ጥሩ ንግግር,none,የለም,No,የለም,none,የለም,zero,ዜሮ,English-Amharic,"Affirms dignity, cooperation, and mutual respect.",ክብርን፣ ትብብርን እና መከባበርን ያበረታታል።
1510,People deserve fairness and care.,ሰዎች ፍትሃዊነት እና እንክብካቤ ይገባቸዋል።,safe,ጥሩ ንግግር,none,የለም,No,የለም,none,የለም,zero,ዜሮ,English-Amharic,"Affirms dignity, cooperation, and mutual respect.",ክብርን፣ ትብብርን እና መከባበርን ያበረታታል።
1511,Let us work for peace.,ለሰላም በጋራ እንስራ።,safe,ጥሩ ንግግር,none,የለም,No,የለም,none,የለም,zero,ዜሮ,English-Amharic,"Affirms dignity, cooperation, and mutual respect.",ክብርን፣ ትብብርን እና መከባበርን ያበረታታል።
1512,You should be pushed out.,መባረር አለብህ።,hate_speech,የጥላቻ ንግግር,exclusion,ማግለል,Yes,አዎ አለ,group,ቡድን,high,ከፍተኛ,English-Amharic,Pushes removal and rejection.,ማግለልን እና መከልከልን ያበረታታል።
1513,Their kind always ruins everything.,የእነሱ ዓይነት ሁልጊዜ ሁሉንም ያበላሻል።,hate_speech,የጥላቻ ንግግር,stereotyping,የተዛባ አመለካከት,Yes,አዎ አለ,group,ቡድን,low,ዝቅተኛ,English-Amharic,Uses harmful group stereotype.,ለአንድ ቡድን ያለ የተዛባ አመለካከት።
1514,Get out of our space.,ከቦታችን ውጣ።,hate_speech,የጥላቻ ንግግር,exclusion,ማግለል,Yes,አዎ አለ,group,ቡድን,high,ከፍተኛ,English-Amharic,Pushes removal and rejection.,ማግለልን እና መከልከልን ያበረታታል።
1515,Nobody wants to hear you.,ማንም ሊሰማሽ አይፈልግም።,hate_speech,የጥላቻ ንግግር,silencing,ዝም ማሰኘት,Yes,አዎ አለ,individual,ግለሰብ,low,ዝቅተኛ,English-Amharic,Suppresses participation and recognition.,ተሳትፎን እና እውቅናን ይከልክላል።
1516,Every person should be heard.,እያንዳንዱ ሰው መሰማት አለበት።,safe,ጥሩ ንግግር,none,የለም,No,የለም,none,የለም,zero,ዜሮ,English-Amharic,"Affirms dignity, cooperation, and mutual respect.",ክብርን፣ ትብብርን እና መከባበርን ያበረታታል።
1517,They are a danger to everyone.,እነሱ ለሁሉም ስጋት ናቸው።,hate_speech,የጥላቻ ንግግር,threat,ማስፈራሪያ,Yes,አዎ አለ,group,ቡድን,high,ከፍተኛ,English-Amharic,Frames the target as danger.,እንደ ስጋት ይቀርባል።
1518,They are a danger to everyone.,እነሱ ለሁሉም ስጋት ናቸው።,hate_speech,የጥላቻ ንግግር,threat,ማስፈራሪያ,Yes,አዎ አለ,group,ቡድን,high,ከፍተኛ,English-Amharic,Frames the target as danger.,እንደ ስጋት ይቀርባል።
1519,They threaten our safety.,ደህንነታችንን ይሸብራሉ።,hate_speech,የጥላቻ ንግግር,threat,ማስፈራሪያ,Yes,አዎ አለ,group,ቡድን,high,ከፍተኛ,English-Amharic,Frames the target as danger.,እንደ ስጋት ይቀርባል።
1520,People deserve fairness and care.,ሰዎች ፍትሃዊነት እና እንክብካቤ ይገባቸዋል።,safe,ጥሩ ንግግር,none,የለም,No,የለም,none,የለም,zero,ዜሮ,English-Amharic,"Affirms dignity, cooperation, and mutual respect.",ክብርን፣ ትብብርን እና መከባበርን ያበረታታል።
1521,We can disagree without hate.,ባንስማማም አለመጣላት እንችላለን።,safe,ጥሩ ንግግር,none,የለም,No,የለም,none,የለም,zero,ዜሮ,English-Amharic,"Affirms dignity, cooperation, and mutual respect.",ክብርን፣ ትብብርን እና መከባበርን ያበረታታል።
1522,You have no place among us.,ከእኛ መካከል ቦታ የለህም።,hate_speech,የጥላቻ ንግግር,belonging denial,አባልነትን መከልከል,Yes,አዎ አለ,group,ቡድን,high,ከፍተኛ,English-Amharic,Denies membership and belonging.,አባልነትን እና ተሳትፎን ይከለክላል።
1523,We should correct mistakes without humiliation.,ሰዎችን ሳናዋርድ ስህተትን ማስተካከል አለብን።,safe,ጥሩ ንግግር,none,የለም,No,የለም,none,የለም,zero,ዜሮ,English-Amharic,"Affirms dignity, cooperation, and mutual respect.",ክብርን፣ ትብብርን እና መከባበርን ያበረታታል።
1524,People deserve fairness and care.,ሰዎች ፍትሃዊነት እና እንክብካቤ ይገባቸዋል።,safe,ጥሩ ንግግር,none,የለም,No,የለም,none,የለም,zero,ዜሮ,English-Amharic,"Affirms dignity, cooperation, and mutual respect.",ክብርን፣ ትብብርን እና መከባበርን ያበረታታል።
1525,We can disagree without hate.,ባንስማማም አለመጣላት እንችላለን።,safe,ጥሩ ንግግር,none,የለም,No,የለም,none,የለም,zero,ዜሮ,English-Amharic,"Affirms dignity, cooperation, and mutual respect.",ክብርን፣ ትብብርን እና መከባበርን ያበረታታል።
1526,We should speak respectfully.,በክብር መናገር አለብን።,safe,ጥሩ ንግግር,none,የለም,No,የለም,none,የለም,zero,ዜሮ,English-Amharic,"Affirms dignity, cooperation, and mutual respect.",ክብርን፣ ትብብርን እና መከባበርን ያበረታታል።
1527,Let us find a solution that works for everyone.,ለሁሉም የሚሰራ መፍትሄ እንፈልግ።,safe,ጥሩ ንግግር,none,የለም,No,የለም,none,የለም,zero,ዜሮ,English-Amharic,"Affirms dignity, cooperation, and mutual respect.",ክብርን፣ ትብብርን እና መከባበርን ያበረታታል።
1528,Nobody wants to hear you.,ማንም ሊሰማሽ አይፈልግም።,hate_speech,የጥላቻ ንግግር,silencing,ዝም ማሰኘት,Yes,አዎ አለ,individual,ግለሰብ,low,ዝቅተኛ,English-Amharic,Suppresses participation and recognition.,ተሳትፎን እና እውቅናን ይከልክላል።
1529,Respect helps communities grow stronger.,ክብር ማህበረሰቦችን ያጠናክራል።,safe,ጥሩ ንግግር,none,የለም,No,የለም,none,የለም,zero,ዜሮ,English-Amharic,"Affirms dignity, cooperation, and mutual respect.",ክብርን፣ ትብብርን እና መከባበርን ያበረታታል።
1530,We should speak respectfully.,በክብር መናገር አለብን።,safe,ጥሩ ንግግር,none,የለም,No,የለም,none,የለም,zero,ዜሮ,English-Amharic,"Affirms dignity, cooperation, and mutual respect.",ክብርን፣ ትብብርን እና መከባበርን ያበረታታል።
1531,That group is always the problem.,ያ ቡድን ሁልጊዜ ችግር ነው።,hate_speech,የጥላቻ ንግግር,stereotyping,የተዛባ አመለካከት,Yes,አዎ አለ,group,ቡድን,low,ዝቅተኛ,English-Amharic,Uses harmful group stereotype.,ለአንድ ቡድን ያለ የተዛባ አመለካከት።
1532,Let us find a solution that works for everyone.,ለሁሉም የሚሰራ መፍትሄ እንፈልግ።,safe,ጥሩ ንግግር,none,የለም,No,የለም,none,የለም,zero,ዜሮ,English-Amharic,"Affirms dignity, cooperation, and mutual respect.",ክብርን፣ ትብብርን እና መከባበርን ያበረታታል።
1533,Your voice does not matter here.,እዚህ ድምፅሽ ዋጋ የለውም።,hate_speech,የጥላቻ ንግግር,silencing,ዝም ማሰኘት,Yes,አዎ አለ,individual,ግለሰብ,low,ዝቅተኛ,English-Amharic,Suppresses participation and recognition.,ተሳትፎን እና እውቅናን ይከልክላል።
1534,We should fear what they will do.,ምን እንደሚያደርጉ መፍራት አለብን።,hate_speech,የጥላቻ ንግግር,threat,ማስፈራሪያ,Yes,አዎ አለ,group,ቡድን,high,ከፍተኛ,English-Amharic,Frames the target as danger.,እንደ ስጋት ይቀርባል።
1535,People deserve fairness and care.,ሰዎች ፍትሃዊነት እና እንክብካቤ ይገባቸዋል።,safe,ጥሩ ንግግር,none,የለም,No,የለም,none,የለም,zero,ዜሮ,English-Amharic,"Affirms dignity, cooperation, and mutual respect.",ክብርን፣ ትብብርን እና መከባበርን ያበረታታል።
1536,Get out of our space.,ከቦታችን ውጣ።,hate_speech,የጥላቻ ንግግር,exclusion,ማግለል,Yes,አዎ አለ,group,ቡድን,high,ከፍተኛ,English-Amharic,Pushes removal and rejection.,ማግለልን እና መከልከልን ያበረታታል።
1537,Respect helps communities grow stronger.,ክብር ማህበረሰቦችን ያጠናክራል።,safe,ጥሩ ንግግር,none,የለም,No,የለም,none,የለም,zero,ዜሮ,English-Amharic,"Affirms dignity, cooperation, and mutual respect.",ክብርን፣ ትብብርን እና መከባበርን ያበረታታል።
1538,Everyone deserves dignity.,ሁሉም ሰው ክብር ይገባዋል።,safe,ጥሩ ንግግር,none,የለም,No,የለም,none,የለም,zero,ዜሮ,English-Amharic,"Affirms dignity, cooperation, and mutual respect.",ክብርን፣ ትብብርን እና መከባበርን ያበረታታል።
1539,You should be pushed out.,መባረር አለብህ።,hate_speech,የጥላቻ ንግግር,exclusion,ማግለል,Yes,አዎ አለ,group,ቡድን,high,ከፍተኛ,English-Amharic,Pushes removal and rejection.,ማግለልን እና መከልከልን ያበረታታል።
1540,They threaten our safety.,ደህንነታችንን ይሸብራሉ።,hate_speech,የጥላቻ ንግግር,threat,ማስፈራሪያ,Yes,አዎ አለ,group,ቡድን,high,ከፍተኛ,English-Amharic,Frames the target as danger.,እንደ ስጋት ይቀርባል።
1541,You do not belong here.,ይህ የእናንተ ቦታ አይደለም።,hate_speech,የጥላቻ ንግግር,belonging denial,አባልነትን መከልከል,Yes,አዎ አለ,group,ቡድን,high,ከፍተኛ,English-Amharic,Denies membership and belonging.,አባልነትን እና ተሳትፎን ይከለክላል።
1542,Leave our community now.,ከማህበረሰባችን አሁን ውጣ።,hate_speech,የጥላቻ ንግግር,exclusion,ማግለል,Yes,አዎ አለ,group,ቡድን,high,ከፍተኛ,English-Amharic,Pushes removal and rejection.,ማግለልን እና መከልከልን ያበረታታል።
1543,Your voice does not matter here.,እዚህ ድምፅሽ ዋጋ የለውም።,hate_speech,የጥላቻ ንግግር,silencing,ዝም ማሰኘት,Yes,አዎ አለ,individual,ግለሰብ,low,ዝቅተኛ,English-Amharic,Suppresses participation and recognition.,ተሳትፎን እና እውቅናን ይከልክላል።
1544,Different views can still be handled kindly.,የተለያዩ አስተያየቶች በበጎ ሊታዩ ይችላሉ።,safe,ጥሩ ንግግር,none,የለም,No,የለም,none,የለም,zero,ዜሮ,English-Amharic,"Affirms dignity, cooperation, and mutual respect.",ክብርን፣ ትብብርን እና መከባበርን ያበረታታል።
1545,Every person should be heard.,እያንዳንዱ ሰው መሰማት አለበት።,safe,ጥሩ ንግግር,none,የለም,No,የለም,none,የለም,zero,ዜሮ,English-Amharic,"Affirms dignity, cooperation, and mutual respect.",ክብርን፣ ትብብርን እና መከባበርን ያበረታታል።
1546,You have no place among us.,ከእኛ መካከል ቦታ የለህም።,hate_speech,የጥላቻ ንግግር,belonging denial,አባልነትን መከልከል,Yes,አዎ አለ,group,ቡድን,high,ከፍተኛ,English-Amharic,Denies membership and belonging.,አባልነትን እና ተሳትፎን ይከለክላል።
1547,Your voice does not matter here.,እዚህ ድምፅሽ ዋጋ የለውም።,hate_speech,የጥላቻ ንግግር,silencing,ዝም ማሰኘት,Yes,አዎ አለ,individual,ግለሰብ,low,ዝቅተኛ,English-Amharic,Suppresses participation and recognition.,ተሳትፎን እና እውቅናን ይከልክላል።
1548,They are not fully human.,እነሱ ሙሉ ሰው አይደሉም።,hate_speech,የጥላቻ ንግግር,dehumanization,ሰብዓዊነትን መንፈግ,Yes,አዎ አለ,group,ቡድን,high,ከፍተኛ,English-Amharic,Strips humanity from the target.,ሰውነትን ይክዳል።
1549,You do not belong in this community.,በዚህ ማህበረሰብ ውስጥ አትገባም።,hate_speech,የጥላቻ ንግግር,belonging denial,አባልነትን መከልከል,Yes,አዎ አለ,group,ቡድን,high,ከፍተኛ,English-Amharic,Denies membership and belonging.,አባልነትን እና ተሳትፎን ይከለክላል።
1550,They are not fully human.,እነሱ ሙሉ ሰው አይደሉም።,hate_speech,የጥላቻ ንግግር,dehumanization,ሰብዓዊነትን መንፈግ,Yes,አዎ አለ,group,ቡድን,high,ከፍተኛ,English-Amharic,Strips humanity from the target.,ሰውነትን ይክዳል።
1551,Everyone deserves dignity.,ሁሉም ሰው ክብር ይገባዋል።,safe,ጥሩ ንግግር,none,የለም,No,የለም,none,የለም,zero,ዜሮ,English-Amharic,"Affirms dignity, cooperation, and mutual respect.",ክብርን፣ ትብብርን እና መከባበርን ያበረታታል።
1552,You have no place among us.,ከእኛ መካከል ቦታ የለህም።,hate_speech,የጥላቻ ንግግር,belonging denial,አባልነትን መከልከል,Yes,አዎ አለ,group,ቡድን,high,ከፍተኛ,English-Amharic,Denies membership and belonging.,አባልነትን እና ተሳትፎን ይከለክላል።
1553,They are not fully human.,እነሱ ሙሉ ሰው አይደሉም።,hate_speech,የጥላቻ ንግግር,dehumanization,ሰብዓዊነትን መንፈግ,Yes,አዎ አለ,group,ቡድን,high,ከፍተኛ,English-Amharic,Strips humanity from the target.,ሰውነትን ይክዳል።
1554,They threaten our safety.,ደህንነታችንን ይሸብራሉ።,hate_speech,የጥላቻ ንግግር,threat,ማስፈራሪያ,Yes,አዎ አለ,group,ቡድን,high,ከፍተኛ,English-Amharic,Frames the target as danger.,እንደ ስጋት ይቀርባል።
1555,Every person should be heard.,እያንዳንዱ ሰው መሰማት አለበት።,safe,ጥሩ ንግግር,none,የለም,No,የለም,none,የለም,zero,ዜሮ,English-Amharic,"Affirms dignity, cooperation, and mutual respect.",ክብርን፣ ትብብርን እና መከባበርን ያበረታታል።
1556,You do not belong in this community.,በዚህ ማህበረሰብ ውስጥ አትገባም።,hate_speech,የጥላቻ ንግግር,belonging denial,አባልነትን መከልከል,Yes,አዎ አለ,group,ቡድን,high,ከፍተኛ,English-Amharic,Denies membership and belonging.,አባልነትን እና ተሳትፎን ይከለክላል።
1557,We should speak respectfully.,በክብር መናገር አለብን።,safe,ጥሩ ንግግር,none,የለም,No,የለም,none,የለም,zero,ዜሮ,English-Amharic,"Affirms dignity, cooperation, and mutual respect.",ክብርን፣ ትብብርን እና መከባበርን ያበረታታል።
1558,They are less than human.,ከሰው በታች ናቸው።,hate_speech,የጥላቻ ንግግር,dehumanization,ሰብዓዊነትን መንፈግ,Yes,አዎ አለ,group,ቡድን,high,ከፍተኛ,English-Amharic,Strips humanity from the target.,ሰውነትን ይክዳል።
1559,You do not belong here.,ይህ የእናንተ ቦታ አይደለም።,hate_speech,የጥላቻ ንግግር,belonging denial,አባልነትን መከልከል,Yes,አዎ አለ,group,ቡድን,high,ከፍተኛ,English-Amharic,Denies membership and belonging.,አባልነትን እና ተሳትፎን ይከለክላል።
1560,Leave our community now.,ከማህበረሰባችን አሁን ውጣ።,hate_speech,የጥላቻ ንግግር,exclusion,ማግለል,Yes,አዎ አለ,group,ቡድን,high,ከፍተኛ,English-Amharic,Pushes removal and rejection.,ማግለልን እና መከልከልን ያበረታታል።
1561,We should listen before judging.,ከመፍረድ በፊት ማዳመጥ አለብን።,safe,ጥሩ ንግግር,none,የለም,No,የለም,none,የለም,zero,ዜሮ,English-Amharic,"Affirms dignity, cooperation, and mutual respect.",ክብርን፣ ትብብርን እና መከባበርን ያበረታታል።
1562,You have no place among us.,ከእኛ መካከል ቦታ የለህም።,hate_speech,የጥላቻ ንግግር,belonging denial,አባልነትን መከልከል,Yes,አዎ አለ,group,ቡድን,high,ከፍተኛ,English-Amharic,Denies membership and belonging.,አባልነትን እና ተሳትፎን ይከለክላል።
1563,We should speak respectfully.,በክብር መናገር አለብን።,safe,ጥሩ ንግግር,none,የለም,No,የለም,none,የለም,zero,ዜሮ,English-Amharic,"Affirms dignity, cooperation, and mutual respect.",ክብርን፣ ትብብርን እና መከባበርን ያበረታታል።
1564,We should listen before judging.,ከመፍረድ በፊት ማዳመጥ አለብን።,safe,ጥሩ ንግግር,none,የለም,No,የለም,none,የለም,zero,ዜሮ,English-Amharic,"Affirms dignity, cooperation, and mutual respect.",ክብርን፣ ትብብርን እና መከባበርን ያበረታታል።
1565,People like them always cause trouble.,እንደ እነሱ ያሉ ሰዎች ሁልጊዜ ችግር ያመጣሉ።,hate_speech,የጥላቻ ንግግር,stereotyping,የተዛባ አመለካከት,Yes,አዎ አለ,group,ቡድን,low,ዝቅተኛ,English-Amharic,Uses harmful group stereotype.,ለአንድ ቡድን ያለ የተዛባ አመለካከት።
1566,They are not fully human.,እነሱ ሙሉ ሰው አይደሉም።,hate_speech,የጥላቻ ንግግር,dehumanization,ሰብዓዊነትን መንፈግ,Yes,አዎ አለ,group,ቡድን,high,ከፍተኛ,English-Amharic,Strips humanity from the target.,ሰውነትን ይክዳል።
1567,You should be pushed out.,መባረር አለብህ።,hate_speech,የጥላቻ ንግግር,exclusion,ማግለል,Yes,አዎ አለ,group,ቡድን,high,ከፍተኛ,English-Amharic,Pushes removal and rejection.,ማግለልን እና መከልከልን ያበረታታል።
1568,That group is always the problem.,ያ ቡድን ሁልጊዜ ችግር ነው።,hate_speech,የጥላቻ ንግግር,stereotyping,የተዛባ አመለካከት,Yes,አዎ አለ,group,ቡድን,low,ዝቅተኛ,English-Amharic,Uses harmful group stereotype.,ለአንድ ቡድን ያለ የተዛባ አመለካከት።
1569,We can disagree without hate.,ባንስማማም አለመጣላት እንችላለን።,safe,ጥሩ ንግግር,none,የለም,No,የለም,none,የለም,zero,ዜሮ,English-Amharic,"Affirms dignity, cooperation, and mutual respect.",ክብርን፣ ትብብርን እና መከባበርን ያበረታታል።
1570,You do not belong in this community.,በዚህ ማህበረሰብ ውስጥ አትገባም።,hate_speech,የጥላቻ ንግግር,belonging denial,አባልነትን መከልከል,Yes,አዎ አለ,group,ቡድን,high,ከፍተኛ,English-Amharic,Denies membership and belonging.,አባልነትን እና ተሳትፎን ይከለክላል።
1571,They threaten our safety.,ደህንነታችንን ይሸብራሉ።,hate_speech,የጥላቻ ንግግር,threat,ማስፈራሪያ,Yes,አዎ አለ,group,ቡድን,high,ከፍተኛ,English-Amharic,Frames the target as danger.,እንደ ስጋት ይቀርባል።
1572,People deserve fairness and care.,ሰዎች ፍትሃዊነት እና እንክብካቤ ይገባቸዋል።,safe,ጥሩ ንግግር,none,የለም,No,የለም,none,የለም,zero,ዜሮ,English-Amharic,"Affirms dignity, cooperation, and mutual respect.",ክብርን፣ ትብብርን እና መከባበርን ያበረታታል።
1573,Get out of our space.,ከቦታችን ውጣ።,hate_speech,የጥላቻ ንግግር,exclusion,ማግለል,Yes,አዎ አለ,group,ቡድን,high,ከፍተኛ,English-Amharic,Pushes removal and rejection.,ማግለልን እና መከልከልን ያበረታታል።
1574,People deserve fairness and care.,ሰዎች ፍትሃዊነት እና እንክብካቤ ይገባቸዋል።,safe,ጥሩ ንግግር,none,የለም,No,የለም,none,የለም,zero,ዜሮ,English-Amharic,"Affirms dignity, cooperation, and mutual respect.",ክብርን፣ ትብብርን እና መከባበርን ያበረታታል።
1575,We should fear what they will do.,ምን እንደሚያደርጉ መፍራት አለብን።,hate_speech,የጥላቻ ንግግር,threat,ማስፈራሪያ,Yes,አዎ አለ,group,ቡድን,high,ከፍተኛ,English-Amharic,Frames the target as danger.,እንደ ስጋት ይቀርባል።
1576,Respect helps communities grow stronger.,ክብር ማህበረሰቦችን ያጠናክራል።,safe,ጥሩ ንግግር,none,የለም,No,የለም,none,የለም,zero,ዜሮ,English-Amharic,"Affirms dignity, cooperation, and mutual respect.",ክብርን፣ ትብብርን እና መከባበርን ያበረታታል።
1577,Every person should be heard.,እያንዳንዱ ሰው መሰማት አለበት።,safe,ጥሩ ንግግር,none,የለም,No,የለም,none,የለም,zero,ዜሮ,English-Amharic,"Affirms dignity, cooperation, and mutual respect.",ክብርን፣ ትብብርን እና መከባበርን ያበረታታል።
1578,They threaten our safety.,ደህንነታችንን ይሸብራሉ።,hate_speech,የጥላቻ ንግግር,threat,ማስፈራሪያ,Yes,አዎ አለ,group,ቡድን,high,ከፍተኛ,English-Amharic,Frames the target as danger.,እንደ ስጋት ይቀርባል።
1579,Let us find a solution that works for everyone.,ለሁሉም የሚሰራ መፍትሄ እንፈልግ።,safe,ጥሩ ንግግር,none,የለም,No,የለም,none,የለም,zero,ዜሮ,English-Amharic,"Affirms dignity, cooperation, and mutual respect.",ክብርን፣ ትብብርን እና መከባበርን ያበረታታል።
1580,Everyone has value in this room.,በዚህ ክፍል ያለ ሁሉም ሰው ዋጋ አለው።,safe,ጥሩ ንግግር,none,የለም,No,የለም,none,የለም,zero,ዜሮ,English-Amharic,"Affirms dignity, cooperation, and mutual respect.",ክብርን፣ ትብብርን እና መከባበርን ያበረታታል።
1581,People deserve fairness and care.,ሰዎች ፍትሃዊነት እና እንክብካቤ ይገባቸዋል።,safe,ጥሩ ንግግር,none,የለም,No,የለም,none,የለም,zero,ዜሮ,English-Amharic,"Affirms dignity, cooperation, and mutual respect.",ክብርን፣ ትብብርን እና መከባበርን ያበረታታል።
1582,Every person should be heard.,እያንዳንዱ ሰው መሰማት አለበት።,safe,ጥሩ ንግግር,none,የለም,No,የለም,none,የለም,zero,ዜሮ,English-Amharic,"Affirms dignity, cooperation, and mutual respect.",ክብርን፣ ትብብርን እና መከባበርን ያበረታታል።
1583,We can disagree without hate.,ባንስማማም አለመጣላት እንችላለን።,safe,ጥሩ ንግግር,none,የለም,No,የለም,none,የለም,zero,ዜሮ,English-Amharic,"Affirms dignity, cooperation, and mutual respect.",ክብርን፣ ትብብርን እና መከባበርን ያበረታታል።
1584,Every person should be heard.,እያንዳንዱ ሰው መሰማት አለበት።,safe,ጥሩ ንግግር,none,የለም,No,የለም,none,የለም,zero,ዜሮ,English-Amharic,"Affirms dignity, cooperation, and mutual respect.",ክብርን፣ ትብብርን እና መከባበርን ያበረታታል።
1585,Their kind always ruins everything.,የእነሱ ዓይነት ሁልጊዜ ሁሉንም ያበላሻል።,hate_speech,የጥላቻ ንግግር,stereotyping,የተዛባ አመለካከት,Yes,አዎ አለ,group,ቡድን,low,ዝቅተኛ,English-Amharic,Uses harmful group stereotype.,ለአንድ ቡድን ያለ የተዛባ አመለካከት።
1586,We should treat people fairly.,ሰዎችን በፍትሃዊነት ማየት አለብን።,safe,ጥሩ ንግግር,none,የለም,No,የለም,none,የለም,zero,ዜሮ,English-Amharic,"Affirms dignity, cooperation, and mutual respect.",ክብርን፣ ትብብርን እና መከባበርን ያበረታታል።
1587,Different views can still be handled kindly.,የተለያዩ አስተያየቶች በበጎ ሊታዩ ይችላሉ።,safe,ጥሩ ንግግር,none,የለም,No,የለም,none,የለም,zero,ዜሮ,English-Amharic,"Affirms dignity, cooperation, and mutual respect.",ክብርን፣ ትብብርን እና መከባበርን ያበረታታል።
1588,People deserve fairness and care.,ሰዎች ፍትሃዊነት እና እንክብካቤ ይገባቸዋል።,safe,ጥሩ ንግግር,none,የለም,No,የለም,none,የለም,zero,ዜሮ,English-Amharic,"Affirms dignity, cooperation, and mutual respect.",ክብርን፣ ትብብርን እና መከባበርን ያበረታታል።
1589,We should speak respectfully.,በክብር መናገር አለብን።,safe,ጥሩ ንግግር,none,የለም,No,የለም,none,የለም,zero,ዜሮ,English-Amharic,"Affirms dignity, cooperation, and mutual respect.",ክብርን፣ ትብብርን እና መከባበርን ያበረታታል።
1590,You have no place among us.,ከእኛ መካከል ቦታ የለህም።,hate_speech,የጥላቻ ንግግር,belonging denial,አባልነትን መከልከል,Yes,አዎ አለ,group,ቡድን,high,ከፍተኛ,English-Amharic,Denies membership and belonging.,አባልነትን እና ተሳትፎን ይከለክላል።
1591,They threaten our safety.,ደህንነታችንን ይሸብራሉ።,hate_speech,የጥላቻ ንግግር,threat,ማስፈራሪያ,Yes,አዎ አለ,group,ቡድን,high,ከፍተኛ,English-Amharic,Frames the target as danger.,እንደ ስጋት ይቀርባል።
1592,Leave our community now.,ከማህበረሰባችን አሁን ውጣ።,hate_speech,የጥላቻ ንግግር,exclusion,ማግለል,Yes,አዎ አለ,group,ቡድን,high,ከፍተኛ,English-Amharic,Pushes removal and rejection.,ማግለልን እና መከልከልን ያበረታታል።
1593,We should correct mistakes without humiliation.,ሰዎችን ሳናዋርድ ስህተትን ማስተካከል አለብን።,safe,ጥሩ ንግግር,none,የለም,No,የለም,none,የለም,zero,ዜሮ,English-Amharic,"Affirms dignity, cooperation, and mutual respect.",ክብርን፣ ትብብርን እና መከባበርን ያበረታታል።
1594,Everyone deserves dignity.,ሁሉም ሰው ክብር ይገባዋል።,safe,ጥሩ ንግግር,none,የለም,No,የለም,none,የለም,zero,ዜሮ,English-Amharic,"Affirms dignity, cooperation, and mutual respect.",ክብርን፣ ትብብርን እና መከባበርን ያበረታታል።
1595,We can solve this together.,ይህን በጋራ መፍታት እንችላለን።,safe,ጥሩ ንግግር,none,የለም,No,የለም,none,የለም,zero,ዜሮ,English-Amharic,"Affirms dignity, cooperation, and mutual respect.",ክብርን፣ ትብብርን እና መከባበርን ያበረታታል።
1596,You should be pushed out.,መባረር አለብህ።,hate_speech,የጥላቻ ንግግር,exclusion,ማግለል,Yes,አዎ አለ,group,ቡድን,high,ከፍተኛ,English-Amharic,Pushes removal and rejection.,ማግለልን እና መከልከልን ያበረታታል።
1597,Different views can still be handled kindly.,የተለያዩ አስተያየቶች በበጎ ሊታዩ ይችላሉ።,safe,ጥሩ ንግግር,none,የለም,No,የለም,none,የለም,zero,ዜሮ,English-Amharic,"Affirms dignity, cooperation, and mutual respect.",ክብርን፣ ትብብርን እና መከባበርን ያበረታታል።
1598,They are less than human.,ከሰው በታች ናቸው።,hate_speech,የጥላቻ ንግግር,dehumanization,ሰብዓዊነትን መንፈግ,Yes,አዎ አለ,group,ቡድን,high,ከፍተኛ,English-Amharic,Strips humanity from the target.,ሰውነትን ይክዳል።
1599,Everyone has value in this room.,በዚህ ክፍል ያለ ሁሉም ሰው ዋጋ አለው።,safe,ጥሩ ንግግር,none,የለም,No,የለም,none,የለም,zero,ዜሮ,English-Amharic,"Affirms dignity, cooperation, and mutual respect.",ክብርን፣ ትብብርን እና መከባበርን ያበረታታል።
1600,Different views can still be handled kindly.,የተለያዩ አስተያየቶች በበጎ ሊታዩ ይችላሉ።,safe,ጥሩ ንግግር,none,የለም,No,የለም,none,የለም,zero,ዜሮ,English-Amharic,"Affirms dignity, cooperation, and mutual respect.",ክብርን፣ ትብብርን እና መከባበርን ያበረታታል።
1601,You should stay silent.,ዝም በይ።,hate_speech,የጥላቻ ንግግር,silencing,ዝም ማሰኘት,Yes,አዎ አለ,individual,ግለሰብ,low,ዝቅተኛ,English-Amharic,Suppresses participation and recognition.,ተሳትፎን እና እውቅናን ይከልክላል።
1602,We should correct mistakes without humiliation.,ሰዎችን ሳናዋርድ ስህተትን ማስተካከል አለብን።,safe,ጥሩ ንግግር,none,የለም,No,የለም,none,የለም,zero,ዜሮ,English-Amharic,"Affirms dignity, cooperation, and mutual respect.",ክብርን፣ ትብብርን እና መከባበርን ያበረታታል።
1603,That group is always the problem.,ያ ቡድን ሁልጊዜ ችግር ነው።,hate_speech,የጥላቻ ንግግር,stereotyping,የተዛባ አመለካከት,Yes,አዎ አለ,group,ቡድን,low,ዝቅተኛ,English-Amharic,Uses harmful group stereotype.,ለአንድ ቡድን ያለ የተዛባ አመለካከት።
1604,Everyone has value in this room.,በዚህ ክፍል ያለ ሁሉም ሰው ዋጋ አለው።,safe,ጥሩ ንግግር,none,የለም,No,የለም,none,የለም,zero,ዜሮ,English-Amharic,"Affirms dignity, cooperation, and mutual respect.",ክብርን፣ ትብብርን እና መከባበርን ያበረታታል።
1605,Leave our community now.,ከማህበረሰባችን አሁን ውጣ።,hate_speech,የጥላቻ ንግግር,exclusion,ማግለል,Yes,አዎ አለ,group,ቡድን,high,ከፍተኛ,English-Amharic,Pushes removal and rejection.,ማግለልን እና መከልከልን ያበረታታል።
1606,They are a danger to everyone.,እነሱ ለሁሉም ስጋት ናቸው።,hate_speech,የጥላቻ ንግግር,threat,ማስፈራሪያ,Yes,አዎ አለ,group,ቡድን,high,ከፍተኛ,English-Amharic,Frames the target as danger.,እንደ ስጋት ይቀርባል።
1607,They are not fully human.,እነሱ ሙሉ ሰው አይደሉም።,hate_speech,የጥላቻ ንግግር,dehumanization,ሰብዓዊነትን መንፈግ,Yes,አዎ አለ,group,ቡድን,high,ከፍተኛ,English-Amharic,Strips humanity from the target.,ሰውነትን ይክዳል።
1608,Nobody wants to hear you.,ማንም ሊሰማሽ አይፈልግም።,hate_speech,የጥላቻ ንግግር,silencing,ዝም ማሰኘት,Yes,አዎ አለ,individual,ግለሰብ,low,ዝቅተኛ,English-Amharic,Suppresses participation and recognition.,ተሳትፎን እና እውቅናን ይከልክላል።
1609,A fair discussion includes every voice.,ፍትሃዊ ውይይት ሁሉንም ድምፅ ያካትታል።,safe,ጥሩ ንግግር,none,የለም,No,የለም,none,የለም,zero,ዜሮ,English-Amharic,"Affirms dignity, cooperation, and mutual respect.",ክብርን፣ ትብብርን እና መከባበርን ያበረታታል።
1610,Get out of our space.,ከቦታችን ውጣ።,hate_speech,የጥላቻ ንግግር,exclusion,ማግለል,Yes,አዎ አለ,group,ቡድን,high,ከፍተኛ,English-Amharic,Pushes removal and rejection.,ማግለልን እና መከልከልን ያበረታታል።
1611,A fair discussion includes every voice.,ፍትሃዊ ውይይት ሁሉንም ድምፅ ያካትታል።,safe,ጥሩ ንግግር,none,የለም,No,የለም,none,የለም,zero,ዜሮ,English-Amharic,"Affirms dignity, cooperation, and mutual respect.",ክብርን፣ ትብብርን እና መከባበርን ያበረታታል።
1612,Let us work for peace.,ለሰላም በጋራ እንስራ።,safe,ጥሩ ንግግር,none,የለም,No,የለም,none,የለም,zero,ዜሮ,English-Amharic,"Affirms dignity, cooperation, and mutual respect.",ክብርን፣ ትብብርን እና መከባበርን ያበረታታል።
1613,Nobody wants to hear you.,ማንም ሊሰማሽ አይፈልግም።,hate_speech,የጥላቻ ንግግር,silencing,ዝም ማሰኘት,Yes,አዎ አለ,individual,ግለሰብ,low,ዝቅተኛ,English-Amharic,Suppresses participation and recognition.,ተሳትፎን እና እውቅናን ይከልክላል።
1614,Different views can still be handled kindly.,የተለያዩ አስተያየቶች በበጎ ሊታዩ ይችላሉ።,safe,ጥሩ ንግግር,none,የለም,No,የለም,none,የለም,zero,ዜሮ,English-Amharic,"Affirms dignity, cooperation, and mutual respect.",ክብርን፣ ትብብርን እና መከባበርን ያበረታታል።
1615,We can disagree without hate.,ባንስማማም አለመጣላት እንችላለን።,safe,ጥሩ ንግግር,none,የለም,No,የለም,none,የለም,zero,ዜሮ,English-Amharic,"Affirms dignity, cooperation, and mutual respect.",ክብርን፣ ትብብርን እና መከባበርን ያበረታታል።
1616,We should correct mistakes without humiliation.,ሰዎችን ሳናዋርድ ስህተትን ማስተካከል አለብን።,safe,ጥሩ ንግግር,none,የለም,No,የለም,none,የለም,zero,ዜሮ,English-Amharic,"Affirms dignity, cooperation, and mutual respect.",ክብርን፣ ትብብርን እና መከባበርን ያበረታታል።
1617,We can solve this together.,ይህን በጋራ መፍታት እንችላለን።,safe,ጥሩ ንግግር,none,የለም,No,የለም,none,የለም,zero,ዜሮ,English-Amharic,"Affirms dignity, cooperation, and mutual respect.",ክብርን፣ ትብብርን እና መከባበርን ያበረታታል።
1618,Everyone has value in this room.,በዚህ ክፍል ያለ ሁሉም ሰው ዋጋ አለው።,safe,ጥሩ ንግግር,none,የለም,No,የለም,none,የለም,zero,ዜሮ,English-Amharic,"Affirms dignity, cooperation, and mutual respect.",ክብርን፣ ትብብርን እና መከባበርን ያበረታታል።
1619,We should correct mistakes without humiliation.,ሰዎችን ሳናዋርድ ስህተትን ማስተካከል አለብን።,safe,ጥሩ ንግግር,none,የለም,No,የለም,none,የለም,zero,ዜሮ,English-Amharic,"Affirms dignity, cooperation, and mutual respect.",ክብርን፣ ትብብርን እና መከባበርን ያበረታታል።
1620,People deserve fairness and care.,ሰዎች ፍትሃዊነት እና እንክብካቤ ይገባቸዋል።,safe,ጥሩ ንግግር,none,የለም,No,የለም,none,የለም,zero,ዜሮ,English-Amharic,"Affirms dignity, cooperation, and mutual respect.",ክብርን፣ ትብብርን እና መከባበርን ያበረታታል።
1621,Their kind always ruins everything.,የእነሱ ዓይነት ሁልጊዜ ሁሉንም ያበላሻል።,hate_speech,የጥላቻ ንግግር,stereotyping,የተዛባ አመለካከት,Yes,አዎ አለ,group,ቡድን,low,ዝቅተኛ,English-Amharic,Uses harmful group stereotype.,ለአንድ ቡድን ያለ የተዛባ አመለካከት።
1622,Nobody wants to hear you.,ማንም ሊሰማሽ አይፈልግም።,hate_speech,የጥላቻ ንግግር,silencing,ዝም ማሰኘት,Yes,አዎ አለ,individual,ግለሰብ,low,ዝቅተኛ,English-Amharic,Suppresses participation and recognition.,ተሳትፎን እና እውቅናን ይከልክላል።
1623,We should treat people fairly.,ሰዎችን በፍትሃዊነት ማየት አለብን።,safe,ጥሩ ንግግር,none,የለም,No,የለም,none,የለም,zero,ዜሮ,English-Amharic,"Affirms dignity, cooperation, and mutual respect.",ክብርን፣ ትብብርን እና መከባበርን ያበረታታል።
1624,You should be pushed out.,መባረር አለብህ።,hate_speech,የጥላቻ ንግግር,exclusion,ማግለል,Yes,አዎ አለ,group,ቡድን,high,ከፍተኛ,English-Amharic,Pushes removal and rejection.,ማግለልን እና መከልከልን ያበረታታል።
1625,That group is always the problem.,ያ ቡድን ሁልጊዜ ችግር ነው።,hate_speech,የጥላቻ ንግግር,stereotyping,የተዛባ አመለካከት,Yes,አዎ አለ,group,ቡድን,low,ዝቅተኛ,English-Amharic,Uses harmful group stereotype.,ለአንድ ቡድን ያለ የተዛባ አመለካከት።
1626,People deserve fairness and care.,ሰዎች ፍትሃዊነት እና እንክብካቤ ይገባቸዋል።,safe,ጥሩ ንግግር,none,የለም,No,የለም,none,የለም,zero,ዜሮ,English-Amharic,"Affirms dignity, cooperation, and mutual respect.",ክብርን፣ ትብብርን እና መከባበርን ያበረታታል።
1627,A fair discussion includes every voice.,ፍትሃዊ ውይይት ሁሉንም ድምፅ ያካትታል።,safe,ጥሩ ንግግር,none,የለም,No,የለም,none,የለም,zero,ዜሮ,English-Amharic,"Affirms dignity, cooperation, and mutual respect.",ክብርን፣ ትብብርን እና መከባበርን ያበረታታል።
1628,They are less than human.,ከሰው በታች ናቸው።,hate_speech,የጥላቻ ንግግር,dehumanization,ሰብዓዊነትን መንፈግ,Yes,አዎ አለ,group,ቡድን,high,ከፍተኛ,English-Amharic,Strips humanity from the target.,ሰውነትን ይክዳል።
1629,Everyone has value in this room.,በዚህ ክፍል ያለ ሁሉም ሰው ዋጋ አለው።,safe,ጥሩ ንግግር,none,የለም,No,የለም,none,የለም,zero,ዜሮ,English-Amharic,"Affirms dignity, cooperation, and mutual respect.",ክብርን፣ ትብብርን እና መከባበርን ያበረታታል።
1630,People like them always cause trouble.,እንደ እነሱ ያሉ ሰዎች ሁልጊዜ ችግር ያመጣሉ።,hate_speech,የጥላቻ ንግግር,stereotyping,የተዛባ አመለካከት,Yes,አዎ አለ,group,ቡድን,low,ዝቅተኛ,English-Amharic,Uses harmful group stereotype.,ለአንድ ቡድን ያለ የተዛባ አመለካከት።
1631,People deserve fairness and care.,ሰዎች ፍትሃዊነት እና እንክብካቤ ይገባቸዋል።,safe,ጥሩ ንግግር,none,የለም,No,የለም,none,የለም,zero,ዜሮ,English-Amharic,"Affirms dignity, cooperation, and mutual respect.",ክብርን፣ ትብብርን እና መከባበርን ያበረታታል።
1632,You do not belong here.,ይህ የእናንተ ቦታ አይደለም።,hate_speech,የጥላቻ ንግግር,belonging denial,አባልነትን መከልከል,Yes,አዎ አለ,group,ቡድን,high,ከፍተኛ,English-Amharic,Denies membership and belonging.,አባልነትን እና ተሳትፎን ይከለክላል።
1633,You should be pushed out.,መባረር አለብህ።,hate_speech,የጥላቻ ንግግር,exclusion,ማግለል,Yes,አዎ አለ,group,ቡድን,high,ከፍተኛ,English-Amharic,Pushes removal and rejection.,ማግለልን እና መከልከልን ያበረታታል።
1634,Leave our community now.,ከማህበረሰባችን አሁን ውጣ።,hate_speech,የጥላቻ ንግግር,exclusion,ማግለል,Yes,አዎ አለ,group,ቡድን,high,ከፍተኛ,English-Amharic,Pushes removal and rejection.,ማግለልን እና መከልከልን ያበረታታል።
1635,We should fear what they will do.,ምን እንደሚያደርጉ መፍራት አለብን።,hate_speech,የጥላቻ ንግግር,threat,ማስፈራሪያ,Yes,አዎ አለ,group,ቡድን,high,ከፍተኛ,English-Amharic,Frames the target as danger.,እንደ ስጋት ይቀርባል።
1636,We should listen before judging.,ከመፍረድ በፊት ማዳመጥ አለብን።,safe,ጥሩ ንግግር,none,የለም,No,የለም,none,የለም,zero,ዜሮ,English-Amharic,"Affirms dignity, cooperation, and mutual respect.",ክብርን፣ ትብብርን እና መከባበርን ያበረታታል።
1637,Their kind always ruins everything.,የእነሱ ዓይነት ሁልጊዜ ሁሉንም ያበላሻል።,hate_speech,የጥላቻ ንግግር,stereotyping,የተዛባ አመለካከት,Yes,አዎ አለ,group,ቡድን,low,ዝቅተኛ,English-Amharic,Uses harmful group stereotype.,ለአንድ ቡድን ያለ የተዛባ አመለካከት።
1638,Let us find a solution that works for everyone.,ለሁሉም የሚሰራ መፍትሄ እንፈልግ።,safe,ጥሩ ንግግር,none,የለም,No,የለም,none,የለም,zero,ዜሮ,English-Amharic,"Affirms dignity, cooperation, and mutual respect.",ክብርን፣ ትብብርን እና መከባበርን ያበረታታል።
1639,People deserve fairness and care.,ሰዎች ፍትሃዊነት እና እንክብካቤ ይገባቸዋል።,safe,ጥሩ ንግግር,none,የለም,No,የለም,none,የለም,zero,ዜሮ,English-Amharic,"Affirms dignity, cooperation, and mutual respect.",ክብርን፣ ትብብርን እና መከባበርን ያበረታታል።
1640,Everyone has value in this room.,በዚህ ክፍል ያለ ሁሉም ሰው ዋጋ አለው።,safe,ጥሩ ንግግር,none,የለም,No,የለም,none,የለም,zero,ዜሮ,English-Amharic,"Affirms dignity, cooperation, and mutual respect.",ክብርን፣ ትብብርን እና መከባበርን ያበረታታል።
1641,We can disagree without hate.,ባንስማማም አለመጣላት እንችላለን።,safe,ጥሩ ንግግር,none,የለም,No,የለም,none,የለም,zero,ዜሮ,English-Amharic,"Affirms dignity, cooperation, and mutual respect.",ክብርን፣ ትብብርን እና መከባበርን ያበረታታል።
1642,We should fear what they will do.,ምን እንደሚያደርጉ መፍራት አለብን።,hate_speech,የጥላቻ ንግግር,threat,ማስፈራሪያ,Yes,አዎ አለ,group,ቡድን,high,ከፍተኛ,English-Amharic,Frames the target as danger.,እንደ ስጋት ይቀርባል።
1643,People like them always cause trouble.,እንደ እነሱ ያሉ ሰዎች ሁልጊዜ ችግር ያመጣሉ።,hate_speech,የጥላቻ ንግግር,stereotyping,የተዛባ አመለካከት,Yes,አዎ አለ,group,ቡድን,low,ዝቅተኛ,English-Amharic,Uses harmful group stereotype.,ለአንድ ቡድን ያለ የተዛባ አመለካከት።
1644,Your voice does not matter here.,እዚህ ድምፅሽ ዋጋ የለውም።,hate_speech,የጥላቻ ንግግር,silencing,ዝም ማሰኘት,Yes,አዎ አለ,individual,ግለሰብ,low,ዝቅተኛ,English-Amharic,Suppresses participation and recognition.,ተሳትፎን እና እውቅናን ይከልክላል።
1645,Every person should be heard.,እያንዳንዱ ሰው መሰማት አለበት።,safe,ጥሩ ንግግር,none,የለም,No,የለም,none,የለም,zero,ዜሮ,English-Amharic,"Affirms dignity, cooperation, and mutual respect.",ክብርን፣ ትብብርን እና መከባበርን ያበረታታል።
1646,Let us work for peace.,ለሰላም በጋራ እንስራ።,safe,ጥሩ ንግግር,none,የለም,No,የለም,none,የለም,zero,ዜሮ,English-Amharic,"Affirms dignity, cooperation, and mutual respect.",ክብርን፣ ትብብርን እና መከባበርን ያበረታታል።
1647,A fair discussion includes every voice.,ፍትሃዊ ውይይት ሁሉንም ድምፅ ያካትታል።,safe,ጥሩ ንግግር,none,የለም,No,የለም,none,የለም,zero,ዜሮ,English-Amharic,"Affirms dignity, cooperation, and mutual respect.",ክብርን፣ ትብብርን እና መከባበርን ያበረታታል።
1648,You should be pushed out.,መባረር አለብህ።,hate_speech,የጥላቻ ንግግር,exclusion,ማግለል,Yes,አዎ አለ,group,ቡድን,high,ከፍተኛ,English-Amharic,Pushes removal and rejection.,ማግለልን እና መከልከልን ያበረታታል።
1649,A fair discussion includes every voice.,ፍትሃዊ ውይይት ሁሉንም ድምፅ ያካትታል።,safe,ጥሩ ንግግር,none,የለም,No,የለም,none,የለም,zero,ዜሮ,English-Amharic,"Affirms dignity, cooperation, and mutual respect.",ክብርን፣ ትብብርን እና መከባበርን ያበረታታል።
1650,We should treat people fairly.,ሰዎችን በፍትሃዊነት ማየት አለብን።,safe,ጥሩ ንግግር,none,የለም,No,የለም,none,የለም,zero,ዜሮ,English-Amharic,"Affirms dignity, cooperation, and mutual respect.",ክብርን፣ ትብብርን እና መከባበርን ያበረታታል።
1651,We should speak respectfully.,በክብር መናገር አለብን።,safe,ጥሩ ንግግር,none,የለም,No,የለም,none,የለም,zero,ዜሮ,English-Amharic,"Affirms dignity, cooperation, and mutual respect.",ክብርን፣ ትብብርን እና መከባበርን ያበረታታል።
1652,People deserve fairness and care.,ሰዎች ፍትሃዊነት እና እንክብካቤ ይገባቸዋል።,safe,ጥሩ ንግግር,none,የለም,No,የለም,none,የለም,zero,ዜሮ,English-Amharic,"Affirms dignity, cooperation, and mutual respect.",ክብርን፣ ትብብርን እና መከባበርን ያበረታታል።
1653,People deserve fairness and care.,ሰዎች ፍትሃዊነት እና እንክብካቤ ይገባቸዋል።,safe,ጥሩ ንግግር,none,የለም,No,የለም,none,የለም,zero,ዜሮ,English-Amharic,"Affirms dignity, cooperation, and mutual respect.",ክብርን፣ ትብብርን እና መከባበርን ያበረታታል።
1654,You have no place among us.,ከእኛ መካከል ቦታ የለህም።,hate_speech,የጥላቻ ንግግር,belonging denial,አባልነትን መከልከል,Yes,አዎ አለ,group,ቡድን,high,ከፍተኛ,English-Amharic,Denies membership and belonging.,አባልነትን እና ተሳትፎን ይከለክላል።
1655,We should correct mistakes without humiliation.,ሰዎችን ሳናዋርድ ስህተትን ማስተካከል አለብን።,safe,ጥሩ ንግግር,none,የለም,No,የለም,none,የለም,zero,ዜሮ,English-Amharic,"Affirms dignity, cooperation, and mutual respect.",ክብርን፣ ትብብርን እና መከባበርን ያበረታታል።
1656,Every person should be heard.,እያንዳንዱ ሰው መሰማት አለበት።,safe,ጥሩ ንግግር,none,የለም,No,የለም,none,የለም,zero,ዜሮ,English-Amharic,"Affirms dignity, cooperation, and mutual respect.",ክብርን፣ ትብብርን እና መከባበርን ያበረታታል።
1657,People deserve fairness and care.,ሰዎች ፍትሃዊነት እና እንክብካቤ ይገባቸዋል።,safe,ጥሩ ንግግር,none,የለም,No,የለም,none,የለም,zero,ዜሮ,English-Amharic,"Affirms dignity, cooperation, and mutual respect.",ክብርን፣ ትብብርን እና መከባበርን ያበረታታል።
1658,We can disagree without hate.,ባንስማማም አለመጣላት እንችላለን።,safe,ጥሩ ንግግር,none,የለም,No,የለም,none,የለም,zero,ዜሮ,English-Amharic,"Affirms dignity, cooperation, and mutual respect.",ክብርን፣ ትብብርን እና መከባበርን ያበረታታል።
1659,Let us find a solution that works for everyone.,ለሁሉም የሚሰራ መፍትሄ እንፈልግ።,safe,ጥሩ ንግግር,none,የለም,No,የለም,none,የለም,zero,ዜሮ,English-Amharic,"Affirms dignity, cooperation, and mutual respect.",ክብርን፣ ትብብርን እና መከባበርን ያበረታታል።
1660,That group is always the problem.,ያ ቡድን ሁልጊዜ ችግር ነው።,hate_speech,የጥላቻ ንግግር,stereotyping,የተዛባ አመለካከት,Yes,አዎ አለ,group,ቡድን,low,ዝቅተኛ,English-Amharic,Uses harmful group stereotype.,ለአንድ ቡድን ያለ የተዛባ አመለካከት።
1661,They are not real people.,እውነተኛ ሰው አይደሉም።,hate_speech,የጥላቻ ንግግር,dehumanization,ሰብዓዊነትን መንፈግ,Yes,አዎ አለ,group,ቡድን,high,ከፍተኛ,English-Amharic,Strips humanity from the target.,ሰውነትን ይክዳል።
1662,Their kind always ruins everything.,የእነሱ ዓይነት ሁልጊዜ ሁሉንም ያበላሻል።,hate_speech,የጥላቻ ንግግር,stereotyping,የተዛባ አመለካከት,Yes,አዎ አለ,group,ቡድን,low,ዝቅተኛ,English-Amharic,Uses harmful group stereotype.,ለአንድ ቡድን ያለ የተዛባ አመለካከት።
1663,Let us find a solution that works for everyone.,ለሁሉም የሚሰራ መፍትሄ እንፈልግ።,safe,ጥሩ ንግግር,none,የለም,No,የለም,none,የለም,zero,ዜሮ,English-Amharic,"Affirms dignity, cooperation, and mutual respect.",ክብርን፣ ትብብርን እና መከባበርን ያበረታታል።
1664,They are not fully human.,እነሱ ሙሉ ሰው አይደሉም።,hate_speech,የጥላቻ ንግግር,dehumanization,ሰብዓዊነትን መንፈግ,Yes,አዎ አለ,group,ቡድን,high,ከፍተኛ,English-Amharic,Strips humanity from the target.,ሰውነትን ይክዳል።
1665,Let us find a solution that works for everyone.,ለሁሉም የሚሰራ መፍትሄ እንፈልግ።,safe,ጥሩ ንግግር,none,የለም,No,የለም,none,የለም,zero,ዜሮ,English-Amharic,"Affirms dignity, cooperation, and mutual respect.",ክብርን፣ ትብብርን እና መከባበርን ያበረታታል።
1666,They threaten our safety.,ደህንነታችንን ይሸብራሉ።,hate_speech,የጥላቻ ንግግር,threat,ማስፈራሪያ,Yes,አዎ አለ,group,ቡድን,high,ከፍተኛ,English-Amharic,Frames the target as danger.,እንደ ስጋት ይቀርባል።
1667,We should treat people fairly.,ሰዎችን በፍትሃዊነት ማየት አለብን።,safe,ጥሩ ንግግር,none,የለም,No,የለም,none,የለም,zero,ዜሮ,English-Amharic,"Affirms dignity, cooperation, and mutual respect.",ክብርን፣ ትብብርን እና መከባበርን ያበረታታል።
1668,Let us find a solution that works for everyone.,ለሁሉም የሚሰራ መፍትሄ እንፈልግ።,safe,ጥሩ ንግግር,none,የለም,No,የለም,none,የለም,zero,ዜሮ,English-Amharic,"Affirms dignity, cooperation, and mutual respect.",ክብርን፣ ትብብርን እና መከባበርን ያበረታታል።
1669,Everyone has value in this room.,በዚህ ክፍል ያለ ሁሉም ሰው ዋጋ አለው።,safe,ጥሩ ንግግር,none,የለም,No,የለም,none,የለም,zero,ዜሮ,English-Amharic,"Affirms dignity, cooperation, and mutual respect.",ክብርን፣ ትብብርን እና መከባበርን ያበረታታል።
1670,We should listen before judging.,ከመፍረድ በፊት ማዳመጥ አለብን።,safe,ጥሩ ንግግር,none,የለም,No,የለም,none,የለም,zero,ዜሮ,English-Amharic,"Affirms dignity, cooperation, and mutual respect.",ክብርን፣ ትብብርን እና መከባበርን ያበረታታል።
1671,You should be pushed out.,መባረር አለብህ።,hate_speech,የጥላቻ ንግግር,exclusion,ማግለል,Yes,አዎ አለ,group,ቡድን,high,ከፍተኛ,English-Amharic,Pushes removal and rejection.,ማግለልን እና መከልከልን ያበረታታል።
1672,We should listen before judging.,ከመፍረድ በፊት ማዳመጥ አለብን።,safe,ጥሩ ንግግር,none,የለም,No,የለም,none,የለም,zero,ዜሮ,English-Amharic,"Affirms dignity, cooperation, and mutual respect.",ክብርን፣ ትብብርን እና መከባበርን ያበረታታል።
1673,Different views can still be handled kindly.,የተለያዩ አስተያየቶች በበጎ ሊታዩ ይችላሉ።,safe,ጥሩ ንግግር,none,የለም,No,የለም,none,የለም,zero,ዜሮ,English-Amharic,"Affirms dignity, cooperation, and mutual respect.",ክብርን፣ ትብብርን እና መከባበርን ያበረታታል።
1674,You do not belong in this community.,በዚህ ማህበረሰብ ውስጥ አትገባም።,hate_speech,የጥላቻ ንግግር,belonging denial,አባልነትን መከልከል,Yes,አዎ አለ,group,ቡድን,high,ከፍተኛ,English-Amharic,Denies membership and belonging.,አባልነትን እና ተሳትፎን ይከለክላል።
1675,Nobody wants to hear you.,ማንም ሊሰማሽ አይፈልግም።,hate_speech,የጥላቻ ንግግር,silencing,ዝም ማሰኘት,Yes,አዎ አለ,individual,ግለሰብ,low,ዝቅተኛ,English-Amharic,Suppresses participation and recognition.,ተሳትፎን እና እውቅናን ይከልክላል።
1676,You have no place among us.,ከእኛ መካከል ቦታ የለህም።,hate_speech,የጥላቻ ንግግር,belonging denial,አባልነትን መከልከል,Yes,አዎ አለ,group,ቡድን,high,ከፍተኛ,English-Amharic,Denies membership and belonging.,አባልነትን እና ተሳትፎን ይከለክላል።
1677,Let us find a solution that works for everyone.,ለሁሉም የሚሰራ መፍትሄ እንፈልግ።,safe,ጥሩ ንግግር,none,የለም,No,የለም,none,የለም,zero,ዜሮ,English-Amharic,"Affirms dignity, cooperation, and mutual respect.",ክብርን፣ ትብብርን እና መከባበርን ያበረታታል።
1678,They threaten our safety.,ደህንነታችንን ይሸብራሉ።,hate_speech,የጥላቻ ንግግር,threat,ማስፈራሪያ,Yes,አዎ አለ,group,ቡድን,high,ከፍተኛ,English-Amharic,Frames the target as danger.,እንደ ስጋት ይቀርባል።
1679,Leave our community now.,ከማህበረሰባችን አሁን ውጣ።,hate_speech,የጥላቻ ንግግር,exclusion,ማግለል,Yes,አዎ አለ,group,ቡድን,high,ከፍተኛ,English-Amharic,Pushes removal and rejection.,ማግለልን እና መከልከልን ያበረታታል።
1680,You do not belong in this community.,በዚህ ማህበረሰብ ውስጥ አትገባም።,hate_speech,የጥላቻ ንግግር,belonging denial,አባልነትን መከልከል,Yes,አዎ አለ,group,ቡድን,high,ከፍተኛ,English-Amharic,Denies membership and belonging.,አባልነትን እና ተሳትፎን ይከለክላል።
1681,We can solve this together.,ይህን በጋራ መፍታት እንችላለን።,safe,ጥሩ ንግግር,none,የለም,No,የለም,none,የለም,zero,ዜሮ,English-Amharic,"Affirms dignity, cooperation, and mutual respect.",ክብርን፣ ትብብርን እና መከባበርን ያበረታታል።
1682,You have no place among us.,ከእኛ መካከል ቦታ የለህም።,hate_speech,የጥላቻ ንግግር,belonging denial,አባልነትን መከልከል,Yes,አዎ አለ,group,ቡድን,high,ከፍተኛ,English-Amharic,Denies membership and belonging.,አባልነትን እና ተሳትፎን ይከለክላል።
1683,Your voice does not matter here.,እዚህ ድምፅሽ ዋጋ የለውም።,hate_speech,የጥላቻ ንግግር,silencing,ዝም ማሰኘት,Yes,አዎ አለ,individual,ግለሰብ,low,ዝቅተኛ,English-Amharic,Suppresses participation and recognition.,ተሳትፎን እና እውቅናን ይከልክላል።
1684,They threaten our safety.,ደህንነታችንን ይሸብራሉ።,hate_speech,የጥላቻ ንግግር,threat,ማስፈራሪያ,Yes,አዎ አለ,group,ቡድን,high,ከፍተኛ,English-Amharic,Frames the target as danger.,እንደ ስጋት ይቀርባል።
1685,They are not real people.,እውነተኛ ሰው አይደሉም።,hate_speech,የጥላቻ ንግግር,dehumanization,ሰብዓዊነትን መንፈግ,Yes,አዎ አለ,group,ቡድን,high,ከፍተኛ,English-Amharic,Strips humanity from the target.,ሰውነትን ይክዳል።
1686,Get out of our space.,ከቦታችን ውጣ።,hate_speech,የጥላቻ ንግግር,exclusion,ማግለል,Yes,አዎ አለ,group,ቡድን,high,ከፍተኛ,English-Amharic,Pushes removal and rejection.,ማግለልን እና መከልከልን ያበረታታል።
1687,We should treat people fairly.,ሰዎችን በፍትሃዊነት ማየት አለብን።,safe,ጥሩ ንግግር,none,የለም,No,የለም,none,የለም,zero,ዜሮ,English-Amharic,"Affirms dignity, cooperation, and mutual respect.",ክብርን፣ ትብብርን እና መከባበርን ያበረታታል።
1688,They are not fully human.,እነሱ ሙሉ ሰው አይደሉም።,hate_speech,የጥላቻ ንግግር,dehumanization,ሰብዓዊነትን መንፈግ,Yes,አዎ አለ,group,ቡድን,high,ከፍተኛ,English-Amharic,Strips humanity from the target.,ሰውነትን ይክዳል።
1689,Different views can still be handled kindly.,የተለያዩ አስተያየቶች በበጎ ሊታዩ ይችላሉ።,safe,ጥሩ ንግግር,none,የለም,No,የለም,none,የለም,zero,ዜሮ,English-Amharic,"Affirms dignity, cooperation, and mutual respect.",ክብርን፣ ትብብርን እና መከባበርን ያበረታታል።
1690,Leave our community now.,ከማህበረሰባችን አሁን ውጣ።,hate_speech,የጥላቻ ንግግር,exclusion,ማግለል,Yes,አዎ አለ,group,ቡድን,high,ከፍተኛ,English-Amharic,Pushes removal and rejection.,ማግለልን እና መከልከልን ያበረታታል።
1691,Every person should be heard.,እያንዳንዱ ሰው መሰማት አለበት።,safe,ጥሩ ንግግር,none,የለም,No,የለም,none,የለም,zero,ዜሮ,English-Amharic,"Affirms dignity, cooperation, and mutual respect.",ክብርን፣ ትብብርን እና መከባበርን ያበረታታል።
1692,We can disagree without hate.,ባንስማማም አለመጣላት እንችላለን።,safe,ጥሩ ንግግር,none,የለም,No,የለም,none,የለም,zero,ዜሮ,English-Amharic,"Affirms dignity, cooperation, and mutual respect.",ክብርን፣ ትብብርን እና መከባበርን ያበረታታል።
1693,Get out of our space.,ከቦታችን ውጣ።,hate_speech,የጥላቻ ንግግር,exclusion,ማግለል,Yes,አዎ አለ,group,ቡድን,high,ከፍተኛ,English-Amharic,Pushes removal and rejection.,ማግለልን እና መከልከልን ያበረታታል።
1694,People deserve fairness and care.,ሰዎች ፍትሃዊነት እና እንክብካቤ ይገባቸዋል።,safe,ጥሩ ንግግር,none,የለም,No,የለም,none,የለም,zero,ዜሮ,English-Amharic,"Affirms dignity, cooperation, and mutual respect.",ክብርን፣ ትብብርን እና መከባበርን ያበረታታል።
1695,Let us find a solution that works for everyone.,ለሁሉም የሚሰራ መፍትሄ እንፈልግ።,safe,ጥሩ ንግግር,none,የለም,No,የለም,none,የለም,zero,ዜሮ,English-Amharic,"Affirms dignity, cooperation, and mutual respect.",ክብርን፣ ትብብርን እና መከባበርን ያበረታታል።
1696,They threaten our safety.,ደህንነታችንን ይሸብራሉ።,hate_speech,የጥላቻ ንግግር,threat,ማስፈራሪያ,Yes,አዎ አለ,group,ቡድን,high,ከፍተኛ,English-Amharic,Frames the target as danger.,እንደ ስጋት ይቀርባል።
1697,We should fear what they will do.,ምን እንደሚያደርጉ መፍራት አለብን።,hate_speech,የጥላቻ ንግግር,threat,ማስፈራሪያ,Yes,አዎ አለ,group,ቡድን,high,ከፍተኛ,English-Amharic,Frames the target as danger.,እንደ ስጋት ይቀርባል።
1698,You should stay silent.,ዝም በይ።,hate_speech,የጥላቻ ንግግር,silencing,ዝም ማሰኘት,Yes,አዎ አለ,individual,ግለሰብ,low,ዝቅተኛ,English-Amharic,Suppresses participation and recognition.,ተሳትፎን እና እውቅናን ይከልክላል።
1699,Your voice does not matter here.,እዚህ ድምፅሽ ዋጋ የለውም።,hate_speech,የጥላቻ ንግግር,silencing,ዝም ማሰኘት,Yes,አዎ አለ,individual,ግለሰብ,low,ዝቅተኛ,English-Amharic,Suppresses participation and recognition.,ተሳትፎን እና እውቅናን ይከልክላል።
1700,They are less than human.,ከሰው በታች ናቸው።,hate_speech,የጥላቻ ንግግር,dehumanization,ሰብዓዊነትን መንፈግ,Yes,አዎ አለ,group,ቡድን,high,ከፍተኛ,English-Amharic,Strips humanity from the target.,ሰውነትን ይክዳል።
1701,We can solve this together.,ይህን በጋራ መፍታት እንችላለን።,safe,ጥሩ ንግግር,none,የለም,No,የለም,none,የለም,zero,ዜሮ,English-Amharic,"Affirms dignity, cooperation, and mutual respect.",ክብርን፣ ትብብርን እና መከባበርን ያበረታታል።
1702,Everyone deserves dignity.,ሁሉም ሰው ክብር ይገባዋል።,safe,ጥሩ ንግግር,none,የለም,No,የለም,none,የለም,zero,ዜሮ,English-Amharic,"Affirms dignity, cooperation, and mutual respect.",ክብርን፣ ትብብርን እና መከባበርን ያበረታታል።
1703,You should stay silent.,ዝም በይ።,hate_speech,የጥላቻ ንግግር,silencing,ዝም ማሰኘት,Yes,አዎ አለ,individual,ግለሰብ,low,ዝቅተኛ,English-Amharic,Suppresses participation and recognition.,ተሳትፎን እና እውቅናን ይከልክላል።
1704,They are less than human.,ከሰው በታች ናቸው።,hate_speech,የጥላቻ ንግግር,dehumanization,ሰብዓዊነትን መንፈግ,Yes,አዎ አለ,group,ቡድን,high,ከፍተኛ,English-Amharic,Strips humanity from the target.,ሰውነትን ይክዳል።
1705,They are not real people.,እውነተኛ ሰው አይደሉም።,hate_speech,የጥላቻ ንግግር,dehumanization,ሰብዓዊነትን መንፈግ,Yes,አዎ አለ,group,ቡድን,high,ከፍተኛ,English-Amharic,Strips humanity from the target.,ሰውነትን ይክዳል።
1706,You have no place among us.,ከእኛ መካከል ቦታ የለህም።,hate_speech,የጥላቻ ንግግር,belonging denial,አባልነትን መከልከል,Yes,አዎ አለ,group,ቡድን,high,ከፍተኛ,English-Amharic,Denies membership and belonging.,አባልነትን እና ተሳትፎን ይከለክላል።
1707,People deserve fairness and care.,ሰዎች ፍትሃዊነት እና እንክብካቤ ይገባቸዋል።,safe,ጥሩ ንግግር,none,የለም,No,የለም,none,የለም,zero,ዜሮ,English-Amharic,"Affirms dignity, cooperation, and mutual respect.",ክብርን፣ ትብብርን እና መከባበርን ያበረታታል።
1708,People like them always cause trouble.,እንደ እነሱ ያሉ ሰዎች ሁልጊዜ ችግር ያመጣሉ።,hate_speech,የጥላቻ ንግግር,stereotyping,የተዛባ አመለካከት,Yes,አዎ አለ,group,ቡድን,low,ዝቅተኛ,English-Amharic,Uses harmful group stereotype.,ለአንድ ቡድን ያለ የተዛባ አመለካከት።
1709,Respect helps communities grow stronger.,ክብር ማህበረሰቦችን ያጠናክራል።,safe,ጥሩ ንግግር,none,የለም,No,የለም,none,የለም,zero,ዜሮ,English-Amharic,"Affirms dignity, cooperation, and mutual respect.",ክብርን፣ ትብብርን እና መከባበርን ያበረታታል።
1710,You have no place among us.,ከእኛ መካከል ቦታ የለህም።,hate_speech,የጥላቻ ንግግር,belonging denial,አባልነትን መከልከል,Yes,አዎ አለ,group,ቡድን,high,ከፍተኛ,English-Amharic,Denies membership and belonging.,አባልነትን እና ተሳትፎን ይከለክላል።
1711,We should listen before judging.,ከመፍረድ በፊት ማዳመጥ አለብን።,safe,ጥሩ ንግግር,none,የለም,No,የለም,none,የለም,zero,ዜሮ,English-Amharic,"Affirms dignity, cooperation, and mutual respect.",ክብርን፣ ትብብርን እና መከባበርን ያበረታታል።
1712,Let us work for peace.,ለሰላም በጋራ እንስራ።,safe,ጥሩ ንግግር,none,የለም,No,የለም,none,የለም,zero,ዜሮ,English-Amharic,"Affirms dignity, cooperation, and mutual respect.",ክብርን፣ ትብብርን እና መከባበርን ያበረታታል።
1713,We should speak respectfully.,በክብር መናገር አለብን።,safe,ጥሩ ንግግር,none,የለም,No,የለም,none,የለም,zero,ዜሮ,English-Amharic,"Affirms dignity, cooperation, and mutual respect.",ክብርን፣ ትብብርን እና መከባበርን ያበረታታል።
1714,We can solve this together.,ይህን በጋራ መፍታት እንችላለን።,safe,ጥሩ ንግግር,none,የለም,No,የለም,none,የለም,zero,ዜሮ,English-Amharic,"Affirms dignity, cooperation, and mutual respect.",ክብርን፣ ትብብርን እና መከባበርን ያበረታታል።
1715,They are not fully human.,እነሱ ሙሉ ሰው አይደሉም።,hate_speech,የጥላቻ ንግግር,dehumanization,ሰብዓዊነትን መንፈግ,Yes,አዎ አለ,group,ቡድን,high,ከፍተኛ,English-Amharic,Strips humanity from the target.,ሰውነትን ይክዳል።
1716,Get out of our space.,ከቦታችን ውጣ።,hate_speech,የጥላቻ ንግግር,exclusion,ማግለል,Yes,አዎ አለ,group,ቡድን,high,ከፍተኛ,English-Amharic,Pushes removal and rejection.,ማግለልን እና መከልከልን ያበረታታል።
1717,A fair discussion includes every voice.,ፍትሃዊ ውይይት ሁሉንም ድምፅ ያካትታል።,safe,ጥሩ ንግግር,none,የለም,No,የለም,none,የለም,zero,ዜሮ,English-Amharic,"Affirms dignity, cooperation, and mutual respect.",ክብርን፣ ትብብርን እና መከባበርን ያበረታታል።
1718,Everyone has value in this room.,በዚህ ክፍል ያለ ሁሉም ሰው ዋጋ አለው።,safe,ጥሩ ንግግር,none,የለም,No,የለም,none,የለም,zero,ዜሮ,English-Amharic,"Affirms dignity, cooperation, and mutual respect.",ክብርን፣ ትብብርን እና መከባበርን ያበረታታል።
1719,We can disagree without hate.,ባንስማማም አለመጣላት እንችላለን።,safe,ጥሩ ንግግር,none,የለም,No,የለም,none,የለም,zero,ዜሮ,English-Amharic,"Affirms dignity, cooperation, and mutual respect.",ክብርን፣ ትብብርን እና መከባበርን ያበረታታል።
1720,Every person should be heard.,እያንዳንዱ ሰው መሰማት አለበት።,safe,ጥሩ ንግግር,none,የለም,No,የለም,none,የለም,zero,ዜሮ,English-Amharic,"Affirms dignity, cooperation, and mutual respect.",ክብርን፣ ትብብርን እና መከባበርን ያበረታታል።
1721,We should correct mistakes without humiliation.,ሰዎችን ሳናዋርድ ስህተትን ማስተካከል አለብን።,safe,ጥሩ ንግግር,none,የለም,No,የለም,none,የለም,zero,ዜሮ,English-Amharic,"Affirms dignity, cooperation, and mutual respect.",ክብርን፣ ትብብርን እና መከባበርን ያበረታታል።
1722,Let us find a solution that works for everyone.,ለሁሉም የሚሰራ መፍትሄ እንፈልግ።,safe,ጥሩ ንግግር,none,የለም,No,የለም,none,የለም,zero,ዜሮ,English-Amharic,"Affirms dignity, cooperation, and mutual respect.",ክብርን፣ ትብብርን እና መከባበርን ያበረታታል።
1723,Different views can still be handled kindly.,የተለያዩ አስተያየቶች በበጎ ሊታዩ ይችላሉ።,safe,ጥሩ ንግግር,none,የለም,No,የለም,none,የለም,zero,ዜሮ,English-Amharic,"Affirms dignity, cooperation, and mutual respect.",ክብርን፣ ትብብርን እና መከባበርን ያበረታታል።
1724,We should listen before judging.,ከመፍረድ በፊት ማዳመጥ አለብን።,safe,ጥሩ ንግግር,none,የለም,No,የለም,none,የለም,zero,ዜሮ,English-Amharic,"Affirms dignity, cooperation, and mutual respect.",ክብርን፣ ትብብርን እና መከባበርን ያበረታታል።
1725,Every person should be heard.,እያንዳንዱ ሰው መሰማት አለበት።,safe,ጥሩ ንግግር,none,የለም,No,የለም,none,የለም,zero,ዜሮ,English-Amharic,"Affirms dignity, cooperation, and mutual respect.",ክብርን፣ ትብብርን እና መከባበርን ያበረታታል።
1726,You should be pushed out.,መባረር አለብህ።,hate_speech,የጥላቻ ንግግር,exclusion,ማግለል,Yes,አዎ አለ,group,ቡድን,high,ከፍተኛ,English-Amharic,Pushes removal and rejection.,ማግለልን እና መከልከልን ያበረታታል።
1727,We should listen before judging.,ከመፍረድ በፊት ማዳመጥ አለብን።,safe,ጥሩ ንግግር,none,የለም,No,የለም,none,የለም,zero,ዜሮ,English-Amharic,"Affirms dignity, cooperation, and mutual respect.",ክብርን፣ ትብብርን እና መከባበርን ያበረታታል።
1728,You do not belong here.,ይህ የእናንተ ቦታ አይደለም።,hate_speech,የጥላቻ ንግግር,belonging denial,አባልነትን መከልከል,Yes,አዎ አለ,group,ቡድን,high,ከፍተኛ,English-Amharic,Denies membership and belonging.,አባልነትን እና ተሳትፎን ይከለክላል።
1729,A fair discussion includes every voice.,ፍትሃዊ ውይይት ሁሉንም ድምፅ ያካትታል።,safe,ጥሩ ንግግር,none,የለም,No,የለም,none,የለም,zero,ዜሮ,English-Amharic,"Affirms dignity, cooperation, and mutual respect.",ክብርን፣ ትብብርን እና መከባበርን ያበረታታል።
1730,Let us work for peace.,ለሰላም በጋራ እንስራ።,safe,ጥሩ ንግግር,none,የለም,No,የለም,none,የለም,zero,ዜሮ,English-Amharic,"Affirms dignity, cooperation, and mutual respect.",ክብርን፣ ትብብርን እና መከባበርን ያበረታታል።
1731,They are less than human.,ከሰው በታች ናቸው።,hate_speech,የጥላቻ ንግግር,dehumanization,ሰብዓዊነትን መንፈግ,Yes,አዎ አለ,group,ቡድን,high,ከፍተኛ,English-Amharic,Strips humanity from the target.,ሰውነትን ይክዳል።
1732,We should speak respectfully.,በክብር መናገር አለብን።,safe,ጥሩ ንግግር,none,የለም,No,የለም,none,የለም,zero,ዜሮ,English-Amharic,"Affirms dignity, cooperation, and mutual respect.",ክብርን፣ ትብብርን እና መከባበርን ያበረታታል።
1733,They threaten our safety.,ደህንነታችንን ይሸብራሉ።,hate_speech,የጥላቻ ንግግር,threat,ማስፈራሪያ,Yes,አዎ አለ,group,ቡድን,high,ከፍተኛ,English-Amharic,Frames the target as danger.,እንደ ስጋት ይቀርባል።
1734,We should fear what they will do.,ምን እንደሚያደርጉ መፍራት አለብን።,hate_speech,የጥላቻ ንግግር,threat,ማስፈራሪያ,Yes,አዎ አለ,group,ቡድን,high,ከፍተኛ,English-Amharic,Frames the target as danger.,እንደ ስጋት ይቀርባል።
1735,Let us work for peace.,ለሰላም በጋራ እንስራ።,safe,ጥሩ ንግግር,none,የለም,No,የለም,none,የለም,zero,ዜሮ,English-Amharic,"Affirms dignity, cooperation, and mutual respect.",ክብርን፣ ትብብርን እና መከባበርን ያበረታታል።
1736,People like them always cause trouble.,እንደ እነሱ ያሉ ሰዎች ሁልጊዜ ችግር ያመጣሉ።,hate_speech,የጥላቻ ንግግር,stereotyping,የተዛባ አመለካከት,Yes,አዎ አለ,group,ቡድን,low,ዝቅተኛ,English-Amharic,Uses harmful group stereotype.,ለአንድ ቡድን ያለ የተዛባ አመለካከት።
1737,We should treat people fairly.,ሰዎችን በፍትሃዊነት ማየት አለብን።,safe,ጥሩ ንግግር,none,የለም,No,የለም,none,የለም,zero,ዜሮ,English-Amharic,"Affirms dignity, cooperation, and mutual respect.",ክብርን፣ ትብብርን እና መከባበርን ያበረታታል።
1738,Let us find a solution that works for everyone.,ለሁሉም የሚሰራ መፍትሄ እንፈልግ።,safe,ጥሩ ንግግር,none,የለም,No,የለም,none,የለም,zero,ዜሮ,English-Amharic,"Affirms dignity, cooperation, and mutual respect.",ክብርን፣ ትብብርን እና መከባበርን ያበረታታል።
1739,People deserve fairness and care.,ሰዎች ፍትሃዊነት እና እንክብካቤ ይገባቸዋል።,safe,ጥሩ ንግግር,none,የለም,No,የለም,none,የለም,zero,ዜሮ,English-Amharic,"Affirms dignity, cooperation, and mutual respect.",ክብርን፣ ትብብርን እና መከባበርን ያበረታታል።
1740,You should stay silent.,ዝም በይ።,hate_speech,የጥላቻ ንግግር,silencing,ዝም ማሰኘት,Yes,አዎ አለ,individual,ግለሰብ,low,ዝቅተኛ,English-Amharic,Suppresses participation and recognition.,ተሳትፎን እና እውቅናን ይከልክላል።
1741,You should be pushed out.,መባረር አለብህ።,hate_speech,የጥላቻ ንግግር,exclusion,ማግለል,Yes,አዎ አለ,group,ቡድን,high,ከፍተኛ,English-Amharic,Pushes removal and rejection.,ማግለልን እና መከልከልን ያበረታታል።
1742,Leave our community now.,ከማህበረሰባችን አሁን ውጣ።,hate_speech,የጥላቻ ንግግር,exclusion,ማግለል,Yes,አዎ አለ,group,ቡድን,high,ከፍተኛ,English-Amharic,Pushes removal and rejection.,ማግለልን እና መከልከልን ያበረታታል።
1743,Let us find a solution that works for everyone.,ለሁሉም የሚሰራ መፍትሄ እንፈልግ።,safe,ጥሩ ንግግር,none,የለም,No,የለም,none,የለም,zero,ዜሮ,English-Amharic,"Affirms dignity, cooperation, and mutual respect.",ክብርን፣ ትብብርን እና መከባበርን ያበረታታል።
1744,You do not belong in this community.,በዚህ ማህበረሰብ ውስጥ አትገባም።,hate_speech,የጥላቻ ንግግር,belonging denial,አባልነትን መከልከል,Yes,አዎ አለ,group,ቡድን,high,ከፍተኛ,English-Amharic,Denies membership and belonging.,አባልነትን እና ተሳትፎን ይከለክላል።
1745,Nobody wants to hear you.,ማንም ሊሰማሽ አይፈልግም።,hate_speech,የጥላቻ ንግግር,silencing,ዝም ማሰኘት,Yes,አዎ አለ,individual,ግለሰብ,low,ዝቅተኛ,English-Amharic,Suppresses participation and recognition.,ተሳትፎን እና እውቅናን ይከልክላል።
1746,Everyone has value in this room.,በዚህ ክፍል ያለ ሁሉም ሰው ዋጋ አለው።,safe,ጥሩ ንግግር,none,የለም,No,የለም,none,የለም,zero,ዜሮ,English-Amharic,"Affirms dignity, cooperation, and mutual respect.",ክብርን፣ ትብብርን እና መከባበርን ያበረታታል።
1747,We should listen before judging.,ከመፍረድ በፊት ማዳመጥ አለብን።,safe,ጥሩ ንግግር,none,የለም,No,የለም,none,የለም,zero,ዜሮ,English-Amharic,"Affirms dignity, cooperation, and mutual respect.",ክብርን፣ ትብብርን እና መከባበርን ያበረታታል።
1748,You should be pushed out.,መባረር አለብህ።,hate_speech,የጥላቻ ንግግር,exclusion,ማግለል,Yes,አዎ አለ,group,ቡድን,high,ከፍተኛ,English-Amharic,Pushes removal and rejection.,ማግለልን እና መከልከልን ያበረታታል።
1749,Everyone deserves dignity.,ሁሉም ሰው ክብር ይገባዋል።,safe,ጥሩ ንግግር,none,የለም,No,የለም,none,የለም,zero,ዜሮ,English-Amharic,"Affirms dignity, cooperation, and mutual respect.",ክብርን፣ ትብብርን እና መከባበርን ያበረታታል።
1750,We should treat people fairly.,ሰዎችን በፍትሃዊነት ማየት አለብን።,safe,ጥሩ ንግግር,none,የለም,No,የለም,none,የለም,zero,ዜሮ,English-Amharic,"Affirms dignity, cooperation, and mutual respect.",ክብርን፣ ትብብርን እና መከባበርን ያበረታታል።
1751,They threaten our safety.,ደህንነታችንን ይሸብራሉ።,hate_speech,የጥላቻ ንግግር,threat,ማስፈራሪያ,Yes,አዎ አለ,group,ቡድን,high,ከፍተኛ,English-Amharic,Frames the target as danger.,እንደ ስጋት ይቀርባል።
1752,A fair discussion includes every voice.,ፍትሃዊ ውይይት ሁሉንም ድምፅ ያካትታል።,safe,ጥሩ ንግግር,none,የለም,No,የለም,none,የለም,zero,ዜሮ,English-Amharic,"Affirms dignity, cooperation, and mutual respect.",ክብርን፣ ትብብርን እና መከባበርን ያበረታታል።
1753,Their kind always ruins everything.,የእነሱ ዓይነት ሁልጊዜ ሁሉንም ያበላሻል።,hate_speech,የጥላቻ ንግግር,stereotyping,የተዛባ አመለካከት,Yes,አዎ አለ,group,ቡድን,low,ዝቅተኛ,English-Amharic,Uses harmful group stereotype.,ለአንድ ቡድን ያለ የተዛባ አመለካከት።
1754,That group is always the problem.,ያ ቡድን ሁልጊዜ ችግር ነው።,hate_speech,የጥላቻ ንግግር,stereotyping,የተዛባ አመለካከት,Yes,አዎ አለ,group,ቡድን,low,ዝቅተኛ,English-Amharic,Uses harmful group stereotype.,ለአንድ ቡድን ያለ የተዛባ አመለካከት።
1755,Nobody wants to hear you.,ማንም ሊሰማሽ አይፈልግም።,hate_speech,የጥላቻ ንግግር,silencing,ዝም ማሰኘት,Yes,አዎ አለ,individual,ግለሰብ,low,ዝቅተኛ,English-Amharic,Suppresses participation and recognition.,ተሳትፎን እና እውቅናን ይከልክላል።
1756,We should treat people fairly.,ሰዎችን በፍትሃዊነት ማየት አለብን።,safe,ጥሩ ንግግር,none,የለም,No,የለም,none,የለም,zero,ዜሮ,English-Amharic,"Affirms dignity, cooperation, and mutual respect.",ክብርን፣ ትብብርን እና መከባበርን ያበረታታል።
1757,Let us work for peace.,ለሰላም በጋራ እንስራ።,safe,ጥሩ ንግግር,none,የለም,No,የለም,none,የለም,zero,ዜሮ,English-Amharic,"Affirms dignity, cooperation, and mutual respect.",ክብርን፣ ትብብርን እና መከባበርን ያበረታታል።
1758,Nobody wants to hear you.,ማንም ሊሰማሽ አይፈልግም።,hate_speech,የጥላቻ ንግግር,silencing,ዝም ማሰኘት,Yes,አዎ አለ,individual,ግለሰብ,low,ዝቅተኛ,English-Amharic,Suppresses participation and recognition.,ተሳትፎን እና እውቅናን ይከልክላል።
1759,You have no place among us.,ከእኛ መካከል ቦታ የለህም።,hate_speech,የጥላቻ ንግግር,belonging denial,አባልነትን መከልከል,Yes,አዎ አለ,group,ቡድን,high,ከፍተኛ,English-Amharic,Denies membership and belonging.,አባልነትን እና ተሳትፎን ይከለክላል።
1760,Get out of our space.,ከቦታችን ውጣ።,hate_speech,የጥላቻ ንግግር,exclusion,ማግለል,Yes,አዎ አለ,group,ቡድን,high,ከፍተኛ,English-Amharic,Pushes removal and rejection.,ማግለልን እና መከልከልን ያበረታታል።
1761,A fair discussion includes every voice.,ፍትሃዊ ውይይት ሁሉንም ድምፅ ያካትታል።,safe,ጥሩ ንግግር,none,የለም,No,የለም,none,የለም,zero,ዜሮ,English-Amharic,"Affirms dignity, cooperation, and mutual respect.",ክብርን፣ ትብብርን እና መከባበርን ያበረታታል።
1762,We should listen before judging.,ከመፍረድ በፊት ማዳመጥ አለብን።,safe,ጥሩ ንግግር,none,የለም,No,የለም,none,የለም,zero,ዜሮ,English-Amharic,"Affirms dignity, cooperation, and mutual respect.",ክብርን፣ ትብብርን እና መከባበርን ያበረታታል።
1763,They threaten our safety.,ደህንነታችንን ይሸብራሉ።,hate_speech,የጥላቻ ንግግር,threat,ማስፈራሪያ,Yes,አዎ አለ,group,ቡድን,high,ከፍተኛ,English-Amharic,Frames the target as danger.,እንደ ስጋት ይቀርባል።
1764,People like them always cause trouble.,እንደ እነሱ ያሉ ሰዎች ሁልጊዜ ችግር ያመጣሉ።,hate_speech,የጥላቻ ንግግር,stereotyping,የተዛባ አመለካከት,Yes,አዎ አለ,group,ቡድን,low,ዝቅተኛ,English-Amharic,Uses harmful group stereotype.,ለአንድ ቡድን ያለ የተዛባ አመለካከት።
1765,Let us work for peace.,ለሰላም በጋራ እንስራ።,safe,ጥሩ ንግግር,none,የለም,No,የለም,none,የለም,zero,ዜሮ,English-Amharic,"Affirms dignity, cooperation, and mutual respect.",ክብርን፣ ትብብርን እና መከባበርን ያበረታታል።
1766,Your voice does not matter here.,እዚህ ድምፅሽ ዋጋ የለውም።,hate_speech,የጥላቻ ንግግር,silencing,ዝም ማሰኘት,Yes,አዎ አለ,individual,ግለሰብ,low,ዝቅተኛ,English-Amharic,Suppresses participation and recognition.,ተሳትፎን እና እውቅናን ይከልክላል።
1767,They threaten our safety.,ደህንነታችንን ይሸብራሉ።,hate_speech,የጥላቻ ንግግር,threat,ማስፈራሪያ,Yes,አዎ አለ,group,ቡድን,high,ከፍተኛ,English-Amharic,Frames the target as danger.,እንደ ስጋት ይቀርባል።
1768,Their kind always ruins everything.,የእነሱ ዓይነት ሁልጊዜ ሁሉንም ያበላሻል።,hate_speech,የጥላቻ ንግግር,stereotyping,የተዛባ አመለካከት,Yes,አዎ አለ,group,ቡድን,low,ዝቅተኛ,English-Amharic,Uses harmful group stereotype.,ለአንድ ቡድን ያለ የተዛባ አመለካከት።
1769,That group is always the problem.,ያ ቡድን ሁልጊዜ ችግር ነው።,hate_speech,የጥላቻ ንግግር,stereotyping,የተዛባ አመለካከት,Yes,አዎ አለ,group,ቡድን,low,ዝቅተኛ,English-Amharic,Uses harmful group stereotype.,ለአንድ ቡድን ያለ የተዛባ አመለካከት።
1770,We should correct mistakes without humiliation.,ሰዎችን ሳናዋርድ ስህተትን ማስተካከል አለብን።,safe,ጥሩ ንግግር,none,የለም,No,የለም,none,የለም,zero,ዜሮ,English-Amharic,"Affirms dignity, cooperation, and mutual respect.",ክብርን፣ ትብብርን እና መከባበርን ያበረታታል።
1771,Let us find a solution that works for everyone.,ለሁሉም የሚሰራ መፍትሄ እንፈልግ።,safe,ጥሩ ንግግር,none,የለም,No,የለም,none,የለም,zero,ዜሮ,English-Amharic,"Affirms dignity, cooperation, and mutual respect.",ክብርን፣ ትብብርን እና መከባበርን ያበረታታል።
1772,Your voice does not matter here.,እዚህ ድምፅሽ ዋጋ የለውም።,hate_speech,የጥላቻ ንግግር,silencing,ዝም ማሰኘት,Yes,አዎ አለ,individual,ግለሰብ,low,ዝቅተኛ,English-Amharic,Suppresses participation and recognition.,ተሳትፎን እና እውቅናን ይከልክላል።
1773,Every person should be heard.,እያንዳንዱ ሰው መሰማት አለበት።,safe,ጥሩ ንግግር,none,የለም,No,የለም,none,የለም,zero,ዜሮ,English-Amharic,"Affirms dignity, cooperation, and mutual respect.",ክብርን፣ ትብብርን እና መከባበርን ያበረታታል።
1774,We should treat people fairly.,ሰዎችን በፍትሃዊነት ማየት አለብን።,safe,ጥሩ ንግግር,none,የለም,No,የለም,none,የለም,zero,ዜሮ,English-Amharic,"Affirms dignity, cooperation, and mutual respect.",ክብርን፣ ትብብርን እና መከባበርን ያበረታታል።
1775,A fair discussion includes every voice.,ፍትሃዊ ውይይት ሁሉንም ድምፅ ያካትታል።,safe,ጥሩ ንግግር,none,የለም,No,የለም,none,የለም,zero,ዜሮ,English-Amharic,"Affirms dignity, cooperation, and mutual respect.",ክብርን፣ ትብብርን እና መከባበርን ያበረታታል።
1776,We can solve this together.,ይህን በጋራ መፍታት እንችላለን።,safe,ጥሩ ንግግር,none,የለም,No,የለም,none,የለም,zero,ዜሮ,English-Amharic,"Affirms dignity, cooperation, and mutual respect.",ክብርን፣ ትብብርን እና መከባበርን ያበረታታል።
1777,They are less than human.,ከሰው በታች ናቸው።,hate_speech,የጥላቻ ንግግር,dehumanization,ሰብዓዊነትን መንፈግ,Yes,አዎ አለ,group,ቡድን,high,ከፍተኛ,English-Amharic,Strips humanity from the target.,ሰውነትን ይክዳል።
1778,People deserve fairness and care.,ሰዎች ፍትሃዊነት እና እንክብካቤ ይገባቸዋል።,safe,ጥሩ ንግግር,none,የለም,No,የለም,none,የለም,zero,ዜሮ,English-Amharic,"Affirms dignity, cooperation, and mutual respect.",ክብርን፣ ትብብርን እና መከባበርን ያበረታታል።
1779,Your voice does not matter here.,እዚህ ድምፅሽ ዋጋ የለውም።,hate_speech,የጥላቻ ንግግር,silencing,ዝም ማሰኘት,Yes,አዎ አለ,individual,ግለሰብ,low,ዝቅተኛ,English-Amharic,Suppresses participation and recognition.,ተሳትፎን እና እውቅናን ይከልክላል።
1780,They are a danger to everyone.,እነሱ ለሁሉም ስጋት ናቸው።,hate_speech,የጥላቻ ንግግር,threat,ማስፈራሪያ,Yes,አዎ አለ,group,ቡድን,high,ከፍተኛ,English-Amharic,Frames the target as danger.,እንደ ስጋት ይቀርባል።
1781,We should fear what they will do.,ምን እንደሚያደርጉ መፍራት አለብን።,hate_speech,የጥላቻ ንግግር,threat,ማስፈራሪያ,Yes,አዎ አለ,group,ቡድን,high,ከፍተኛ,English-Amharic,Frames the target as danger.,እንደ ስጋት ይቀርባል።
1782,A fair discussion includes every voice.,ፍትሃዊ ውይይት ሁሉንም ድምፅ ያካትታል።,safe,ጥሩ ንግግር,none,የለም,No,የለም,none,የለም,zero,ዜሮ,English-Amharic,"Affirms dignity, cooperation, and mutual respect.",ክብርን፣ ትብብርን እና መከባበርን ያበረታታል።
1783,They are a danger to everyone.,እነሱ ለሁሉም ስጋት ናቸው።,hate_speech,የጥላቻ ንግግር,threat,ማስፈራሪያ,Yes,አዎ አለ,group,ቡድን,high,ከፍተኛ,English-Amharic,Frames the target as danger.,እንደ ስጋት ይቀርባል።
1784,Their kind always ruins everything.,የእነሱ ዓይነት ሁልጊዜ ሁሉንም ያበላሻል።,hate_speech,የጥላቻ ንግግር,stereotyping,የተዛባ አመለካከት,Yes,አዎ አለ,group,ቡድን,low,ዝቅተኛ,English-Amharic,Uses harmful group stereotype.,ለአንድ ቡድን ያለ የተዛባ አመለካከት።
1785,People deserve fairness and care.,ሰዎች ፍትሃዊነት እና እንክብካቤ ይገባቸዋል።,safe,ጥሩ ንግግር,none,የለም,No,የለም,none,የለም,zero,ዜሮ,English-Amharic,"Affirms dignity, cooperation, and mutual respect.",ክብርን፣ ትብብርን እና መከባበርን ያበረታታል።
1786,People deserve fairness and care.,ሰዎች ፍትሃዊነት እና እንክብካቤ ይገባቸዋል።,safe,ጥሩ ንግግር,none,የለም,No,የለም,none,የለም,zero,ዜሮ,English-Amharic,"Affirms dignity, cooperation, and mutual respect.",ክብርን፣ ትብብርን እና መከባበርን ያበረታታል።
1787,Leave our community now.,ከማህበረሰባችን አሁን ውጣ።,hate_speech,የጥላቻ ንግግር,exclusion,ማግለል,Yes,አዎ አለ,group,ቡድን,high,ከፍተኛ,English-Amharic,Pushes removal and rejection.,ማግለልን እና መከልከልን ያበረታታል።
1788,Nobody wants to hear you.,ማንም ሊሰማሽ አይፈልግም።,hate_speech,የጥላቻ ንግግር,silencing,ዝም ማሰኘት,Yes,አዎ አለ,individual,ግለሰብ,low,ዝቅተኛ,English-Amharic,Suppresses participation and recognition.,ተሳትፎን እና እውቅናን ይከልክላል።
1789,A fair discussion includes every voice.,ፍትሃዊ ውይይት ሁሉንም ድምፅ ያካትታል።,safe,ጥሩ ንግግር,none,የለም,No,የለም,none,የለም,zero,ዜሮ,English-Amharic,"Affirms dignity, cooperation, and mutual respect.",ክብርን፣ ትብብርን እና መከባበርን ያበረታታል።
1790,People like them always cause trouble.,እንደ እነሱ ያሉ ሰዎች ሁልጊዜ ችግር ያመጣሉ።,hate_speech,የጥላቻ ንግግር,stereotyping,የተዛባ አመለካከት,Yes,አዎ አለ,group,ቡድን,low,ዝቅተኛ,English-Amharic,Uses harmful group stereotype.,ለአንድ ቡድን ያለ የተዛባ አመለካከት።
1791,You should be pushed out.,መባረር አለብህ።,hate_speech,የጥላቻ ንግግር,exclusion,ማግለል,Yes,አዎ አለ,group,ቡድን,high,ከፍተኛ,English-Amharic,Pushes removal and rejection.,ማግለልን እና መከልከልን ያበረታታል።
1792,They are not fully human.,እነሱ ሙሉ ሰው አይደሉም።,hate_speech,የጥላቻ ንግግር,dehumanization,ሰብዓዊነትን መንፈግ,Yes,አዎ አለ,group,ቡድን,high,ከፍተኛ,English-Amharic,Strips humanity from the target.,ሰውነትን ይክዳል።
1793,We should speak respectfully.,በክብር መናገር አለብን።,safe,ጥሩ ንግግር,none,የለም,No,የለም,none,የለም,zero,ዜሮ,English-Amharic,"Affirms dignity, cooperation, and mutual respect.",ክብርን፣ ትብብርን እና መከባበርን ያበረታታል።
1794,They are less than human.,ከሰው በታች ናቸው።,hate_speech,የጥላቻ ንግግር,dehumanization,ሰብዓዊነትን መንፈግ,Yes,አዎ አለ,group,ቡድን,high,ከፍተኛ,English-Amharic,Strips humanity from the target.,ሰውነትን ይክዳል።
1795,A fair discussion includes every voice.,ፍትሃዊ ውይይት ሁሉንም ድምፅ ያካትታል።,safe,ጥሩ ንግግር,none,የለም,No,የለም,none,የለም,zero,ዜሮ,English-Amharic,"Affirms dignity, cooperation, and mutual respect.",ክብርን፣ ትብብርን እና መከባበርን ያበረታታል።
1796,We should speak respectfully.,በክብር መናገር አለብን።,safe,ጥሩ ንግግር,none,የለም,No,የለም,none,የለም,zero,ዜሮ,English-Amharic,"Affirms dignity, cooperation, and mutual respect.",ክብርን፣ ትብብርን እና መከባበርን ያበረታታል።
1797,We should fear what they will do.,ምን እንደሚያደርጉ መፍራት አለብን።,hate_speech,የጥላቻ ንግግር,threat,ማስፈራሪያ,Yes,አዎ አለ,group,ቡድን,high,ከፍተኛ,English-Amharic,Frames the target as danger.,እንደ ስጋት ይቀርባል።
1798,We can solve this together.,ይህን በጋራ መፍታት እንችላለን።,safe,ጥሩ ንግግር,none,የለም,No,የለም,none,የለም,zero,ዜሮ,English-Amharic,"Affirms dignity, cooperation, and mutual respect.",ክብርን፣ ትብብርን እና መከባበርን ያበረታታል።
1799,They are not fully human.,እነሱ ሙሉ ሰው አይደሉም።,hate_speech,የጥላቻ ንግግር,dehumanization,ሰብዓዊነትን መንፈግ,Yes,አዎ አለ,group,ቡድን,high,ከፍተኛ,English-Amharic,Strips humanity from the target.,ሰውነትን ይክዳል።
1800,Let us work for peace.,ለሰላም በጋራ እንስራ።,safe,ጥሩ ንግግር,none,የለም,No,የለም,none,የለም,zero,ዜሮ,English-Amharic,"Affirms dignity, cooperation, and mutual respect.",ክብርን፣ ትብብርን እና መከባበርን ያበረታታል።
1801,Their kind always ruins everything.,የእነሱ ዓይነት ሁልጊዜ ሁሉንም ያበላሻል።,hate_speech,የጥላቻ ንግግር,stereotyping,የተዛባ አመለካከት,Yes,አዎ አለ,group,ቡድን,low,ዝቅተኛ,English-Amharic,Uses harmful group stereotype.,ለአንድ ቡድን ያለ የተዛባ አመለካከት።
1802,You have no place among us.,ከእኛ መካከል ቦታ የለህም።,hate_speech,የጥላቻ ንግግር,belonging denial,አባልነትን መከልከል,Yes,አዎ አለ,group,ቡድን,high,ከፍተኛ,English-Amharic,Denies membership and belonging.,አባልነትን እና ተሳትፎን ይከለክላል።
1803,A fair discussion includes every voice.,ፍትሃዊ ውይይት ሁሉንም ድምፅ ያካትታል።,safe,ጥሩ ንግግር,none,የለም,No,የለም,none,የለም,zero,ዜሮ,English-Amharic,"Affirms dignity, cooperation, and mutual respect.",ክብርን፣ ትብብርን እና መከባበርን ያበረታታል።
1804,We can disagree without hate.,ባንስማማም አለመጣላት እንችላለን።,safe,ጥሩ ንግግር,none,የለም,No,የለም,none,የለም,zero,ዜሮ,English-Amharic,"Affirms dignity, cooperation, and mutual respect.",ክብርን፣ ትብብርን እና መከባበርን ያበረታታል።
1805,You do not belong in this community.,በዚህ ማህበረሰብ ውስጥ አትገባም።,hate_speech,የጥላቻ ንግግር,belonging denial,አባልነትን መከልከል,Yes,አዎ አለ,group,ቡድን,high,ከፍተኛ,English-Amharic,Denies membership and belonging.,አባልነትን እና ተሳትፎን ይከለክላል።
1806,You have no place among us.,ከእኛ መካከል ቦታ የለህም።,hate_speech,የጥላቻ ንግግር,belonging denial,አባልነትን መከልከል,Yes,አዎ አለ,group,ቡድን,high,ከፍተኛ,English-Amharic,Denies membership and belonging.,አባልነትን እና ተሳትፎን ይከለክላል።
1807,You do not belong here.,ይህ የእናንተ ቦታ አይደለም።,hate_speech,የጥላቻ ንግግር,belonging denial,አባልነትን መከልከል,Yes,አዎ አለ,group,ቡድን,high,ከፍተኛ,English-Amharic,Denies membership and belonging.,አባልነትን እና ተሳትፎን ይከለክላል።
1808,Your voice does not matter here.,እዚህ ድምፅሽ ዋጋ የለውም።,hate_speech,የጥላቻ ንግግር,silencing,ዝም ማሰኘት,Yes,አዎ አለ,individual,ግለሰብ,low,ዝቅተኛ,English-Amharic,Suppresses participation and recognition.,ተሳትፎን እና እውቅናን ይከልክላል።
1809,You do not belong here.,ይህ የእናንተ ቦታ አይደለም።,hate_speech,የጥላቻ ንግግር,belonging denial,አባልነትን መከልከል,Yes,አዎ አለ,group,ቡድን,high,ከፍተኛ,English-Amharic,Denies membership and belonging.,አባልነትን እና ተሳትፎን ይከለክላል።
1810,We can disagree without hate.,ባንስማማም አለመጣላት እንችላለን።,safe,ጥሩ ንግግር,none,የለም,No,የለም,none,የለም,zero,ዜሮ,English-Amharic,"Affirms dignity, cooperation, and mutual respect.",ክብርን፣ ትብብርን እና መከባበርን ያበረታታል።
1811,Everyone deserves dignity.,ሁሉም ሰው ክብር ይገባዋል።,safe,ጥሩ ንግግር,none,የለም,No,የለም,none,የለም,zero,ዜሮ,English-Amharic,"Affirms dignity, cooperation, and mutual respect.",ክብርን፣ ትብብርን እና መከባበርን ያበረታታል።
1812,Everyone deserves dignity.,ሁሉም ሰው ክብር ይገባዋል።,safe,ጥሩ ንግግር,none,የለም,No,የለም,none,የለም,zero,ዜሮ,English-Amharic,"Affirms dignity, cooperation, and mutual respect.",ክብርን፣ ትብብርን እና መከባበርን ያበረታታል።
1813,They threaten our safety.,ደህንነታችንን ይሸብራሉ።,hate_speech,የጥላቻ ንግግር,threat,ማስፈራሪያ,Yes,አዎ አለ,group,ቡድን,high,ከፍተኛ,English-Amharic,Frames the target as danger.,እንደ ስጋት ይቀርባል።
1814,We should listen before judging.,ከመፍረድ በፊት ማዳመጥ አለብን።,safe,ጥሩ ንግግር,none,የለም,No,የለም,none,የለም,zero,ዜሮ,English-Amharic,"Affirms dignity, cooperation, and mutual respect.",ክብርን፣ ትብብርን እና መከባበርን ያበረታታል።
1815,We can solve this together.,ይህን በጋራ መፍታት እንችላለን።,safe,ጥሩ ንግግር,none,የለም,No,የለም,none,የለም,zero,ዜሮ,English-Amharic,"Affirms dignity, cooperation, and mutual respect.",ክብርን፣ ትብብርን እና መከባበርን ያበረታታል።
1816,You should be pushed out.,መባረር አለብህ።,hate_speech,የጥላቻ ንግግር,exclusion,ማግለል,Yes,አዎ አለ,group,ቡድን,high,ከፍተኛ,English-Amharic,Pushes removal and rejection.,ማግለልን እና መከልከልን ያበረታታል።
1817,They threaten our safety.,ደህንነታችንን ይሸብራሉ።,hate_speech,የጥላቻ ንግግር,threat,ማስፈራሪያ,Yes,አዎ አለ,group,ቡድን,high,ከፍተኛ,English-Amharic,Frames the target as danger.,እንደ ስጋት ይቀርባል።
1818,Let us find a solution that works for everyone.,ለሁሉም የሚሰራ መፍትሄ እንፈልግ።,safe,ጥሩ ንግግር,none,የለም,No,የለም,none,የለም,zero,ዜሮ,English-Amharic,"Affirms dignity, cooperation, and mutual respect.",ክብርን፣ ትብብርን እና መከባበርን ያበረታታል።
1819,You should be pushed out.,መባረር አለብህ።,hate_speech,የጥላቻ ንግግር,exclusion,ማግለል,Yes,አዎ አለ,group,ቡድን,high,ከፍተኛ,English-Amharic,Pushes removal and rejection.,ማግለልን እና መከልከልን ያበረታታል።
1820,Everyone deserves dignity.,ሁሉም ሰው ክብር ይገባዋል።,safe,ጥሩ ንግግር,none,የለም,No,የለም,none,የለም,zero,ዜሮ,English-Amharic,"Affirms dignity, cooperation, and mutual respect.",ክብርን፣ ትብብርን እና መከባበርን ያበረታታል።
1821,We should correct mistakes without humiliation.,ሰዎችን ሳናዋርድ ስህተትን ማስተካከል አለብን።,safe,ጥሩ ንግግር,none,የለም,No,የለም,none,የለም,zero,ዜሮ,English-Amharic,"Affirms dignity, cooperation, and mutual respect.",ክብርን፣ ትብብርን እና መከባበርን ያበረታታል።
1822,Your voice does not matter here.,እዚህ ድምፅሽ ዋጋ የለውም።,hate_speech,የጥላቻ ንግግር,silencing,ዝም ማሰኘት,Yes,አዎ አለ,individual,ግለሰብ,low,ዝቅተኛ,English-Amharic,Suppresses participation and recognition.,ተሳትፎን እና እውቅናን ይከልክላል።
1823,They are not fully human.,እነሱ ሙሉ ሰው አይደሉም።,hate_speech,የጥላቻ ንግግር,dehumanization,ሰብዓዊነትን መንፈግ,Yes,አዎ አለ,group,ቡድን,high,ከፍተኛ,English-Amharic,Strips humanity from the target.,ሰውነትን ይክዳል።
1824,We should listen before judging.,ከመፍረድ በፊት ማዳመጥ አለብን።,safe,ጥሩ ንግግር,none,የለም,No,የለም,none,የለም,zero,ዜሮ,English-Amharic,"Affirms dignity, cooperation, and mutual respect.",ክብርን፣ ትብብርን እና መከባበርን ያበረታታል።
1825,They are not real people.,እውነተኛ ሰው አይደሉም።,hate_speech,የጥላቻ ንግግር,dehumanization,ሰብዓዊነትን መንፈግ,Yes,አዎ አለ,group,ቡድን,high,ከፍተኛ,English-Amharic,Strips humanity from the target.,ሰውነትን ይክዳል።
1826,A fair discussion includes every voice.,ፍትሃዊ ውይይት ሁሉንም ድምፅ ያካትታል።,safe,ጥሩ ንግግር,none,የለም,No,የለም,none,የለም,zero,ዜሮ,English-Amharic,"Affirms dignity, cooperation, and mutual respect.",ክብርን፣ ትብብርን እና መከባበርን ያበረታታል።
1827,They are not fully human.,እነሱ ሙሉ ሰው አይደሉም።,hate_speech,የጥላቻ ንግግር,dehumanization,ሰብዓዊነትን መንፈግ,Yes,አዎ አለ,group,ቡድን,high,ከፍተኛ,English-Amharic,Strips humanity from the target.,ሰውነትን ይክዳል።
1828,They threaten our safety.,ደህንነታችንን ይሸብራሉ።,hate_speech,የጥላቻ ንግግር,threat,ማስፈራሪያ,Yes,አዎ አለ,group,ቡድን,high,ከፍተኛ,English-Amharic,Frames the target as danger.,እንደ ስጋት ይቀርባል።
1829,Nobody wants to hear you.,ማንም ሊሰማሽ አይፈልግም።,hate_speech,የጥላቻ ንግግር,silencing,ዝም ማሰኘት,Yes,አዎ አለ,individual,ግለሰብ,low,ዝቅተኛ,English-Amharic,Suppresses participation and recognition.,ተሳትፎን እና እውቅናን ይከልክላል።
1830,Let us find a solution that works for everyone.,ለሁሉም የሚሰራ መፍትሄ እንፈልግ።,safe,ጥሩ ንግግር,none,የለም,No,የለም,none,የለም,zero,ዜሮ,English-Amharic,"Affirms dignity, cooperation, and mutual respect.",ክብርን፣ ትብብርን እና መከባበርን ያበረታታል።
1831,That group is always the problem.,ያ ቡድን ሁልጊዜ ችግር ነው።,hate_speech,የጥላቻ ንግግር,stereotyping,የተዛባ አመለካከት,Yes,አዎ አለ,group,ቡድን,low,ዝቅተኛ,English-Amharic,Uses harmful group stereotype.,ለአንድ ቡድን ያለ የተዛባ አመለካከት።
1832,Everyone has value in this room.,በዚህ ክፍል ያለ ሁሉም ሰው ዋጋ አለው።,safe,ጥሩ ንግግር,none,የለም,No,የለም,none,የለም,zero,ዜሮ,English-Amharic,"Affirms dignity, cooperation, and mutual respect.",ክብርን፣ ትብብርን እና መከባበርን ያበረታታል።
1833,Everyone deserves dignity.,ሁሉም ሰው ክብር ይገባዋል።,safe,ጥሩ ንግግር,none,የለም,No,የለም,none,የለም,zero,ዜሮ,English-Amharic,"Affirms dignity, cooperation, and mutual respect.",ክብርን፣ ትብብርን እና መከባበርን ያበረታታል።
1834,They are less than human.,ከሰው በታች ናቸው።,hate_speech,የጥላቻ ንግግር,dehumanization,ሰብዓዊነትን መንፈግ,Yes,አዎ አለ,group,ቡድን,high,ከፍተኛ,English-Amharic,Strips humanity from the target.,ሰውነትን ይክዳል።
1835,Your voice does not matter here.,እዚህ ድምፅሽ ዋጋ የለውም።,hate_speech,የጥላቻ ንግግር,silencing,ዝም ማሰኘት,Yes,አዎ አለ,individual,ግለሰብ,low,ዝቅተኛ,English-Amharic,Suppresses participation and recognition.,ተሳትፎን እና እውቅናን ይከልክላል።
1836,We can disagree without hate.,ባንስማማም አለመጣላት እንችላለን።,safe,ጥሩ ንግግር,none,የለም,No,የለም,none,የለም,zero,ዜሮ,English-Amharic,"Affirms dignity, cooperation, and mutual respect.",ክብርን፣ ትብብርን እና መከባበርን ያበረታታል።
1837,Let us work for peace.,ለሰላም በጋራ እንስራ።,safe,ጥሩ ንግግር,none,የለም,No,የለም,none,የለም,zero,ዜሮ,English-Amharic,"Affirms dignity, cooperation, and mutual respect.",ክብርን፣ ትብብርን እና መከባበርን ያበረታታል።
1838,Your voice does not matter here.,እዚህ ድምፅሽ ዋጋ የለውም።,hate_speech,የጥላቻ ንግግር,silencing,ዝም ማሰኘት,Yes,አዎ አለ,individual,ግለሰብ,low,ዝቅተኛ,English-Amharic,Suppresses participation and recognition.,ተሳትፎን እና እውቅናን ይከልክላል።
1839,Nobody wants to hear you.,ማንም ሊሰማሽ አይፈልግም።,hate_speech,የጥላቻ ንግግር,silencing,ዝም ማሰኘት,Yes,አዎ አለ,individual,ግለሰብ,low,ዝቅተኛ,English-Amharic,Suppresses participation and recognition.,ተሳትፎን እና እውቅናን ይከልክላል።
1840,Everyone has value in this room.,በዚህ ክፍል ያለ ሁሉም ሰው ዋጋ አለው።,safe,ጥሩ ንግግር,none,የለም,No,የለም,none,የለም,zero,ዜሮ,English-Amharic,"Affirms dignity, cooperation, and mutual respect.",ክብርን፣ ትብብርን እና መከባበርን ያበረታታል።
1841,They are not fully human.,እነሱ ሙሉ ሰው አይደሉም።,hate_speech,የጥላቻ ንግግር,dehumanization,ሰብዓዊነትን መንፈግ,Yes,አዎ አለ,group,ቡድን,high,ከፍተኛ,English-Amharic,Strips humanity from the target.,ሰውነትን ይክዳል።
1842,You should stay silent.,ዝም በይ።,hate_speech,የጥላቻ ንግግር,silencing,ዝም ማሰኘት,Yes,አዎ አለ,individual,ግለሰብ,low,ዝቅተኛ,English-Amharic,Suppresses participation and recognition.,ተሳትፎን እና እውቅናን ይከልክላል።
1843,They are not fully human.,እነሱ ሙሉ ሰው አይደሉም።,hate_speech,የጥላቻ ንግግር,dehumanization,ሰብዓዊነትን መንፈግ,Yes,አዎ አለ,group,ቡድን,high,ከፍተኛ,English-Amharic,Strips humanity from the target.,ሰውነትን ይክዳል።
1844,We should listen before judging.,ከመፍረድ በፊት ማዳመጥ አለብን።,safe,ጥሩ ንግግር,none,የለም,No,የለም,none,የለም,zero,ዜሮ,English-Amharic,"Affirms dignity, cooperation, and mutual respect.",ክብርን፣ ትብብርን እና መከባበርን ያበረታታል።
1845,People like them always cause trouble.,እንደ እነሱ ያሉ ሰዎች ሁልጊዜ ችግር ያመጣሉ።,hate_speech,የጥላቻ ንግግር,stereotyping,የተዛባ አመለካከት,Yes,አዎ አለ,group,ቡድን,low,ዝቅተኛ,English-Amharic,Uses harmful group stereotype.,ለአንድ ቡድን ያለ የተዛባ አመለካከት።
1846,Every person should be heard.,እያንዳንዱ ሰው መሰማት አለበት።,safe,ጥሩ ንግግር,none,የለም,No,የለም,none,የለም,zero,ዜሮ,English-Amharic,"Affirms dignity, cooperation, and mutual respect.",ክብርን፣ ትብብርን እና መከባበርን ያበረታታል።
1847,Let us work for peace.,ለሰላም በጋራ እንስራ።,safe,ጥሩ ንግግር,none,የለም,No,የለም,none,የለም,zero,ዜሮ,English-Amharic,"Affirms dignity, cooperation, and mutual respect.",ክብርን፣ ትብብርን እና መከባበርን ያበረታታል።
1848,Your voice does not matter here.,እዚህ ድምፅሽ ዋጋ የለውም።,hate_speech,የጥላቻ ንግግር,silencing,ዝም ማሰኘት,Yes,አዎ አለ,individual,ግለሰብ,low,ዝቅተኛ,English-Amharic,Suppresses participation and recognition.,ተሳትፎን እና እውቅናን ይከልክላል።
1849,People deserve fairness and care.,ሰዎች ፍትሃዊነት እና እንክብካቤ ይገባቸዋል።,safe,ጥሩ ንግግር,none,የለም,No,የለም,none,የለም,zero,ዜሮ,English-Amharic,"Affirms dignity, cooperation, and mutual respect.",ክብርን፣ ትብብርን እና መከባበርን ያበረታታል።
1850,People deserve fairness and care.,ሰዎች ፍትሃዊነት እና እንክብካቤ ይገባቸዋል።,safe,ጥሩ ንግግር,none,የለም,No,የለም,none,የለም,zero,ዜሮ,English-Amharic,"Affirms dignity, cooperation, and mutual respect.",ክብርን፣ ትብብርን እና መከባበርን ያበረታታል።
1851,Everyone has value in this room.,በዚህ ክፍል ያለ ሁሉም ሰው ዋጋ አለው።,safe,ጥሩ ንግግር,none,የለም,No,የለም,none,የለም,zero,ዜሮ,English-Amharic,"Affirms dignity, cooperation, and mutual respect.",ክብርን፣ ትብብርን እና መከባበርን ያበረታታል።
1852,We should listen before judging.,ከመፍረድ በፊት ማዳመጥ አለብን።,safe,ጥሩ ንግግር,none,የለም,No,የለም,none,የለም,zero,ዜሮ,English-Amharic,"Affirms dignity, cooperation, and mutual respect.",ክብርን፣ ትብብርን እና መከባበርን ያበረታታል።
1853,You do not belong here.,ይህ የእናንተ ቦታ አይደለም።,hate_speech,የጥላቻ ንግግር,belonging denial,አባልነትን መከልከል,Yes,አዎ አለ,group,ቡድን,high,ከፍተኛ,English-Amharic,Denies membership and belonging.,አባልነትን እና ተሳትፎን ይከለክላል።
1854,We should speak respectfully.,በክብር መናገር አለብን።,safe,ጥሩ ንግግር,none,የለም,No,የለም,none,የለም,zero,ዜሮ,English-Amharic,"Affirms dignity, cooperation, and mutual respect.",ክብርን፣ ትብብርን እና መከባበርን ያበረታታል።
1855,We should correct mistakes without humiliation.,ሰዎችን ሳናዋርድ ስህተትን ማስተካከል አለብን።,safe,ጥሩ ንግግር,none,የለም,No,የለም,none,የለም,zero,ዜሮ,English-Amharic,"Affirms dignity, cooperation, and mutual respect.",ክብርን፣ ትብብርን እና መከባበርን ያበረታታል።
1856,Respect helps communities grow stronger.,ክብር ማህበረሰቦችን ያጠናክራል።,safe,ጥሩ ንግግር,none,የለም,No,የለም,none,የለም,zero,ዜሮ,English-Amharic,"Affirms dignity, cooperation, and mutual respect.",ክብርን፣ ትብብርን እና መከባበርን ያበረታታል።
1857,People deserve fairness and care.,ሰዎች ፍትሃዊነት እና እንክብካቤ ይገባቸዋል።,safe,ጥሩ ንግግር,none,የለም,No,የለም,none,የለም,zero,ዜሮ,English-Amharic,"Affirms dignity, cooperation, and mutual respect.",ክብርን፣ ትብብርን እና መከባበርን ያበረታታል።
1858,We should correct mistakes without humiliation.,ሰዎችን ሳናዋርድ ስህተትን ማስተካከል አለብን።,safe,ጥሩ ንግግር,none,የለም,No,የለም,none,የለም,zero,ዜሮ,English-Amharic,"Affirms dignity, cooperation, and mutual respect.",ክብርን፣ ትብብርን እና መከባበርን ያበረታታል።
1859,Let us find a solution that works for everyone.,ለሁሉም የሚሰራ መፍትሄ እንፈልግ።,safe,ጥሩ ንግግር,none,የለም,No,የለም,none,የለም,zero,ዜሮ,English-Amharic,"Affirms dignity, cooperation, and mutual respect.",ክብርን፣ ትብብርን እና መከባበርን ያበረታታል።
1860,That group is always the problem.,ያ ቡድን ሁልጊዜ ችግር ነው።,hate_speech,የጥላቻ ንግግር,stereotyping,የተዛባ አመለካከት,Yes,አዎ አለ,group,ቡድን,low,ዝቅተኛ,English-Amharic,Uses harmful group stereotype.,ለአንድ ቡድን ያለ የተዛባ አመለካከት።
1861,That group is always the problem.,ያ ቡድን ሁልጊዜ ችግር ነው።,hate_speech,የጥላቻ ንግግር,stereotyping,የተዛባ አመለካከት,Yes,አዎ አለ,group,ቡድን,low,ዝቅተኛ,English-Amharic,Uses harmful group stereotype.,ለአንድ ቡድን ያለ የተዛባ አመለካከት።
1862,Everyone has value in this room.,በዚህ ክፍል ያለ ሁሉም ሰው ዋጋ አለው።,safe,ጥሩ ንግግር,none,የለም,No,የለም,none,የለም,zero,ዜሮ,English-Amharic,"Affirms dignity, cooperation, and mutual respect.",ክብርን፣ ትብብርን እና መከባበርን ያበረታታል።
1863,A fair discussion includes every voice.,ፍትሃዊ ውይይት ሁሉንም ድምፅ ያካትታል።,safe,ጥሩ ንግግር,none,የለም,No,የለም,none,የለም,zero,ዜሮ,English-Amharic,"Affirms dignity, cooperation, and mutual respect.",ክብርን፣ ትብብርን እና መከባበርን ያበረታታል።
1864,That group is always the problem.,ያ ቡድን ሁልጊዜ ችግር ነው።,hate_speech,የጥላቻ ንግግር,stereotyping,የተዛባ አመለካከት,Yes,አዎ አለ,group,ቡድን,low,ዝቅተኛ,English-Amharic,Uses harmful group stereotype.,ለአንድ ቡድን ያለ የተዛባ አመለካከት።
1865,They are less than human.,ከሰው በታች ናቸው።,hate_speech,የጥላቻ ንግግር,dehumanization,ሰብዓዊነትን መንፈግ,Yes,አዎ አለ,group,ቡድን,high,ከፍተኛ,English-Amharic,Strips humanity from the target.,ሰውነትን ይክዳል።
1866,Everyone has value in this room.,በዚህ ክፍል ያለ ሁሉም ሰው ዋጋ አለው።,safe,ጥሩ ንግግር,none,የለም,No,የለም,none,የለም,zero,ዜሮ,English-Amharic,"Affirms dignity, cooperation, and mutual respect.",ክብርን፣ ትብብርን እና መከባበርን ያበረታታል።
1867,You have no place among us.,ከእኛ መካከል ቦታ የለህም።,hate_speech,የጥላቻ ንግግር,belonging denial,አባልነትን መከልከል,Yes,አዎ አለ,group,ቡድን,high,ከፍተኛ,English-Amharic,Denies membership and belonging.,አባልነትን እና ተሳትፎን ይከለክላል።
1868,That group is always the problem.,ያ ቡድን ሁልጊዜ ችግር ነው።,hate_speech,የጥላቻ ንግግር,stereotyping,የተዛባ አመለካከት,Yes,አዎ አለ,group,ቡድን,low,ዝቅተኛ,English-Amharic,Uses harmful group stereotype.,ለአንድ ቡድን ያለ የተዛባ አመለካከት።
1869,You do not belong in this community.,በዚህ ማህበረሰብ ውስጥ አትገባም።,hate_speech,የጥላቻ ንግግር,belonging denial,አባልነትን መከልከል,Yes,አዎ አለ,group,ቡድን,high,ከፍተኛ,English-Amharic,Denies membership and belonging.,አባልነትን እና ተሳትፎን ይከለክላል።
1870,Let us find a solution that works for everyone.,ለሁሉም የሚሰራ መፍትሄ እንፈልግ።,safe,ጥሩ ንግግር,none,የለም,No,የለም,none,የለም,zero,ዜሮ,English-Amharic,"Affirms dignity, cooperation, and mutual respect.",ክብርን፣ ትብብርን እና መከባበርን ያበረታታል።
1871,Let us find a solution that works for everyone.,ለሁሉም የሚሰራ መፍትሄ እንፈልግ።,safe,ጥሩ ንግግር,none,የለም,No,የለም,none,የለም,zero,ዜሮ,English-Amharic,"Affirms dignity, cooperation, and mutual respect.",ክብርን፣ ትብብርን እና መከባበርን ያበረታታል።
1872,A fair discussion includes every voice.,ፍትሃዊ ውይይት ሁሉንም ድምፅ ያካትታል።,safe,ጥሩ ንግግር,none,የለም,No,የለም,none,የለም,zero,ዜሮ,English-Amharic,"Affirms dignity, cooperation, and mutual respect.",ክብርን፣ ትብብርን እና መከባበርን ያበረታታል።
1873,You have no place among us.,ከእኛ መካከል ቦታ የለህም።,hate_speech,የጥላቻ ንግግር,belonging denial,አባልነትን መከልከል,Yes,አዎ አለ,group,ቡድን,high,ከፍተኛ,English-Amharic,Denies membership and belonging.,አባልነትን እና ተሳትፎን ይከለክላል።
1874,You do not belong here.,ይህ የእናንተ ቦታ አይደለም።,hate_speech,የጥላቻ ንግግር,belonging denial,አባልነትን መከልከል,Yes,አዎ አለ,group,ቡድን,high,ከፍተኛ,English-Amharic,Denies membership and belonging.,አባልነትን እና ተሳትፎን ይከለክላል።
1875,People deserve fairness and care.,ሰዎች ፍትሃዊነት እና እንክብካቤ ይገባቸዋል።,safe,ጥሩ ንግግር,none,የለም,No,የለም,none,የለም,zero,ዜሮ,English-Amharic,"Affirms dignity, cooperation, and mutual respect.",ክብርን፣ ትብብርን እና መከባበርን ያበረታታል።
1876,People like them always cause trouble.,እንደ እነሱ ያሉ ሰዎች ሁልጊዜ ችግር ያመጣሉ።,hate_speech,የጥላቻ ንግግር,stereotyping,የተዛባ አመለካከት,Yes,አዎ አለ,group,ቡድን,low,ዝቅተኛ,English-Amharic,Uses harmful group stereotype.,ለአንድ ቡድን ያለ የተዛባ አመለካከት።
1877,A fair discussion includes every voice.,ፍትሃዊ ውይይት ሁሉንም ድምፅ ያካትታል።,safe,ጥሩ ንግግር,none,የለም,No,የለም,none,የለም,zero,ዜሮ,English-Amharic,"Affirms dignity, cooperation, and mutual respect.",ክብርን፣ ትብብርን እና መከባበርን ያበረታታል።
1878,Leave our community now.,ከማህበረሰባችን አሁን ውጣ።,hate_speech,የጥላቻ ንግግር,exclusion,ማግለል,Yes,አዎ አለ,group,ቡድን,high,ከፍተኛ,English-Amharic,Pushes removal and rejection.,ማግለልን እና መከልከልን ያበረታታል።
1879,You should stay silent.,ዝም በይ።,hate_speech,የጥላቻ ንግግር,silencing,ዝም ማሰኘት,Yes,አዎ አለ,individual,ግለሰብ,low,ዝቅተኛ,English-Amharic,Suppresses participation and recognition.,ተሳትፎን እና እውቅናን ይከልክላል።
1880,They threaten our safety.,ደህንነታችንን ይሸብራሉ።,hate_speech,የጥላቻ ንግግር,threat,ማስፈራሪያ,Yes,አዎ አለ,group,ቡድን,high,ከፍተኛ,English-Amharic,Frames the target as danger.,እንደ ስጋት ይቀርባል።
1881,Their kind always ruins everything.,የእነሱ ዓይነት ሁልጊዜ ሁሉንም ያበላሻል።,hate_speech,የጥላቻ ንግግር,stereotyping,የተዛባ አመለካከት,Yes,አዎ አለ,group,ቡድን,low,ዝቅተኛ,English-Amharic,Uses harmful group stereotype.,ለአንድ ቡድን ያለ የተዛባ አመለካከት።
1882,You do not belong in this community.,በዚህ ማህበረሰብ ውስጥ አትገባም።,hate_speech,የጥላቻ ንግግር,belonging denial,አባልነትን መከልከል,Yes,አዎ አለ,group,ቡድን,high,ከፍተኛ,English-Amharic,Denies membership and belonging.,አባልነትን እና ተሳትፎን ይከለክላል።
1883,Their kind always ruins everything.,የእነሱ ዓይነት ሁልጊዜ ሁሉንም ያበላሻል።,hate_speech,የጥላቻ ንግግር,stereotyping,የተዛባ አመለካከት,Yes,አዎ አለ,group,ቡድን,low,ዝቅተኛ,English-Amharic,Uses harmful group stereotype.,ለአንድ ቡድን ያለ የተዛባ አመለካከት።
1884,Your voice does not matter here.,እዚህ ድምፅሽ ዋጋ የለውም።,hate_speech,የጥላቻ ንግግር,silencing,ዝም ማሰኘት,Yes,አዎ አለ,individual,ግለሰብ,low,ዝቅተኛ,English-Amharic,Suppresses participation and recognition.,ተሳትፎን እና እውቅናን ይከልክላል።
1885,Get out of our space.,ከቦታችን ውጣ።,hate_speech,የጥላቻ ንግግር,exclusion,ማግለል,Yes,አዎ አለ,group,ቡድን,high,ከፍተኛ,English-Amharic,Pushes removal and rejection.,ማግለልን እና መከልከልን ያበረታታል።
1886,Every person should be heard.,እያንዳንዱ ሰው መሰማት አለበት።,safe,ጥሩ ንግግር,none,የለም,No,የለም,none,የለም,zero,ዜሮ,English-Amharic,"Affirms dignity, cooperation, and mutual respect.",ክብርን፣ ትብብርን እና መከባበርን ያበረታታል።
1887,We should correct mistakes without humiliation.,ሰዎችን ሳናዋርድ ስህተትን ማስተካከል አለብን።,safe,ጥሩ ንግግር,none,የለም,No,የለም,none,የለም,zero,ዜሮ,English-Amharic,"Affirms dignity, cooperation, and mutual respect.",ክብርን፣ ትብብርን እና መከባበርን ያበረታታል።
1888,You should stay silent.,ዝም በይ።,hate_speech,የጥላቻ ንግግር,silencing,ዝም ማሰኘት,Yes,አዎ አለ,individual,ግለሰብ,low,ዝቅተኛ,English-Amharic,Suppresses participation and recognition.,ተሳትፎን እና እውቅናን ይከልክላል።
1889,Respect helps communities grow stronger.,ክብር ማህበረሰቦችን ያጠናክራል።,safe,ጥሩ ንግግር,none,የለም,No,የለም,none,የለም,zero,ዜሮ,English-Amharic,"Affirms dignity, cooperation, and mutual respect.",ክብርን፣ ትብብርን እና መከባበርን ያበረታታል።
1890,They are a danger to everyone.,እነሱ ለሁሉም ስጋት ናቸው።,hate_speech,የጥላቻ ንግግር,threat,ማስፈራሪያ,Yes,አዎ አለ,group,ቡድን,high,ከፍተኛ,English-Amharic,Frames the target as danger.,እንደ ስጋት ይቀርባል።
1891,You should stay silent.,ዝም በይ።,hate_speech,የጥላቻ ንግግር,silencing,ዝም ማሰኘት,Yes,አዎ አለ,individual,ግለሰብ,low,ዝቅተኛ,English-Amharic,Suppresses participation and recognition.,ተሳትፎን እና እውቅናን ይከልክላል።
1892,We should correct mistakes without humiliation.,ሰዎችን ሳናዋርድ ስህተትን ማስተካከል አለብን።,safe,ጥሩ ንግግር,none,የለም,No,የለም,none,የለም,zero,ዜሮ,English-Amharic,"Affirms dignity, cooperation, and mutual respect.",ክብርን፣ ትብብርን እና መከባበርን ያበረታታል።
1893,A fair discussion includes every voice.,ፍትሃዊ ውይይት ሁሉንም ድምፅ ያካትታል።,safe,ጥሩ ንግግር,none,የለም,No,የለም,none,የለም,zero,ዜሮ,English-Amharic,"Affirms dignity, cooperation, and mutual respect.",ክብርን፣ ትብብርን እና መከባበርን ያበረታታል።
1894,Everyone deserves dignity.,ሁሉም ሰው ክብር ይገባዋል።,safe,ጥሩ ንግግር,none,የለም,No,የለም,none,የለም,zero,ዜሮ,English-Amharic,"Affirms dignity, cooperation, and mutual respect.",ክብርን፣ ትብብርን እና መከባበርን ያበረታታል።
1895,We can disagree without hate.,ባንስማማም አለመጣላት እንችላለን።,safe,ጥሩ ንግግር,none,የለም,No,የለም,none,የለም,zero,ዜሮ,English-Amharic,"Affirms dignity, cooperation, and mutual respect.",ክብርን፣ ትብብርን እና መከባበርን ያበረታታል።
1896,Get out of our space.,ከቦታችን ውጣ።,hate_speech,የጥላቻ ንግግር,exclusion,ማግለል,Yes,አዎ አለ,group,ቡድን,high,ከፍተኛ,English-Amharic,Pushes removal and rejection.,ማግለልን እና መከልከልን ያበረታታል።
1897,We should treat people fairly.,ሰዎችን በፍትሃዊነት ማየት አለብን።,safe,ጥሩ ንግግር,none,የለም,No,የለም,none,የለም,zero,ዜሮ,English-Amharic,"Affirms dignity, cooperation, and mutual respect.",ክብርን፣ ትብብርን እና መከባበርን ያበረታታል።
1898,They are not real people.,እውነተኛ ሰው አይደሉም።,hate_speech,የጥላቻ ንግግር,dehumanization,ሰብዓዊነትን መንፈግ,Yes,አዎ አለ,group,ቡድን,high,ከፍተኛ,English-Amharic,Strips humanity from the target.,ሰውነትን ይክዳል።
1899,Different views can still be handled kindly.,የተለያዩ አስተያየቶች በበጎ ሊታዩ ይችላሉ።,safe,ጥሩ ንግግር,none,የለም,No,የለም,none,የለም,zero,ዜሮ,English-Amharic,"Affirms dignity, cooperation, and mutual respect.",ክብርን፣ ትብብርን እና መከባበርን ያበረታታል።
1900,We should fear what they will do.,ምን እንደሚያደርጉ መፍራት አለብን።,hate_speech,የጥላቻ ንግግር,threat,ማስፈራሪያ,Yes,አዎ አለ,group,ቡድን,high,ከፍተኛ,English-Amharic,Frames the target as danger.,እንደ ስጋት ይቀርባል።
1901,Different views can still be handled kindly.,የተለያዩ አስተያየቶች በበጎ ሊታዩ ይችላሉ።,safe,ጥሩ ንግግር,none,የለም,No,የለም,none,የለም,zero,ዜሮ,English-Amharic,"Affirms dignity, cooperation, and mutual respect.",ክብርን፣ ትብብርን እና መከባበርን ያበረታታል።
1902,Your voice does not matter here.,እዚህ ድምፅሽ ዋጋ የለውም።,hate_speech,የጥላቻ ንግግር,silencing,ዝም ማሰኘት,Yes,አዎ አለ,individual,ግለሰብ,low,ዝቅተኛ,English-Amharic,Suppresses participation and recognition.,ተሳትፎን እና እውቅናን ይከልክላል።
1903,We should correct mistakes without humiliation.,ሰዎችን ሳናዋርድ ስህተትን ማስተካከል አለብን።,safe,ጥሩ ንግግር,none,የለም,No,የለም,none,የለም,zero,ዜሮ,English-Amharic,"Affirms dignity, cooperation, and mutual respect.",ክብርን፣ ትብብርን እና መከባበርን ያበረታታል።
1904,Everyone deserves dignity.,ሁሉም ሰው ክብር ይገባዋል።,safe,ጥሩ ንግግር,none,የለም,No,የለም,none,የለም,zero,ዜሮ,English-Amharic,"Affirms dignity, cooperation, and mutual respect.",ክብርን፣ ትብብርን እና መከባበርን ያበረታታል።
1905,Different views can still be handled kindly.,የተለያዩ አስተያየቶች በበጎ ሊታዩ ይችላሉ።,safe,ጥሩ ንግግር,none,የለም,No,የለም,none,የለም,zero,ዜሮ,English-Amharic,"Affirms dignity, cooperation, and mutual respect.",ክብርን፣ ትብብርን እና መከባበርን ያበረታታል።
1906,Their kind always ruins everything.,የእነሱ ዓይነት ሁልጊዜ ሁሉንም ያበላሻል።,hate_speech,የጥላቻ ንግግር,stereotyping,የተዛባ አመለካከት,Yes,አዎ አለ,group,ቡድን,low,ዝቅተኛ,English-Amharic,Uses harmful group stereotype.,ለአንድ ቡድን ያለ የተዛባ አመለካከት።
1907,We should listen before judging.,ከመፍረድ በፊት ማዳመጥ አለብን።,safe,ጥሩ ንግግር,none,የለም,No,የለም,none,የለም,zero,ዜሮ,English-Amharic,"Affirms dignity, cooperation, and mutual respect.",ክብርን፣ ትብብርን እና መከባበርን ያበረታታል።
1908,Nobody wants to hear you.,ማንም ሊሰማሽ አይፈልግም።,hate_speech,የጥላቻ ንግግር,silencing,ዝም ማሰኘት,Yes,አዎ አለ,individual,ግለሰብ,low,ዝቅተኛ,English-Amharic,Suppresses participation and recognition.,ተሳትፎን እና እውቅናን ይከልክላል።
1909,That group is always the problem.,ያ ቡድን ሁልጊዜ ችግር ነው።,hate_speech,የጥላቻ ንግግር,stereotyping,የተዛባ አመለካከት,Yes,አዎ አለ,group,ቡድን,low,ዝቅተኛ,English-Amharic,Uses harmful group stereotype.,ለአንድ ቡድን ያለ የተዛባ አመለካከት።
1910,That group is always the problem.,ያ ቡድን ሁልጊዜ ችግር ነው።,hate_speech,የጥላቻ ንግግር,stereotyping,የተዛባ አመለካከት,Yes,አዎ አለ,group,ቡድን,low,ዝቅተኛ,English-Amharic,Uses harmful group stereotype.,ለአንድ ቡድን ያለ የተዛባ አመለካከት።
1911,You do not belong in this community.,በዚህ ማህበረሰብ ውስጥ አትገባም።,hate_speech,የጥላቻ ንግግር,belonging denial,አባልነትን መከልከል,Yes,አዎ አለ,group,ቡድን,high,ከፍተኛ,English-Amharic,Denies membership and belonging.,አባልነትን እና ተሳትፎን ይከለክላል።
1912,Nobody wants to hear you.,ማንም ሊሰማሽ አይፈልግም።,hate_speech,የጥላቻ ንግግር,silencing,ዝም ማሰኘት,Yes,አዎ አለ,individual,ግለሰብ,low,ዝቅተኛ,English-Amharic,Suppresses participation and recognition.,ተሳትፎን እና እውቅናን ይከልክላል።
1913,Respect helps communities grow stronger.,ክብር ማህበረሰቦችን ያጠናክራል።,safe,ጥሩ ንግግር,none,የለም,No,የለም,none,የለም,zero,ዜሮ,English-Amharic,"Affirms dignity, cooperation, and mutual respect.",ክብርን፣ ትብብርን እና መከባበርን ያበረታታል።
1914,Nobody wants to hear you.,ማንም ሊሰማሽ አይፈልግም።,hate_speech,የጥላቻ ንግግር,silencing,ዝም ማሰኘት,Yes,አዎ አለ,individual,ግለሰብ,low,ዝቅተኛ,English-Amharic,Suppresses participation and recognition.,ተሳትፎን እና እውቅናን ይከልክላል።
1915,We should treat people fairly.,ሰዎችን በፍትሃዊነት ማየት አለብን።,safe,ጥሩ ንግግር,none,የለም,No,የለም,none,የለም,zero,ዜሮ,English-Amharic,"Affirms dignity, cooperation, and mutual respect.",ክብርን፣ ትብብርን እና መከባበርን ያበረታታል።
1916,Let us work for peace.,ለሰላም በጋራ እንስራ።,safe,ጥሩ ንግግር,none,የለም,No,የለም,none,የለም,zero,ዜሮ,English-Amharic,"Affirms dignity, cooperation, and mutual respect.",ክብርን፣ ትብብርን እና መከባበርን ያበረታታል።
1917,They are less than human.,ከሰው በታች ናቸው።,hate_speech,የጥላቻ ንግግር,dehumanization,ሰብዓዊነትን መንፈግ,Yes,አዎ አለ,group,ቡድን,high,ከፍተኛ,English-Amharic,Strips humanity from the target.,ሰውነትን ይክዳል።
1918,Different views can still be handled kindly.,የተለያዩ አስተያየቶች በበጎ ሊታዩ ይችላሉ።,safe,ጥሩ ንግግር,none,የለም,No,የለም,none,የለም,zero,ዜሮ,English-Amharic,"Affirms dignity, cooperation, and mutual respect.",ክብርን፣ ትብብርን እና መከባበርን ያበረታታል።
1919,We should correct mistakes without humiliation.,ሰዎችን ሳናዋርድ ስህተትን ማስተካከል አለብን።,safe,ጥሩ ንግግር,none,የለም,No,የለም,none,የለም,zero,ዜሮ,English-Amharic,"Affirms dignity, cooperation, and mutual respect.",ክብርን፣ ትብብርን እና መከባበርን ያበረታታል።
1920,Nobody wants to hear you.,ማንም ሊሰማሽ አይፈልግም።,hate_speech,የጥላቻ ንግግር,silencing,ዝም ማሰኘት,Yes,አዎ አለ,individual,ግለሰብ,low,ዝቅተኛ,English-Amharic,Suppresses participation and recognition.,ተሳትፎን እና እውቅናን ይከልክላል።
1921,Get out of our space.,ከቦታችን ውጣ።,hate_speech,የጥላቻ ንግግር,exclusion,ማግለል,Yes,አዎ አለ,group,ቡድን,high,ከፍተኛ,English-Amharic,Pushes removal and rejection.,ማግለልን እና መከልከልን ያበረታታል።
1922,A fair discussion includes every voice.,ፍትሃዊ ውይይት ሁሉንም ድምፅ ያካትታል።,safe,ጥሩ ንግግር,none,የለም,No,የለም,none,የለም,zero,ዜሮ,English-Amharic,"Affirms dignity, cooperation, and mutual respect.",ክብርን፣ ትብብርን እና መከባበርን ያበረታታል።
1923,We can disagree without hate.,ባንስማማም አለመጣላት እንችላለን።,safe,ጥሩ ንግግር,none,የለም,No,የለም,none,የለም,zero,ዜሮ,English-Amharic,"Affirms dignity, cooperation, and mutual respect.",ክብርን፣ ትብብርን እና መከባበርን ያበረታታል።
1924,You do not belong in this community.,በዚህ ማህበረሰብ ውስጥ አትገባም።,hate_speech,የጥላቻ ንግግር,belonging denial,አባልነትን መከልከል,Yes,አዎ አለ,group,ቡድን,high,ከፍተኛ,English-Amharic,Denies membership and belonging.,አባልነትን እና ተሳትፎን ይከለክላል።
1925,They are not real people.,እውነተኛ ሰው አይደሉም።,hate_speech,የጥላቻ ንግግር,dehumanization,ሰብዓዊነትን መንፈግ,Yes,አዎ አለ,group,ቡድን,high,ከፍተኛ,English-Amharic,Strips humanity from the target.,ሰውነትን ይክዳል።
1926,You should stay silent.,ዝም በይ።,hate_speech,የጥላቻ ንግግር,silencing,ዝም ማሰኘት,Yes,አዎ አለ,individual,ግለሰብ,low,ዝቅተኛ,English-Amharic,Suppresses participation and recognition.,ተሳትፎን እና እውቅናን ይከልክላል።
1927,You should be pushed out.,መባረር አለብህ።,hate_speech,የጥላቻ ንግግር,exclusion,ማግለል,Yes,አዎ አለ,group,ቡድን,high,ከፍተኛ,English-Amharic,Pushes removal and rejection.,ማግለልን እና መከልከልን ያበረታታል።
1928,Let us work for peace.,ለሰላም በጋራ እንስራ።,safe,ጥሩ ንግግር,none,የለም,No,የለም,none,የለም,zero,ዜሮ,English-Amharic,"Affirms dignity, cooperation, and mutual respect.",ክብርን፣ ትብብርን እና መከባበርን ያበረታታል።
1929,We should speak respectfully.,በክብር መናገር አለብን።,safe,ጥሩ ንግግር,none,የለም,No,የለም,none,የለም,zero,ዜሮ,English-Amharic,"Affirms dignity, cooperation, and mutual respect.",ክብርን፣ ትብብርን እና መከባበርን ያበረታታል።
1930,We can disagree without hate.,ባንስማማም አለመጣላት እንችላለን።,safe,ጥሩ ንግግር,none,የለም,No,የለም,none,የለም,zero,ዜሮ,English-Amharic,"Affirms dignity, cooperation, and mutual respect.",ክብርን፣ ትብብርን እና መከባበርን ያበረታታል።
1931,That group is always the problem.,ያ ቡድን ሁልጊዜ ችግር ነው።,hate_speech,የጥላቻ ንግግር,stereotyping,የተዛባ አመለካከት,Yes,አዎ አለ,group,ቡድን,low,ዝቅተኛ,English-Amharic,Uses harmful group stereotype.,ለአንድ ቡድን ያለ የተዛባ አመለካከት።
1932,Their kind always ruins everything.,የእነሱ ዓይነት ሁልጊዜ ሁሉንም ያበላሻል።,hate_speech,የጥላቻ ንግግር,stereotyping,የተዛባ አመለካከት,Yes,አዎ አለ,group,ቡድን,low,ዝቅተኛ,English-Amharic,Uses harmful group stereotype.,ለአንድ ቡድን ያለ የተዛባ አመለካከት።
1933,We should speak respectfully.,በክብር መናገር አለብን።,safe,ጥሩ ንግግር,none,የለም,No,የለም,none,የለም,zero,ዜሮ,English-Amharic,"Affirms dignity, cooperation, and mutual respect.",ክብርን፣ ትብብርን እና መከባበርን ያበረታታል።
1934,Let us work for peace.,ለሰላም በጋራ እንስራ።,safe,ጥሩ ንግግር,none,የለም,No,የለም,none,የለም,zero,ዜሮ,English-Amharic,"Affirms dignity, cooperation, and mutual respect.",ክብርን፣ ትብብርን እና መከባበርን ያበረታታል።
1935,We can disagree without hate.,ባንስማማም አለመጣላት እንችላለን።,safe,ጥሩ ንግግር,none,የለም,No,የለም,none,የለም,zero,ዜሮ,English-Amharic,"Affirms dignity, cooperation, and mutual respect.",ክብርን፣ ትብብርን እና መከባበርን ያበረታታል።
1936,You should be pushed out.,መባረር አለብህ።,hate_speech,የጥላቻ ንግግር,exclusion,ማግለል,Yes,አዎ አለ,group,ቡድን,high,ከፍተኛ,English-Amharic,Pushes removal and rejection.,ማግለልን እና መከልከልን ያበረታታል።
1937,They threaten our safety.,ደህንነታችንን ይሸብራሉ።,hate_speech,የጥላቻ ንግግር,threat,ማስፈራሪያ,Yes,አዎ አለ,group,ቡድን,high,ከፍተኛ,English-Amharic,Frames the target as danger.,እንደ ስጋት ይቀርባል።
1938,We should treat people fairly.,ሰዎችን በፍትሃዊነት ማየት አለብን።,safe,ጥሩ ንግግር,none,የለም,No,የለም,none,የለም,zero,ዜሮ,English-Amharic,"Affirms dignity, cooperation, and mutual respect.",ክብርን፣ ትብብርን እና መከባበርን ያበረታታል።
1939,We should listen before judging.,ከመፍረድ በፊት ማዳመጥ አለብን።,safe,ጥሩ ንግግር,none,የለም,No,የለም,none,የለም,zero,ዜሮ,English-Amharic,"Affirms dignity, cooperation, and mutual respect.",ክብርን፣ ትብብርን እና መከባበርን ያበረታታል።
1940,Let us find a solution that works for everyone.,ለሁሉም የሚሰራ መፍትሄ እንፈልግ።,safe,ጥሩ ንግግር,none,የለም,No,የለም,none,የለም,zero,ዜሮ,English-Amharic,"Affirms dignity, cooperation, and mutual respect.",ክብርን፣ ትብብርን እና መከባበርን ያበረታታል።
1941,Every person should be heard.,እያንዳንዱ ሰው መሰማት አለበት።,safe,ጥሩ ንግግር,none,የለም,No,የለም,none,የለም,zero,ዜሮ,English-Amharic,"Affirms dignity, cooperation, and mutual respect.",ክብርን፣ ትብብርን እና መከባበርን ያበረታታል።
1942,We should treat people fairly.,ሰዎችን በፍትሃዊነት ማየት አለብን።,safe,ጥሩ ንግግር,none,የለም,No,የለም,none,የለም,zero,ዜሮ,English-Amharic,"Affirms dignity, cooperation, and mutual respect.",ክብርን፣ ትብብርን እና መከባበርን ያበረታታል።
1943,We should speak respectfully.,በክብር መናገር አለብን።,safe,ጥሩ ንግግር,none,የለም,No,የለም,none,የለም,zero,ዜሮ,English-Amharic,"Affirms dignity, cooperation, and mutual respect.",ክብርን፣ ትብብርን እና መከባበርን ያበረታታል።
1944,We can solve this together.,ይህን በጋራ መፍታት እንችላለን።,safe,ጥሩ ንግግር,none,የለም,No,የለም,none,የለም,zero,ዜሮ,English-Amharic,"Affirms dignity, cooperation, and mutual respect.",ክብርን፣ ትብብርን እና መከባበርን ያበረታታል።
1945,Nobody wants to hear you.,ማንም ሊሰማሽ አይፈልግም።,hate_speech,የጥላቻ ንግግር,silencing,ዝም ማሰኘት,Yes,አዎ አለ,individual,ግለሰብ,low,ዝቅተኛ,English-Amharic,Suppresses participation and recognition.,ተሳትፎን እና እውቅናን ይከልክላል።
1946,We should speak respectfully.,በክብር መናገር አለብን።,safe,ጥሩ ንግግር,none,የለም,No,የለም,none,የለም,zero,ዜሮ,English-Amharic,"Affirms dignity, cooperation, and mutual respect.",ክብርን፣ ትብብርን እና መከባበርን ያበረታታል።
1947,We can disagree without hate.,ባንስማማም አለመጣላት እንችላለን።,safe,ጥሩ ንግግር,none,የለም,No,የለም,none,የለም,zero,ዜሮ,English-Amharic,"Affirms dignity, cooperation, and mutual respect.",ክብርን፣ ትብብርን እና መከባበርን ያበረታታል።
1948,We can solve this together.,ይህን በጋራ መፍታት እንችላለን።,safe,ጥሩ ንግግር,none,የለም,No,የለም,none,የለም,zero,ዜሮ,English-Amharic,"Affirms dignity, cooperation, and mutual respect.",ክብርን፣ ትብብርን እና መከባበርን ያበረታታል።
1949,That group is always the problem.,ያ ቡድን ሁልጊዜ ችግር ነው።,hate_speech,የጥላቻ ንግግር,stereotyping,የተዛባ አመለካከት,Yes,አዎ አለ,group,ቡድን,low,ዝቅተኛ,English-Amharic,Uses harmful group stereotype.,ለአንድ ቡድን ያለ የተዛባ አመለካከት።
1950,They are not real people.,እውነተኛ ሰው አይደሉም።,hate_speech,የጥላቻ ንግግር,dehumanization,ሰብዓዊነትን መንፈግ,Yes,አዎ አለ,group,ቡድን,high,ከፍተኛ,English-Amharic,Strips humanity from the target.,ሰውነትን ይክዳል።
1951,Get out of our space.,ከቦታችን ውጣ።,hate_speech,የጥላቻ ንግግር,exclusion,ማግለል,Yes,አዎ አለ,group,ቡድን,high,ከፍተኛ,English-Amharic,Pushes removal and rejection.,ማግለልን እና መከልከልን ያበረታታል።
1952,Different views can still be handled kindly.,የተለያዩ አስተያየቶች በበጎ ሊታዩ ይችላሉ።,safe,ጥሩ ንግግር,none,የለም,No,የለም,none,የለም,zero,ዜሮ,English-Amharic,"Affirms dignity, cooperation, and mutual respect.",ክብርን፣ ትብብርን እና መከባበርን ያበረታታል።
1953,Leave our community now.,ከማህበረሰባችን አሁን ውጣ።,hate_speech,የጥላቻ ንግግር,exclusion,ማግለል,Yes,አዎ አለ,group,ቡድን,high,ከፍተኛ,English-Amharic,Pushes removal and rejection.,ማግለልን እና መከልከልን ያበረታታል።
1954,We should fear what they will do.,ምን እንደሚያደርጉ መፍራት አለብን።,hate_speech,የጥላቻ ንግግር,threat,ማስፈራሪያ,Yes,አዎ አለ,group,ቡድን,high,ከፍተኛ,English-Amharic,Frames the target as danger.,እንደ ስጋት ይቀርባል።
1955,They are not real people.,እውነተኛ ሰው አይደሉም።,hate_speech,የጥላቻ ንግግር,dehumanization,ሰብዓዊነትን መንፈግ,Yes,አዎ አለ,group,ቡድን,high,ከፍተኛ,English-Amharic,Strips humanity from the target.,ሰውነትን ይክዳል።
1956,They are not fully human.,እነሱ ሙሉ ሰው አይደሉም።,hate_speech,የጥላቻ ንግግር,dehumanization,ሰብዓዊነትን መንፈግ,Yes,አዎ አለ,group,ቡድን,high,ከፍተኛ,English-Amharic,Strips humanity from the target.,ሰውነትን ይክዳል።
1957,We can disagree without hate.,ባንስማማም አለመጣላት እንችላለን።,safe,ጥሩ ንግግር,none,የለም,No,የለም,none,የለም,zero,ዜሮ,English-Amharic,"Affirms dignity, cooperation, and mutual respect.",ክብርን፣ ትብብርን እና መከባበርን ያበረታታል።
1958,Get out of our space.,ከቦታችን ውጣ።,hate_speech,የጥላቻ ንግግር,exclusion,ማግለል,Yes,አዎ አለ,group,ቡድን,high,ከፍተኛ,English-Amharic,Pushes removal and rejection.,ማግለልን እና መከልከልን ያበረታታል።
1959,Their kind always ruins everything.,የእነሱ ዓይነት ሁልጊዜ ሁሉንም ያበላሻል።,hate_speech,የጥላቻ ንግግር,stereotyping,የተዛባ አመለካከት,Yes,አዎ አለ,group,ቡድን,low,ዝቅተኛ,English-Amharic,Uses harmful group stereotype.,ለአንድ ቡድን ያለ የተዛባ አመለካከት።
1960,Everyone deserves dignity.,ሁሉም ሰው ክብር ይገባዋል።,safe,ጥሩ ንግግር,none,የለም,No,የለም,none,የለም,zero,ዜሮ,English-Amharic,"Affirms dignity, cooperation, and mutual respect.",ክብርን፣ ትብብርን እና መከባበርን ያበረታታል።
1961,Their kind always ruins everything.,የእነሱ ዓይነት ሁልጊዜ ሁሉንም ያበላሻል።,hate_speech,የጥላቻ ንግግር,stereotyping,የተዛባ አመለካከት,Yes,አዎ አለ,group,ቡድን,low,ዝቅተኛ,English-Amharic,Uses harmful group stereotype.,ለአንድ ቡድን ያለ የተዛባ አመለካከት።
1962,We should listen before judging.,ከመፍረድ በፊት ማዳመጥ አለብን።,safe,ጥሩ ንግግር,none,የለም,No,የለም,none,የለም,zero,ዜሮ,English-Amharic,"Affirms dignity, cooperation, and mutual respect.",ክብርን፣ ትብብርን እና መከባበርን ያበረታታል።
1963,Different views can still be handled kindly.,የተለያዩ አስተያየቶች በበጎ ሊታዩ ይችላሉ።,safe,ጥሩ ንግግር,none,የለም,No,የለም,none,የለም,zero,ዜሮ,English-Amharic,"Affirms dignity, cooperation, and mutual respect.",ክብርን፣ ትብብርን እና መከባበርን ያበረታታል።
1964,We should listen before judging.,ከመፍረድ በፊት ማዳመጥ አለብን።,safe,ጥሩ ንግግር,none,የለም,No,የለም,none,የለም,zero,ዜሮ,English-Amharic,"Affirms dignity, cooperation, and mutual respect.",ክብርን፣ ትብብርን እና መከባበርን ያበረታታል።
1965,Their kind always ruins everything.,የእነሱ ዓይነት ሁልጊዜ ሁሉንም ያበላሻል።,hate_speech,የጥላቻ ንግግር,stereotyping,የተዛባ አመለካከት,Yes,አዎ አለ,group,ቡድን,low,ዝቅተኛ,English-Amharic,Uses harmful group stereotype.,ለአንድ ቡድን ያለ የተዛባ አመለካከት።
1966,Let us work for peace.,ለሰላም በጋራ እንስራ።,safe,ጥሩ ንግግር,none,የለም,No,የለም,none,የለም,zero,ዜሮ,English-Amharic,"Affirms dignity, cooperation, and mutual respect.",ክብርን፣ ትብብርን እና መከባበርን ያበረታታል።
1967,We can solve this together.,ይህን በጋራ መፍታት እንችላለን።,safe,ጥሩ ንግግር,none,የለም,No,የለም,none,የለም,zero,ዜሮ,English-Amharic,"Affirms dignity, cooperation, and mutual respect.",ክብርን፣ ትብብርን እና መከባበርን ያበረታታል።
1968,Let us find a solution that works for everyone.,ለሁሉም የሚሰራ መፍትሄ እንፈልግ።,safe,ጥሩ ንግግር,none,የለም,No,የለም,none,የለም,zero,ዜሮ,English-Amharic,"Affirms dignity, cooperation, and mutual respect.",ክብርን፣ ትብብርን እና መከባበርን ያበረታታል።
1969,Your voice does not matter here.,እዚህ ድምፅሽ ዋጋ የለውም።,hate_speech,የጥላቻ ንግግር,silencing,ዝም ማሰኘት,Yes,አዎ አለ,individual,ግለሰብ,low,ዝቅተኛ,English-Amharic,Suppresses participation and recognition.,ተሳትፎን እና እውቅናን ይከልክላል።
1970,Get out of our space.,ከቦታችን ውጣ።,hate_speech,የጥላቻ ንግግር,exclusion,ማግለል,Yes,አዎ አለ,group,ቡድን,high,ከፍተኛ,English-Amharic,Pushes removal and rejection.,ማግለልን እና መከልከልን ያበረታታል።
1971,Everyone deserves dignity.,ሁሉም ሰው ክብር ይገባዋል።,safe,ጥሩ ንግግር,none,የለም,No,የለም,none,የለም,zero,ዜሮ,English-Amharic,"Affirms dignity, cooperation, and mutual respect.",ክብርን፣ ትብብርን እና መከባበርን ያበረታታል።
1972,Every person should be heard.,እያንዳንዱ ሰው መሰማት አለበት።,safe,ጥሩ ንግግር,none,የለም,No,የለም,none,የለም,zero,ዜሮ,English-Amharic,"Affirms dignity, cooperation, and mutual respect.",ክብርን፣ ትብብርን እና መከባበርን ያበረታታል።
1973,People deserve fairness and care.,ሰዎች ፍትሃዊነት እና እንክብካቤ ይገባቸዋል።,safe,ጥሩ ንግግር,none,የለም,No,የለም,none,የለም,zero,ዜሮ,English-Amharic,"Affirms dignity, cooperation, and mutual respect.",ክብርን፣ ትብብርን እና መከባበርን ያበረታታል።
1974,They threaten our safety.,ደህንነታችንን ይሸብራሉ።,hate_speech,የጥላቻ ንግግር,threat,ማስፈራሪያ,Yes,አዎ አለ,group,ቡድን,high,ከፍተኛ,English-Amharic,Frames the target as danger.,እንደ ስጋት ይቀርባል።
1975,Every person should be heard.,እያንዳንዱ ሰው መሰማት አለበት።,safe,ጥሩ ንግግር,none,የለም,No,የለም,none,የለም,zero,ዜሮ,English-Amharic,"Affirms dignity, cooperation, and mutual respect.",ክብርን፣ ትብብርን እና መከባበርን ያበረታታል።
1976,You do not belong here.,ይህ የእናንተ ቦታ አይደለም።,hate_speech,የጥላቻ ንግግር,belonging denial,አባልነትን መከልከል,Yes,አዎ አለ,group,ቡድን,high,ከፍተኛ,English-Amharic,Denies membership and belonging.,አባልነትን እና ተሳትፎን ይከለክላል።
1977,They are less than human.,ከሰው በታች ናቸው።,hate_speech,የጥላቻ ንግግር,dehumanization,ሰብዓዊነትን መንፈግ,Yes,አዎ አለ,group,ቡድን,high,ከፍተኛ,English-Amharic,Strips humanity from the target.,ሰውነትን ይክዳል።
1978,Leave our community now.,ከማህበረሰባችን አሁን ውጣ።,hate_speech,የጥላቻ ንግግር,exclusion,ማግለል,Yes,አዎ አለ,group,ቡድን,high,ከፍተኛ,English-Amharic,Pushes removal and rejection.,ማግለልን እና መከልከልን ያበረታታል።
1979,They are less than human.,ከሰው በታች ናቸው።,hate_speech,የጥላቻ ንግግር,dehumanization,ሰብዓዊነትን መንፈግ,Yes,አዎ አለ,group,ቡድን,high,ከፍተኛ,English-Amharic,Strips humanity from the target.,ሰውነትን ይክዳል።
1980,Everyone has value in this room.,በዚህ ክፍል ያለ ሁሉም ሰው ዋጋ አለው።,safe,ጥሩ ንግግር,none,የለም,No,የለም,none,የለም,zero,ዜሮ,English-Amharic,"Affirms dignity, cooperation, and mutual respect.",ክብርን፣ ትብብርን እና መከባበርን ያበረታታል።
1981,You do not belong in this community.,በዚህ ማህበረሰብ ውስጥ አትገባም።,hate_speech,የጥላቻ ንግግር,belonging denial,አባልነትን መከልከል,Yes,አዎ አለ,group,ቡድን,high,ከፍተኛ,English-Amharic,Denies membership and belonging.,አባልነትን እና ተሳትፎን ይከለክላል።
1982,Every person should be heard.,እያንዳንዱ ሰው መሰማት አለበት።,safe,ጥሩ ንግግር,none,የለም,No,የለም,none,የለም,zero,ዜሮ,English-Amharic,"Affirms dignity, cooperation, and mutual respect.",ክብርን፣ ትብብርን እና መከባበርን ያበረታታል።
1983,You have no place among us.,ከእኛ መካከል ቦታ የለህም።,hate_speech,የጥላቻ ንግግር,belonging denial,አባልነትን መከልከል,Yes,አዎ አለ,group,ቡድን,high,ከፍተኛ,English-Amharic,Denies membership and belonging.,አባልነትን እና ተሳትፎን ይከለክላል።
1984,People deserve fairness and care.,ሰዎች ፍትሃዊነት እና እንክብካቤ ይገባቸዋል።,safe,ጥሩ ንግግር,none,የለም,No,የለም,none,የለም,zero,ዜሮ,English-Amharic,"Affirms dignity, cooperation, and mutual respect.",ክብርን፣ ትብብርን እና መከባበርን ያበረታታል።
1985,They threaten our safety.,ደህንነታችንን ይሸብራሉ።,hate_speech,የጥላቻ ንግግር,threat,ማስፈራሪያ,Yes,አዎ አለ,group,ቡድን,high,ከፍተኛ,English-Amharic,Frames the target as danger.,እንደ ስጋት ይቀርባል።
1986,Every person should be heard.,እያንዳንዱ ሰው መሰማት አለበት።,safe,ጥሩ ንግግር,none,የለም,No,የለም,none,የለም,zero,ዜሮ,English-Amharic,"Affirms dignity, cooperation, and mutual respect.",ክብርን፣ ትብብርን እና መከባበርን ያበረታታል።
1987,They are less than human.,ከሰው በታች ናቸው።,hate_speech,የጥላቻ ንግግር,dehumanization,ሰብዓዊነትን መንፈግ,Yes,አዎ አለ,group,ቡድን,high,ከፍተኛ,English-Amharic,Strips humanity from the target.,ሰውነትን ይክዳል።
1988,Different views can still be handled kindly.,የተለያዩ አስተያየቶች በበጎ ሊታዩ ይችላሉ።,safe,ጥሩ ንግግር,none,የለም,No,የለም,none,የለም,zero,ዜሮ,English-Amharic,"Affirms dignity, cooperation, and mutual respect.",ክብርን፣ ትብብርን እና መከባበርን ያበረታታል።
1989,Their kind always ruins everything.,የእነሱ ዓይነት ሁልጊዜ ሁሉንም ያበላሻል።,hate_speech,የጥላቻ ንግግር,stereotyping,የተዛባ አመለካከት,Yes,አዎ አለ,group,ቡድን,low,ዝቅተኛ,English-Amharic,Uses harmful group stereotype.,ለአንድ ቡድን ያለ የተዛባ አመለካከት።
1990,You should be pushed out.,መባረር አለብህ።,hate_speech,የጥላቻ ንግግር,exclusion,ማግለል,Yes,አዎ አለ,group,ቡድን,high,ከፍተኛ,English-Amharic,Pushes removal and rejection.,ማግለልን እና መከልከልን ያበረታታል።
1991,That group is always the problem.,ያ ቡድን ሁልጊዜ ችግር ነው።,hate_speech,የጥላቻ ንግግር,stereotyping,የተዛባ አመለካከት,Yes,አዎ አለ,group,ቡድን,low,ዝቅተኛ,English-Amharic,Uses harmful group stereotype.,ለአንድ ቡድን ያለ የተዛባ አመለካከት።
1992,We should treat people fairly.,ሰዎችን በፍትሃዊነት ማየት አለብን።,safe,ጥሩ ንግግር,none,የለም,No,የለም,none,የለም,zero,ዜሮ,English-Amharic,"Affirms dignity, cooperation, and mutual respect.",ክብርን፣ ትብብርን እና መከባበርን ያበረታታል።
1993,You have no place among us.,ከእኛ መካከል ቦታ የለህም።,hate_speech,የጥላቻ ንግግር,belonging denial,አባልነትን መከልከል,Yes,አዎ አለ,group,ቡድን,high,ከፍተኛ,English-Amharic,Denies membership and belonging.,አባልነትን እና ተሳትፎን ይከለክላል።
1994,Everyone has value in this room.,በዚህ ክፍል ያለ ሁሉም ሰው ዋጋ አለው።,safe,ጥሩ ንግግር,none,የለም,No,የለም,none,የለም,zero,ዜሮ,English-Amharic,"Affirms dignity, cooperation, and mutual respect.",ክብርን፣ ትብብርን እና መከባበርን ያበረታታል።
1995,You have no place among us.,ከእኛ መካከል ቦታ የለህም።,hate_speech,የጥላቻ ንግግር,belonging denial,አባልነትን መከልከል,Yes,አዎ አለ,group,ቡድን,high,ከፍተኛ,English-Amharic,Denies membership and belonging.,አባልነትን እና ተሳትፎን ይከለክላል።
1996,Respect helps communities grow stronger.,ክብር ማህበረሰቦችን ያጠናክራል።,safe,ጥሩ ንግግር,none,የለም,No,የለም,none,የለም,zero,ዜሮ,English-Amharic,"Affirms dignity, cooperation, and mutual respect.",ክብርን፣ ትብብርን እና መከባበርን ያበረታታል።
1997,We should speak respectfully.,በክብር መናገር አለብን።,safe,ጥሩ ንግግር,none,የለም,No,የለም,none,የለም,zero,ዜሮ,English-Amharic,"Affirms dignity, cooperation, and mutual respect.",ክብርን፣ ትብብርን እና መከባበርን ያበረታታል።
1998,Everyone deserves dignity.,ሁሉም ሰው ክብር ይገባዋል።,safe,ጥሩ ንግግር,none,የለም,No,የለም,none,የለም,zero,ዜሮ,English-Amharic,"Affirms dignity, cooperation, and mutual respect.",ክብርን፣ ትብብርን እና መከባበርን ያበረታታል።
1999,That group is always the problem.,ያ ቡድን ሁልጊዜ ችግር ነው።,hate_speech,የጥላቻ ንግግር,stereotyping,የተዛባ አመለካከት,Yes,አዎ አለ,group,ቡድን,low,ዝቅተኛ,English-Amharic,Uses harmful group stereotype.,ለአንድ ቡድን ያለ የተዛባ አመለካከት።
2000,Everyone has value in this room.,በዚህ ክፍል ያለ ሁሉም ሰው ዋጋ አለው።,safe,ጥሩ ንግግር,none,የለም,No,የለም,none,የለም,zero,ዜሮ,English-Amharic,"Affirms dignity, cooperation, and mutual respect.",ክብርን፣ ትብብርን እና መከባበርን ያበረታታል።
2001,Their kind always ruins everything.,የእነሱ ዓይነት ሁልጊዜ ሁሉንም ያበላሻል።,hate_speech,የጥላቻ ንግግር,stereotyping,የተዛባ አመለካከት,Yes,አዎ አለ,group,ቡድን,low,ዝቅተኛ,English-Amharic,Uses harmful group stereotype.,ለአንድ ቡድን ያለ የተዛባ አመለካከት።
2002,We can solve this together.,ይህን በጋራ መፍታት እንችላለን።,safe,ጥሩ ንግግር,none,የለም,No,የለም,none,የለም,zero,ዜሮ,English-Amharic,"Affirms dignity, cooperation, and mutual respect.",ክብርን፣ ትብብርን እና መከባበርን ያበረታታል።
2003,We can solve this together.,ይህን በጋራ መፍታት እንችላለን።,safe,ጥሩ ንግግር,none,የለም,No,የለም,none,የለም,zero,ዜሮ,English-Amharic,"Affirms dignity, cooperation, and mutual respect.",ክብርን፣ ትብብርን እና መከባበርን ያበረታታል።
2004,Get out of our space.,ከቦታችን ውጣ።,hate_speech,የጥላቻ ንግግር,exclusion,ማግለል,Yes,አዎ አለ,group,ቡድን,high,ከፍተኛ,English-Amharic,Pushes removal and rejection.,ማግለልን እና መከልከልን ያበረታታል።
2005,Everyone has value in this room.,በዚህ ክፍል ያለ ሁሉም ሰው ዋጋ አለው።,safe,ጥሩ ንግግር,none,የለም,No,የለም,none,የለም,zero,ዜሮ,English-Amharic,"Affirms dignity, cooperation, and mutual respect.",ክብርን፣ ትብብርን እና መከባበርን ያበረታታል።
2006,They threaten our safety.,ደህንነታችንን ይሸብራሉ።,hate_speech,የጥላቻ ንግግር,threat,ማስፈራሪያ,Yes,አዎ አለ,group,ቡድን,high,ከፍተኛ,English-Amharic,Frames the target as danger.,እንደ ስጋት ይቀርባል።
2007,They are a danger to everyone.,እነሱ ለሁሉም ስጋት ናቸው።,hate_speech,የጥላቻ ንግግር,threat,ማስፈራሪያ,Yes,አዎ አለ,group,ቡድን,high,ከፍተኛ,English-Amharic,Frames the target as danger.,እንደ ስጋት ይቀርባል።
2008,You should stay silent.,ዝም በይ።,hate_speech,የጥላቻ ንግግር,silencing,ዝም ማሰኘት,Yes,አዎ አለ,individual,ግለሰብ,low,ዝቅተኛ,English-Amharic,Suppresses participation and recognition.,ተሳትፎን እና እውቅናን ይከልክላል።
2009,Let us find a solution that works for everyone.,ለሁሉም የሚሰራ መፍትሄ እንፈልግ።,safe,ጥሩ ንግግር,none,የለም,No,የለም,none,የለም,zero,ዜሮ,English-Amharic,"Affirms dignity, cooperation, and mutual respect.",ክብርን፣ ትብብርን እና መከባበርን ያበረታታል።
2010,You do not belong here.,ይህ የእናንተ ቦታ አይደለም።,hate_speech,የጥላቻ ንግግር,belonging denial,አባልነትን መከልከል,Yes,አዎ አለ,group,ቡድን,high,ከፍተኛ,English-Amharic,Denies membership and belonging.,አባልነትን እና ተሳትፎን ይከለክላል።
2011,We should listen before judging.,ከመፍረድ በፊት ማዳመጥ አለብን።,safe,ጥሩ ንግግር,none,የለም,No,የለም,none,የለም,zero,ዜሮ,English-Amharic,"Affirms dignity, cooperation, and mutual respect.",ክብርን፣ ትብብርን እና መከባበርን ያበረታታል።
2012,Let us work for peace.,ለሰላም በጋራ እንስራ።,safe,ጥሩ ንግግር,none,የለም,No,የለም,none,የለም,zero,ዜሮ,English-Amharic,"Affirms dignity, cooperation, and mutual respect.",ክብርን፣ ትብብርን እና መከባበርን ያበረታታል።
2013,You have no place among us.,ከእኛ መካከል ቦታ የለህም።,hate_speech,የጥላቻ ንግግር,belonging denial,አባልነትን መከልከል,Yes,አዎ አለ,group,ቡድን,high,ከፍተኛ,English-Amharic,Denies membership and belonging.,አባልነትን እና ተሳትፎን ይከለክላል።
2014,Let us work for peace.,ለሰላም በጋራ እንስራ።,safe,ጥሩ ንግግር,none,የለም,No,የለም,none,የለም,zero,ዜሮ,English-Amharic,"Affirms dignity, cooperation, and mutual respect.",ክብርን፣ ትብብርን እና መከባበርን ያበረታታል።
2015,Their kind always ruins everything.,የእነሱ ዓይነት ሁልጊዜ ሁሉንም ያበላሻል።,hate_speech,የጥላቻ ንግግር,stereotyping,የተዛባ አመለካከት,Yes,አዎ አለ,group,ቡድን,low,ዝቅተኛ,English-Amharic,Uses harmful group stereotype.,ለአንድ ቡድን ያለ የተዛባ አመለካከት።
2016,A fair discussion includes every voice.,ፍትሃዊ ውይይት ሁሉንም ድምፅ ያካትታል።,safe,ጥሩ ንግግር,none,የለም,No,የለም,none,የለም,zero,ዜሮ,English-Amharic,"Affirms dignity, cooperation, and mutual respect.",ክብርን፣ ትብብርን እና መከባበርን ያበረታታል።
2017,We should treat people fairly.,ሰዎችን በፍትሃዊነት ማየት አለብን።,safe,ጥሩ ንግግር,none,የለም,No,የለም,none,የለም,zero,ዜሮ,English-Amharic,"Affirms dignity, cooperation, and mutual respect.",ክብርን፣ ትብብርን እና መከባበርን ያበረታታል።
2018,They threaten our safety.,ደህንነታችንን ይሸብራሉ።,hate_speech,የጥላቻ ንግግር,threat,ማስፈራሪያ,Yes,አዎ አለ,group,ቡድን,high,ከፍተኛ,English-Amharic,Frames the target as danger.,እንደ ስጋት ይቀርባል።
2019,Every person should be heard.,እያንዳንዱ ሰው መሰማት አለበት።,safe,ጥሩ ንግግር,none,የለም,No,የለም,none,የለም,zero,ዜሮ,English-Amharic,"Affirms dignity, cooperation, and mutual respect.",ክብርን፣ ትብብርን እና መከባበርን ያበረታታል።
2020,You do not belong in this community.,በዚህ ማህበረሰብ ውስጥ አትገባም።,hate_speech,የጥላቻ ንግግር,belonging denial,አባልነትን መከልከል,Yes,አዎ አለ,group,ቡድን,high,ከፍተኛ,English-Amharic,Denies membership and belonging.,አባልነትን እና ተሳትፎን ይከለክላል።
2021,That group is always the problem.,ያ ቡድን ሁልጊዜ ችግር ነው።,hate_speech,የጥላቻ ንግግር,stereotyping,የተዛባ አመለካከት,Yes,አዎ አለ,group,ቡድን,low,ዝቅተኛ,English-Amharic,Uses harmful group stereotype.,ለአንድ ቡድን ያለ የተዛባ አመለካከት።
2022,Get out of our space.,ከቦታችን ውጣ።,hate_speech,የጥላቻ ንግግር,exclusion,ማግለል,Yes,አዎ አለ,group,ቡድን,high,ከፍተኛ,English-Amharic,Pushes removal and rejection.,ማግለልን እና መከልከልን ያበረታታል።
2023,We should listen before judging.,ከመፍረድ በፊት ማዳመጥ አለብን።,safe,ጥሩ ንግግር,none,የለም,No,የለም,none,የለም,zero,ዜሮ,English-Amharic,"Affirms dignity, cooperation, and mutual respect.",ክብርን፣ ትብብርን እና መከባበርን ያበረታታል።
2024,They threaten our safety.,ደህንነታችንን ይሸብራሉ።,hate_speech,የጥላቻ ንግግር,threat,ማስፈራሪያ,Yes,አዎ አለ,group,ቡድን,high,ከፍተኛ,English-Amharic,Frames the target as danger.,እንደ ስጋት ይቀርባል።
2025,Get out of our space.,ከቦታችን ውጣ።,hate_speech,የጥላቻ ንግግር,exclusion,ማግለል,Yes,አዎ አለ,group,ቡድን,high,ከፍተኛ,English-Amharic,Pushes removal and rejection.,ማግለልን እና መከልከልን ያበረታታል።
2026,You should be pushed out.,መባረር አለብህ።,hate_speech,የጥላቻ ንግግር,exclusion,ማግለል,Yes,አዎ አለ,group,ቡድን,high,ከፍተኛ,English-Amharic,Pushes removal and rejection.,ማግለልን እና መከልከልን ያበረታታል።
2027,They are not real people.,እውነተኛ ሰው አይደሉም።,hate_speech,የጥላቻ ንግግር,dehumanization,ሰብዓዊነትን መንፈግ,Yes,አዎ አለ,group,ቡድን,high,ከፍተኛ,English-Amharic,Strips humanity from the target.,ሰውነትን ይክዳል።
2028,They are not real people.,እውነተኛ ሰው አይደሉም።,hate_speech,የጥላቻ ንግግር,dehumanization,ሰብዓዊነትን መንፈግ,Yes,አዎ አለ,group,ቡድን,high,ከፍተኛ,English-Amharic,Strips humanity from the target.,ሰውነትን ይክዳል።
2029,You should be pushed out.,መባረር አለብህ።,hate_speech,የጥላቻ ንግግር,exclusion,ማግለል,Yes,አዎ አለ,group,ቡድን,high,ከፍተኛ,English-Amharic,Pushes removal and rejection.,ማግለልን እና መከልከልን ያበረታታል።
2030,We should correct mistakes without humiliation.,ሰዎችን ሳናዋርድ ስህተትን ማስተካከል አለብን።,safe,ጥሩ ንግግር,none,የለም,No,የለም,none,የለም,zero,ዜሮ,English-Amharic,"Affirms dignity, cooperation, and mutual respect.",ክብርን፣ ትብብርን እና መከባበርን ያበረታታል።
2031,Different views can still be handled kindly.,የተለያዩ አስተያየቶች በበጎ ሊታዩ ይችላሉ።,safe,ጥሩ ንግግር,none,የለም,No,የለም,none,የለም,zero,ዜሮ,English-Amharic,"Affirms dignity, cooperation, and mutual respect.",ክብርን፣ ትብብርን እና መከባበርን ያበረታታል።
2032,You do not belong here.,ይህ የእናንተ ቦታ አይደለም።,hate_speech,የጥላቻ ንግግር,belonging denial,አባልነትን መከልከል,Yes,አዎ አለ,group,ቡድን,high,ከፍተኛ,English-Amharic,Denies membership and belonging.,አባልነትን እና ተሳትፎን ይከለክላል።
2033,That group is always the problem.,ያ ቡድን ሁልጊዜ ችግር ነው።,hate_speech,የጥላቻ ንግግር,stereotyping,የተዛባ አመለካከት,Yes,አዎ አለ,group,ቡድን,low,ዝቅተኛ,English-Amharic,Uses harmful group stereotype.,ለአንድ ቡድን ያለ የተዛባ አመለካከት።
2034,Every person should be heard.,እያንዳንዱ ሰው መሰማት አለበት።,safe,ጥሩ ንግግር,none,የለም,No,የለም,none,የለም,zero,ዜሮ,English-Amharic,"Affirms dignity, cooperation, and mutual respect.",ክብርን፣ ትብብርን እና መከባበርን ያበረታታል።
2035,Different views can still be handled kindly.,የተለያዩ አስተያየቶች በበጎ ሊታዩ ይችላሉ።,safe,ጥሩ ንግግር,none,የለም,No,የለም,none,የለም,zero,ዜሮ,English-Amharic,"Affirms dignity, cooperation, and mutual respect.",ክብርን፣ ትብብርን እና መከባበርን ያበረታታል።
2036,Everyone has value in this room.,በዚህ ክፍል ያለ ሁሉም ሰው ዋጋ አለው።,safe,ጥሩ ንግግር,none,የለም,No,የለም,none,የለም,zero,ዜሮ,English-Amharic,"Affirms dignity, cooperation, and mutual respect.",ክብርን፣ ትብብርን እና መከባበርን ያበረታታል።
2037,We should listen before judging.,ከመፍረድ በፊት ማዳመጥ አለብን።,safe,ጥሩ ንግግር,none,የለም,No,የለም,none,የለም,zero,ዜሮ,English-Amharic,"Affirms dignity, cooperation, and mutual respect.",ክብርን፣ ትብብርን እና መከባበርን ያበረታታል።
2038,Their kind always ruins everything.,የእነሱ ዓይነት ሁልጊዜ ሁሉንም ያበላሻል።,hate_speech,የጥላቻ ንግግር,stereotyping,የተዛባ አመለካከት,Yes,አዎ አለ,group,ቡድን,low,ዝቅተኛ,English-Amharic,Uses harmful group stereotype.,ለአንድ ቡድን ያለ የተዛባ አመለካከት።
2039,Let us work for peace.,ለሰላም በጋራ እንስራ።,safe,ጥሩ ንግግር,none,የለም,No,የለም,none,የለም,zero,ዜሮ,English-Amharic,"Affirms dignity, cooperation, and mutual respect.",ክብርን፣ ትብብርን እና መከባበርን ያበረታታል።
2040,Their kind always ruins everything.,የእነሱ ዓይነት ሁልጊዜ ሁሉንም ያበላሻል።,hate_speech,የጥላቻ ንግግር,stereotyping,የተዛባ አመለካከት,Yes,አዎ አለ,group,ቡድን,low,ዝቅተኛ,English-Amharic,Uses harmful group stereotype.,ለአንድ ቡድን ያለ የተዛባ አመለካከት።
2041,Let us work for peace.,ለሰላም በጋራ እንስራ።,safe,ጥሩ ንግግር,none,የለም,No,የለም,none,የለም,zero,ዜሮ,English-Amharic,"Affirms dignity, cooperation, and mutual respect.",ክብርን፣ ትብብርን እና መከባበርን ያበረታታል።
2042,Get out of our space.,ከቦታችን ውጣ።,hate_speech,የጥላቻ ንግግር,exclusion,ማግለል,Yes,አዎ አለ,group,ቡድን,high,ከፍተኛ,English-Amharic,Pushes removal and rejection.,ማግለልን እና መከልከልን ያበረታታል።
2043,You should be pushed out.,መባረር አለብህ።,hate_speech,የጥላቻ ንግግር,exclusion,ማግለል,Yes,አዎ አለ,group,ቡድን,high,ከፍተኛ,English-Amharic,Pushes removal and rejection.,ማግለልን እና መከልከልን ያበረታታል።
2044,Leave our community now.,ከማህበረሰባችን አሁን ውጣ።,hate_speech,የጥላቻ ንግግር,exclusion,ማግለል,Yes,አዎ አለ,group,ቡድን,high,ከፍተኛ,English-Amharic,Pushes removal and rejection.,ማግለልን እና መከልከልን ያበረታታል።
2045,Their kind always ruins everything.,የእነሱ ዓይነት ሁልጊዜ ሁሉንም ያበላሻል።,hate_speech,የጥላቻ ንግግር,stereotyping,የተዛባ አመለካከት,Yes,አዎ አለ,group,ቡድን,low,ዝቅተኛ,English-Amharic,Uses harmful group stereotype.,ለአንድ ቡድን ያለ የተዛባ አመለካከት።
2046,We should treat people fairly.,ሰዎችን በፍትሃዊነት ማየት አለብን።,safe,ጥሩ ንግግር,none,የለም,No,የለም,none,የለም,zero,ዜሮ,English-Amharic,"Affirms dignity, cooperation, and mutual respect.",ክብርን፣ ትብብርን እና መከባበርን ያበረታታል።
2047,Everyone deserves dignity.,ሁሉም ሰው ክብር ይገባዋል።,safe,ጥሩ ንግግር,none,የለም,No,የለም,none,የለም,zero,ዜሮ,English-Amharic,"Affirms dignity, cooperation, and mutual respect.",ክብርን፣ ትብብርን እና መከባበርን ያበረታታል።
2048,We should listen before judging.,ከመፍረድ በፊት ማዳመጥ አለብን።,safe,ጥሩ ንግግር,none,የለም,No,የለም,none,የለም,zero,ዜሮ,English-Amharic,"Affirms dignity, cooperation, and mutual respect.",ክብርን፣ ትብብርን እና መከባበርን ያበረታታል።
2049,We should treat people fairly.,ሰዎችን በፍትሃዊነት ማየት አለብን።,safe,ጥሩ ንግግር,none,የለም,No,የለም,none,የለም,zero,ዜሮ,English-Amharic,"Affirms dignity, cooperation, and mutual respect.",ክብርን፣ ትብብርን እና መከባበርን ያበረታታል።
2050,We should listen before judging.,ከመፍረድ በፊት ማዳመጥ አለብን።,safe,ጥሩ ንግግር,none,የለም,No,የለም,none,የለም,zero,ዜሮ,English-Amharic,"Affirms dignity, cooperation, and mutual respect.",ክብርን፣ ትብብርን እና መከባበርን ያበረታታል።
2051,Let us find a solution that works for everyone.,ለሁሉም የሚሰራ መፍትሄ እንፈልግ።,safe,ጥሩ ንግግር,none,የለም,No,የለም,none,የለም,zero,ዜሮ,English-Amharic,"Affirms dignity, cooperation, and mutual respect.",ክብርን፣ ትብብርን እና መከባበርን ያበረታታል።
2052,They are a danger to everyone.,እነሱ ለሁሉም ስጋት ናቸው።,hate_speech,የጥላቻ ንግግር,threat,ማስፈራሪያ,Yes,አዎ አለ,group,ቡድን,high,ከፍተኛ,English-Amharic,Frames the target as danger.,እንደ ስጋት ይቀርባል።
2053,You do not belong in this community.,በዚህ ማህበረሰብ ውስጥ አትገባም።,hate_speech,የጥላቻ ንግግር,belonging denial,አባልነትን መከልከል,Yes,አዎ አለ,group,ቡድን,high,ከፍተኛ,English-Amharic,Denies membership and belonging.,አባልነትን እና ተሳትፎን ይከለክላል።
2054,We should treat people fairly.,ሰዎችን በፍትሃዊነት ማየት አለብን።,safe,ጥሩ ንግግር,none,የለም,No,የለም,none,የለም,zero,ዜሮ,English-Amharic,"Affirms dignity, cooperation, and mutual respect.",ክብርን፣ ትብብርን እና መከባበርን ያበረታታል።
2055,Every person should be heard.,እያንዳንዱ ሰው መሰማት አለበት።,safe,ጥሩ ንግግር,none,የለም,No,የለም,none,የለም,zero,ዜሮ,English-Amharic,"Affirms dignity, cooperation, and mutual respect.",ክብርን፣ ትብብርን እና መከባበርን ያበረታታል።
2056,They are a danger to everyone.,እነሱ ለሁሉም ስጋት ናቸው።,hate_speech,የጥላቻ ንግግር,threat,ማስፈራሪያ,Yes,አዎ አለ,group,ቡድን,high,ከፍተኛ,English-Amharic,Frames the target as danger.,እንደ ስጋት ይቀርባል።
2057,That group is always the problem.,ያ ቡድን ሁልጊዜ ችግር ነው።,hate_speech,የጥላቻ ንግግር,stereotyping,የተዛባ አመለካከት,Yes,አዎ አለ,group,ቡድን,low,ዝቅተኛ,English-Amharic,Uses harmful group stereotype.,ለአንድ ቡድን ያለ የተዛባ አመለካከት።
2058,They threaten our safety.,ደህንነታችንን ይሸብራሉ።,hate_speech,የጥላቻ ንግግር,threat,ማስፈራሪያ,Yes,አዎ አለ,group,ቡድን,high,ከፍተኛ,English-Amharic,Frames the target as danger.,እንደ ስጋት ይቀርባል።
2059,A fair discussion includes every voice.,ፍትሃዊ ውይይት ሁሉንም ድምፅ ያካትታል።,safe,ጥሩ ንግግር,none,የለም,No,የለም,none,የለም,zero,ዜሮ,English-Amharic,"Affirms dignity, cooperation, and mutual respect.",ክብርን፣ ትብብርን እና መከባበርን ያበረታታል።
2060,Everyone deserves dignity.,ሁሉም ሰው ክብር ይገባዋል።,safe,ጥሩ ንግግር,none,የለም,No,የለም,none,የለም,zero,ዜሮ,English-Amharic,"Affirms dignity, cooperation, and mutual respect.",ክብርን፣ ትብብርን እና መከባበርን ያበረታታል።
2061,Every person should be heard.,እያንዳንዱ ሰው መሰማት አለበት።,safe,ጥሩ ንግግር,none,የለም,No,የለም,none,የለም,zero,ዜሮ,English-Amharic,"Affirms dignity, cooperation, and mutual respect.",ክብርን፣ ትብብርን እና መከባበርን ያበረታታል።
2062,Everyone has value in this room.,በዚህ ክፍል ያለ ሁሉም ሰው ዋጋ አለው።,safe,ጥሩ ንግግር,none,የለም,No,የለም,none,የለም,zero,ዜሮ,English-Amharic,"Affirms dignity, cooperation, and mutual respect.",ክብርን፣ ትብብርን እና መከባበርን ያበረታታል።
2063,Let us work for peace.,ለሰላም በጋራ እንስራ።,safe,ጥሩ ንግግር,none,የለም,No,የለም,none,የለም,zero,ዜሮ,English-Amharic,"Affirms dignity, cooperation, and mutual respect.",ክብርን፣ ትብብርን እና መከባበርን ያበረታታል።
2064,People like them always cause trouble.,እንደ እነሱ ያሉ ሰዎች ሁልጊዜ ችግር ያመጣሉ።,hate_speech,የጥላቻ ንግግር,stereotyping,የተዛባ አመለካከት,Yes,አዎ አለ,group,ቡድን,low,ዝቅተኛ,English-Amharic,Uses harmful group stereotype.,ለአንድ ቡድን ያለ የተዛባ አመለካከት።
2065,They are a danger to everyone.,እነሱ ለሁሉም ስጋት ናቸው።,hate_speech,የጥላቻ ንግግር,threat,ማስፈራሪያ,Yes,አዎ አለ,group,ቡድን,high,ከፍተኛ,English-Amharic,Frames the target as danger.,እንደ ስጋት ይቀርባል።
2066,They are not real people.,እውነተኛ ሰው አይደሉም።,hate_speech,የጥላቻ ንግግር,dehumanization,ሰብዓዊነትን መንፈግ,Yes,አዎ አለ,group,ቡድን,high,ከፍተኛ,English-Amharic,Strips humanity from the target.,ሰውነትን ይክዳል።
2067,They threaten our safety.,ደህንነታችንን ይሸብራሉ።,hate_speech,የጥላቻ ንግግር,threat,ማስፈራሪያ,Yes,አዎ አለ,group,ቡድን,high,ከፍተኛ,English-Amharic,Frames the target as danger.,እንደ ስጋት ይቀርባል።
2068,Your voice does not matter here.,እዚህ ድምፅሽ ዋጋ የለውም።,hate_speech,የጥላቻ ንግግር,silencing,ዝም ማሰኘት,Yes,አዎ አለ,individual,ግለሰብ,low,ዝቅተኛ,English-Amharic,Suppresses participation and recognition.,ተሳትፎን እና እውቅናን ይከልክላል።
2069,People deserve fairness and care.,ሰዎች ፍትሃዊነት እና እንክብካቤ ይገባቸዋል።,safe,ጥሩ ንግግር,none,የለም,No,የለም,none,የለም,zero,ዜሮ,English-Amharic,"Affirms dignity, cooperation, and mutual respect.",ክብርን፣ ትብብርን እና መከባበርን ያበረታታል።
2070,A fair discussion includes every voice.,ፍትሃዊ ውይይት ሁሉንም ድምፅ ያካትታል።,safe,ጥሩ ንግግር,none,የለም,No,የለም,none,የለም,zero,ዜሮ,English-Amharic,"Affirms dignity, cooperation, and mutual respect.",ክብርን፣ ትብብርን እና መከባበርን ያበረታታል።
2071,Get out of our space.,ከቦታችን ውጣ።,hate_speech,የጥላቻ ንግግር,exclusion,ማግለል,Yes,አዎ አለ,group,ቡድን,high,ከፍተኛ,English-Amharic,Pushes removal and rejection.,ማግለልን እና መከልከልን ያበረታታል።
2072,That group is always the problem.,ያ ቡድን ሁልጊዜ ችግር ነው።,hate_speech,የጥላቻ ንግግር,stereotyping,የተዛባ አመለካከት,Yes,አዎ አለ,group,ቡድን,low,ዝቅተኛ,English-Amharic,Uses harmful group stereotype.,ለአንድ ቡድን ያለ የተዛባ አመለካከት።
2073,They are not fully human.,እነሱ ሙሉ ሰው አይደሉም።,hate_speech,የጥላቻ ንግግር,dehumanization,ሰብዓዊነትን መንፈግ,Yes,አዎ አለ,group,ቡድን,high,ከፍተኛ,English-Amharic,Strips humanity from the target.,ሰውነትን ይክዳል።
2074,Get out of our space.,ከቦታችን ውጣ።,hate_speech,የጥላቻ ንግግር,exclusion,ማግለል,Yes,አዎ አለ,group,ቡድን,high,ከፍተኛ,English-Amharic,Pushes removal and rejection.,ማግለልን እና መከልከልን ያበረታታል።
2075,They are not real people.,እውነተኛ ሰው አይደሉም።,hate_speech,የጥላቻ ንግግር,dehumanization,ሰብዓዊነትን መንፈግ,Yes,አዎ አለ,group,ቡድን,high,ከፍተኛ,English-Amharic,Strips humanity from the target.,ሰውነትን ይክዳል።
2076,You should stay silent.,ዝም በይ።,hate_speech,የጥላቻ ንግግር,silencing,ዝም ማሰኘት,Yes,አዎ አለ,individual,ግለሰብ,low,ዝቅተኛ,English-Amharic,Suppresses participation and recognition.,ተሳትፎን እና እውቅናን ይከልክላል።
2077,We can solve this together.,ይህን በጋራ መፍታት እንችላለን።,safe,ጥሩ ንግግር,none,የለም,No,የለም,none,የለም,zero,ዜሮ,English-Amharic,"Affirms dignity, cooperation, and mutual respect.",ክብርን፣ ትብብርን እና መከባበርን ያበረታታል።
2078,You have no place among us.,ከእኛ መካከል ቦታ የለህም።,hate_speech,የጥላቻ ንግግር,belonging denial,አባልነትን መከልከል,Yes,አዎ አለ,group,ቡድን,high,ከፍተኛ,English-Amharic,Denies membership and belonging.,አባልነትን እና ተሳትፎን ይከለክላል።
2079,We should listen before judging.,ከመፍረድ በፊት ማዳመጥ አለብን።,safe,ጥሩ ንግግር,none,የለም,No,የለም,none,የለም,zero,ዜሮ,English-Amharic,"Affirms dignity, cooperation, and mutual respect.",ክብርን፣ ትብብርን እና መከባበርን ያበረታታል።
2080,They threaten our safety.,ደህንነታችንን ይሸብራሉ።,hate_speech,የጥላቻ ንግግር,threat,ማስፈራሪያ,Yes,አዎ አለ,group,ቡድን,high,ከፍተኛ,English-Amharic,Frames the target as danger.,እንደ ስጋት ይቀርባል።
2081,A fair discussion includes every voice.,ፍትሃዊ ውይይት ሁሉንም ድምፅ ያካትታል።,safe,ጥሩ ንግግር,none,የለም,No,የለም,none,የለም,zero,ዜሮ,English-Amharic,"Affirms dignity, cooperation, and mutual respect.",ክብርን፣ ትብብርን እና መከባበርን ያበረታታል።
2082,We can solve this together.,ይህን በጋራ መፍታት እንችላለን።,safe,ጥሩ ንግግር,none,የለም,No,የለም,none,የለም,zero,ዜሮ,English-Amharic,"Affirms dignity, cooperation, and mutual respect.",ክብርን፣ ትብብርን እና መከባበርን ያበረታታል።
2083,We can disagree without hate.,ባንስማማም አለመጣላት እንችላለን።,safe,ጥሩ ንግግር,none,የለም,No,የለም,none,የለም,zero,ዜሮ,English-Amharic,"Affirms dignity, cooperation, and mutual respect.",ክብርን፣ ትብብርን እና መከባበርን ያበረታታል።
2084,People like them always cause trouble.,እንደ እነሱ ያሉ ሰዎች ሁልጊዜ ችግር ያመጣሉ።,hate_speech,የጥላቻ ንግግር,stereotyping,የተዛባ አመለካከት,Yes,አዎ አለ,group,ቡድን,low,ዝቅተኛ,English-Amharic,Uses harmful group stereotype.,ለአንድ ቡድን ያለ የተዛባ አመለካከት።
2085,Nobody wants to hear you.,ማንም ሊሰማሽ አይፈልግም።,hate_speech,የጥላቻ ንግግር,silencing,ዝም ማሰኘት,Yes,አዎ አለ,individual,ግለሰብ,low,ዝቅተኛ,English-Amharic,Suppresses participation and recognition.,ተሳትፎን እና እውቅናን ይከልክላል።
2086,They are not fully human.,እነሱ ሙሉ ሰው አይደሉም።,hate_speech,የጥላቻ ንግግር,dehumanization,ሰብዓዊነትን መንፈግ,Yes,አዎ አለ,group,ቡድን,high,ከፍተኛ,English-Amharic,Strips humanity from the target.,ሰውነትን ይክዳል።
2087,You should stay silent.,ዝም በይ።,hate_speech,የጥላቻ ንግግር,silencing,ዝም ማሰኘት,Yes,አዎ አለ,individual,ግለሰብ,low,ዝቅተኛ,English-Amharic,Suppresses participation and recognition.,ተሳትፎን እና እውቅናን ይከልክላል።
2088,We should fear what they will do.,ምን እንደሚያደርጉ መፍራት አለብን።,hate_speech,የጥላቻ ንግግር,threat,ማስፈራሪያ,Yes,አዎ አለ,group,ቡድን,high,ከፍተኛ,English-Amharic,Frames the target as danger.,እንደ ስጋት ይቀርባል።
2089,Let us work for peace.,ለሰላም በጋራ እንስራ።,safe,ጥሩ ንግግር,none,የለም,No,የለም,none,የለም,zero,ዜሮ,English-Amharic,"Affirms dignity, cooperation, and mutual respect.",ክብርን፣ ትብብርን እና መከባበርን ያበረታታል።
2090,They threaten our safety.,ደህንነታችንን ይሸብራሉ።,hate_speech,የጥላቻ ንግግር,threat,ማስፈራሪያ,Yes,አዎ አለ,group,ቡድን,high,ከፍተኛ,English-Amharic,Frames the target as danger.,እንደ ስጋት ይቀርባል።
2091,We can solve this together.,ይህን በጋራ መፍታት እንችላለን።,safe,ጥሩ ንግግር,none,የለም,No,የለም,none,የለም,zero,ዜሮ,English-Amharic,"Affirms dignity, cooperation, and mutual respect.",ክብርን፣ ትብብርን እና መከባበርን ያበረታታል።
2092,You should stay silent.,ዝም በይ።,hate_speech,የጥላቻ ንግግር,silencing,ዝም ማሰኘት,Yes,አዎ አለ,individual,ግለሰብ,low,ዝቅተኛ,English-Amharic,Suppresses participation and recognition.,ተሳትፎን እና እውቅናን ይከልክላል።
2093,We should correct mistakes without humiliation.,ሰዎችን ሳናዋርድ ስህተትን ማስተካከል አለብን።,safe,ጥሩ ንግግር,none,የለም,No,የለም,none,የለም,zero,ዜሮ,English-Amharic,"Affirms dignity, cooperation, and mutual respect.",ክብርን፣ ትብብርን እና መከባበርን ያበረታታል።
2094,A fair discussion includes every voice.,ፍትሃዊ ውይይት ሁሉንም ድምፅ ያካትታል።,safe,ጥሩ ንግግር,none,የለም,No,የለም,none,የለም,zero,ዜሮ,English-Amharic,"Affirms dignity, cooperation, and mutual respect.",ክብርን፣ ትብብርን እና መከባበርን ያበረታታል።
2095,They are a danger to everyone.,እነሱ ለሁሉም ስጋት ናቸው።,hate_speech,የጥላቻ ንግግር,threat,ማስፈራሪያ,Yes,አዎ አለ,group,ቡድን,high,ከፍተኛ,English-Amharic,Frames the target as danger.,እንደ ስጋት ይቀርባል።
2096,Everyone has value in this room.,በዚህ ክፍል ያለ ሁሉም ሰው ዋጋ አለው።,safe,ጥሩ ንግግር,none,የለም,No,የለም,none,የለም,zero,ዜሮ,English-Amharic,"Affirms dignity, cooperation, and mutual respect.",ክብርን፣ ትብብርን እና መከባበርን ያበረታታል።
2097,We should speak respectfully.,በክብር መናገር አለብን።,safe,ጥሩ ንግግር,none,የለም,No,የለም,none,የለም,zero,ዜሮ,English-Amharic,"Affirms dignity, cooperation, and mutual respect.",ክብርን፣ ትብብርን እና መከባበርን ያበረታታል።
2098,They are not fully human.,እነሱ ሙሉ ሰው አይደሉም።,hate_speech,የጥላቻ ንግግር,dehumanization,ሰብዓዊነትን መንፈግ,Yes,አዎ አለ,group,ቡድን,high,ከፍተኛ,English-Amharic,Strips humanity from the target.,ሰውነትን ይክዳል።
2099,We should fear what they will do.,ምን እንደሚያደርጉ መፍራት አለብን።,hate_speech,የጥላቻ ንግግር,threat,ማስፈራሪያ,Yes,አዎ አለ,group,ቡድን,high,ከፍተኛ,English-Amharic,Frames the target as danger.,እንደ ስጋት ይቀርባል።
2100,Everyone has value in this room.,በዚህ ክፍል ያለ ሁሉም ሰው ዋጋ አለው።,safe,ጥሩ ንግግር,none,የለም,No,የለም,none,የለም,zero,ዜሮ,English-Amharic,"Affirms dignity, cooperation, and mutual respect.",ክብርን፣ ትብብርን እና መከባበርን ያበረታታል።
2101,Let us find a solution that works for everyone.,ለሁሉም የሚሰራ መፍትሄ እንፈልግ።,safe,ጥሩ ንግግር,none,የለም,No,የለም,none,የለም,zero,ዜሮ,English-Amharic,"Affirms dignity, cooperation, and mutual respect.",ክብርን፣ ትብብርን እና መከባበርን ያበረታታል።
2102,They are not real people.,እውነተኛ ሰው አይደሉም።,hate_speech,የጥላቻ ንግግር,dehumanization,ሰብዓዊነትን መንፈግ,Yes,አዎ አለ,group,ቡድን,high,ከፍተኛ,English-Amharic,Strips humanity from the target.,ሰውነትን ይክዳል።
2103,You do not belong in this community.,በዚህ ማህበረሰብ ውስጥ አትገባም።,hate_speech,የጥላቻ ንግግር,belonging denial,አባልነትን መከልከል,Yes,አዎ አለ,group,ቡድን,high,ከፍተኛ,English-Amharic,Denies membership and belonging.,አባልነትን እና ተሳትፎን ይከለክላል።
2104,A fair discussion includes every voice.,ፍትሃዊ ውይይት ሁሉንም ድምፅ ያካትታል።,safe,ጥሩ ንግግር,none,የለም,No,የለም,none,የለም,zero,ዜሮ,English-Amharic,"Affirms dignity, cooperation, and mutual respect.",ክብርን፣ ትብብርን እና መከባበርን ያበረታታል።
2105,They are a danger to everyone.,እነሱ ለሁሉም ስጋት ናቸው።,hate_speech,የጥላቻ ንግግር,threat,ማስፈራሪያ,Yes,አዎ አለ,group,ቡድን,high,ከፍተኛ,English-Amharic,Frames the target as danger.,እንደ ስጋት ይቀርባል።
2106,Get out of our space.,ከቦታችን ውጣ።,hate_speech,የጥላቻ ንግግር,exclusion,ማግለል,Yes,አዎ አለ,group,ቡድን,high,ከፍተኛ,English-Amharic,Pushes removal and rejection.,ማግለልን እና መከልከልን ያበረታታል።
2107,They are not real people.,እውነተኛ ሰው አይደሉም።,hate_speech,የጥላቻ ንግግር,dehumanization,ሰብዓዊነትን መንፈግ,Yes,አዎ አለ,group,ቡድን,high,ከፍተኛ,English-Amharic,Strips humanity from the target.,ሰውነትን ይክዳል።
2108,Nobody wants to hear you.,ማንም ሊሰማሽ አይፈልግም።,hate_speech,የጥላቻ ንግግር,silencing,ዝም ማሰኘት,Yes,አዎ አለ,individual,ግለሰብ,low,ዝቅተኛ,English-Amharic,Suppresses participation and recognition.,ተሳትፎን እና እውቅናን ይከልክላል።
2109,Let us find a solution that works for everyone.,ለሁሉም የሚሰራ መፍትሄ እንፈልግ።,safe,ጥሩ ንግግር,none,የለም,No,የለም,none,የለም,zero,ዜሮ,English-Amharic,"Affirms dignity, cooperation, and mutual respect.",ክብርን፣ ትብብርን እና መከባበርን ያበረታታል።
2110,They threaten our safety.,ደህንነታችንን ይሸብራሉ።,hate_speech,የጥላቻ ንግግር,threat,ማስፈራሪያ,Yes,አዎ አለ,group,ቡድን,high,ከፍተኛ,English-Amharic,Frames the target as danger.,እንደ ስጋት ይቀርባል።
2111,Everyone deserves dignity.,ሁሉም ሰው ክብር ይገባዋል።,safe,ጥሩ ንግግር,none,የለም,No,የለም,none,የለም,zero,ዜሮ,English-Amharic,"Affirms dignity, cooperation, and mutual respect.",ክብርን፣ ትብብርን እና መከባበርን ያበረታታል።
2112,We should correct mistakes without humiliation.,ሰዎችን ሳናዋርድ ስህተትን ማስተካከል አለብን።,safe,ጥሩ ንግግር,none,የለም,No,የለም,none,የለም,zero,ዜሮ,English-Amharic,"Affirms dignity, cooperation, and mutual respect.",ክብርን፣ ትብብርን እና መከባበርን ያበረታታል።
2113,We should speak respectfully.,በክብር መናገር አለብን።,safe,ጥሩ ንግግር,none,የለም,No,የለም,none,የለም,zero,ዜሮ,English-Amharic,"Affirms dignity, cooperation, and mutual respect.",ክብርን፣ ትብብርን እና መከባበርን ያበረታታል።
2114,We should treat people fairly.,ሰዎችን በፍትሃዊነት ማየት አለብን።,safe,ጥሩ ንግግር,none,የለም,No,የለም,none,የለም,zero,ዜሮ,English-Amharic,"Affirms dignity, cooperation, and mutual respect.",ክብርን፣ ትብብርን እና መከባበርን ያበረታታል።
2115,We should treat people fairly.,ሰዎችን በፍትሃዊነት ማየት አለብን።,safe,ጥሩ ንግግር,none,የለም,No,የለም,none,የለም,zero,ዜሮ,English-Amharic,"Affirms dignity, cooperation, and mutual respect.",ክብርን፣ ትብብርን እና መከባበርን ያበረታታል።
2116,You do not belong in this community.,በዚህ ማህበረሰብ ውስጥ አትገባም።,hate_speech,የጥላቻ ንግግር,belonging denial,አባልነትን መከልከል,Yes,አዎ አለ,group,ቡድን,high,ከፍተኛ,English-Amharic,Denies membership and belonging.,አባልነትን እና ተሳትፎን ይከለክላል።
2117,You have no place among us.,ከእኛ መካከል ቦታ የለህም።,hate_speech,የጥላቻ ንግግር,belonging denial,አባልነትን መከልከል,Yes,አዎ አለ,group,ቡድን,high,ከፍተኛ,English-Amharic,Denies membership and belonging.,አባልነትን እና ተሳትፎን ይከለክላል።
2118,Let us work for peace.,ለሰላም በጋራ እንስራ።,safe,ጥሩ ንግግር,none,የለም,No,የለም,none,የለም,zero,ዜሮ,English-Amharic,"Affirms dignity, cooperation, and mutual respect.",ክብርን፣ ትብብርን እና መከባበርን ያበረታታል።
2119,Every person should be heard.,እያንዳንዱ ሰው መሰማት አለበት።,safe,ጥሩ ንግግር,none,የለም,No,የለም,none,የለም,zero,ዜሮ,English-Amharic,"Affirms dignity, cooperation, and mutual respect.",ክብርን፣ ትብብርን እና መከባበርን ያበረታታል።
2120,They are a danger to everyone.,እነሱ ለሁሉም ስጋት ናቸው።,hate_speech,የጥላቻ ንግግር,threat,ማስፈራሪያ,Yes,አዎ አለ,group,ቡድን,high,ከፍተኛ,English-Amharic,Frames the target as danger.,እንደ ስጋት ይቀርባል።
2121,We should listen before judging.,ከመፍረድ በፊት ማዳመጥ አለብን።,safe,ጥሩ ንግግር,none,የለም,No,የለም,none,የለም,zero,ዜሮ,English-Amharic,"Affirms dignity, cooperation, and mutual respect.",ክብርን፣ ትብብርን እና መከባበርን ያበረታታል።
2122,They are not fully human.,እነሱ ሙሉ ሰው አይደሉም።,hate_speech,የጥላቻ ንግግር,dehumanization,ሰብዓዊነትን መንፈግ,Yes,አዎ አለ,group,ቡድን,high,ከፍተኛ,English-Amharic,Strips humanity from the target.,ሰውነትን ይክዳል።
2123,Different views can still be handled kindly.,የተለያዩ አስተያየቶች በበጎ ሊታዩ ይችላሉ።,safe,ጥሩ ንግግር,none,የለም,No,የለም,none,የለም,zero,ዜሮ,English-Amharic,"Affirms dignity, cooperation, and mutual respect.",ክብርን፣ ትብብርን እና መከባበርን ያበረታታል።
2124,Everyone has value in this room.,በዚህ ክፍል ያለ ሁሉም ሰው ዋጋ አለው።,safe,ጥሩ ንግግር,none,የለም,No,የለም,none,የለም,zero,ዜሮ,English-Amharic,"Affirms dignity, cooperation, and mutual respect.",ክብርን፣ ትብብርን እና መከባበርን ያበረታታል።
2125,People like them always cause trouble.,እንደ እነሱ ያሉ ሰዎች ሁልጊዜ ችግር ያመጣሉ።,hate_speech,የጥላቻ ንግግር,stereotyping,የተዛባ አመለካከት,Yes,አዎ አለ,group,ቡድን,low,ዝቅተኛ,English-Amharic,Uses harmful group stereotype.,ለአንድ ቡድን ያለ የተዛባ አመለካከት።
2126,Let us work for peace.,ለሰላም በጋራ እንስራ።,safe,ጥሩ ንግግር,none,የለም,No,የለም,none,የለም,zero,ዜሮ,English-Amharic,"Affirms dignity, cooperation, and mutual respect.",ክብርን፣ ትብብርን እና መከባበርን ያበረታታል።
2127,They are not real people.,እውነተኛ ሰው አይደሉም።,hate_speech,የጥላቻ ንግግር,dehumanization,ሰብዓዊነትን መንፈግ,Yes,አዎ አለ,group,ቡድን,high,ከፍተኛ,English-Amharic,Strips humanity from the target.,ሰውነትን ይክዳል።
2128,We should listen before judging.,ከመፍረድ በፊት ማዳመጥ አለብን።,safe,ጥሩ ንግግር,none,የለም,No,የለም,none,የለም,zero,ዜሮ,English-Amharic,"Affirms dignity, cooperation, and mutual respect.",ክብርን፣ ትብብርን እና መከባበርን ያበረታታል።
2129,They threaten our safety.,ደህንነታችንን ይሸብራሉ።,hate_speech,የጥላቻ ንግግር,threat,ማስፈራሪያ,Yes,አዎ አለ,group,ቡድን,high,ከፍተኛ,English-Amharic,Frames the target as danger.,እንደ ስጋት ይቀርባል።
2130,You do not belong here.,ይህ የእናንተ ቦታ አይደለም።,hate_speech,የጥላቻ ንግግር,belonging denial,አባልነትን መከልከል,Yes,አዎ አለ,group,ቡድን,high,ከፍተኛ,English-Amharic,Denies membership and belonging.,አባልነትን እና ተሳትፎን ይከለክላል።
2131,They are not fully human.,እነሱ ሙሉ ሰው አይደሉም።,hate_speech,የጥላቻ ንግግር,dehumanization,ሰብዓዊነትን መንፈግ,Yes,አዎ አለ,group,ቡድን,high,ከፍተኛ,English-Amharic,Strips humanity from the target.,ሰውነትን ይክዳል።
2132,They are not real people.,እውነተኛ ሰው አይደሉም።,hate_speech,የጥላቻ ንግግር,dehumanization,ሰብዓዊነትን መንፈግ,Yes,አዎ አለ,group,ቡድን,high,ከፍተኛ,English-Amharic,Strips humanity from the target.,ሰውነትን ይክዳል።
2133,We can solve this together.,ይህን በጋራ መፍታት እንችላለን።,safe,ጥሩ ንግግር,none,የለም,No,የለም,none,የለም,zero,ዜሮ,English-Amharic,"Affirms dignity, cooperation, and mutual respect.",ክብርን፣ ትብብርን እና መከባበርን ያበረታታል።
2134,We should fear what they will do.,ምን እንደሚያደርጉ መፍራት አለብን።,hate_speech,የጥላቻ ንግግር,threat,ማስፈራሪያ,Yes,አዎ አለ,group,ቡድን,high,ከፍተኛ,English-Amharic,Frames the target as danger.,እንደ ስጋት ይቀርባል።
2135,They are not fully human.,እነሱ ሙሉ ሰው አይደሉም።,hate_speech,የጥላቻ ንግግር,dehumanization,ሰብዓዊነትን መንፈግ,Yes,አዎ አለ,group,ቡድን,high,ከፍተኛ,English-Amharic,Strips humanity from the target.,ሰውነትን ይክዳል።
2136,A fair discussion includes every voice.,ፍትሃዊ ውይይት ሁሉንም ድምፅ ያካትታል።,safe,ጥሩ ንግግር,none,የለም,No,የለም,none,የለም,zero,ዜሮ,English-Amharic,"Affirms dignity, cooperation, and mutual respect.",ክብርን፣ ትብብርን እና መከባበርን ያበረታታል።
2137,We can solve this together.,ይህን በጋራ መፍታት እንችላለን።,safe,ጥሩ ንግግር,none,የለም,No,የለም,none,የለም,zero,ዜሮ,English-Amharic,"Affirms dignity, cooperation, and mutual respect.",ክብርን፣ ትብብርን እና መከባበርን ያበረታታል።
2138,Everyone deserves dignity.,ሁሉም ሰው ክብር ይገባዋል።,safe,ጥሩ ንግግር,none,የለም,No,የለም,none,የለም,zero,ዜሮ,English-Amharic,"Affirms dignity, cooperation, and mutual respect.",ክብርን፣ ትብብርን እና መከባበርን ያበረታታል።
2139,We should treat people fairly.,ሰዎችን በፍትሃዊነት ማየት አለብን።,safe,ጥሩ ንግግር,none,የለም,No,የለም,none,የለም,zero,ዜሮ,English-Amharic,"Affirms dignity, cooperation, and mutual respect.",ክብርን፣ ትብብርን እና መከባበርን ያበረታታል።
2140,Let us work for peace.,ለሰላም በጋራ እንስራ።,safe,ጥሩ ንግግር,none,የለም,No,የለም,none,የለም,zero,ዜሮ,English-Amharic,"Affirms dignity, cooperation, and mutual respect.",ክብርን፣ ትብብርን እና መከባበርን ያበረታታል።
2141,Every person should be heard.,እያንዳንዱ ሰው መሰማት አለበት።,safe,ጥሩ ንግግር,none,የለም,No,የለም,none,የለም,zero,ዜሮ,English-Amharic,"Affirms dignity, cooperation, and mutual respect.",ክብርን፣ ትብብርን እና መከባበርን ያበረታታል።
2142,We can solve this together.,ይህን በጋራ መፍታት እንችላለን።,safe,ጥሩ ንግግር,none,የለም,No,የለም,none,የለም,zero,ዜሮ,English-Amharic,"Affirms dignity, cooperation, and mutual respect.",ክብርን፣ ትብብርን እና መከባበርን ያበረታታል።
2143,We should listen before judging.,ከመፍረድ በፊት ማዳመጥ አለብን።,safe,ጥሩ ንግግር,none,የለም,No,የለም,none,የለም,zero,ዜሮ,English-Amharic,"Affirms dignity, cooperation, and mutual respect.",ክብርን፣ ትብብርን እና መከባበርን ያበረታታል።
2144,Respect helps communities grow stronger.,ክብር ማህበረሰቦችን ያጠናክራል።,safe,ጥሩ ንግግር,none,የለም,No,የለም,none,የለም,zero,ዜሮ,English-Amharic,"Affirms dignity, cooperation, and mutual respect.",ክብርን፣ ትብብርን እና መከባበርን ያበረታታል።
2145,You should be pushed out.,መባረር አለብህ።,hate_speech,የጥላቻ ንግግር,exclusion,ማግለል,Yes,አዎ አለ,group,ቡድን,high,ከፍተኛ,English-Amharic,Pushes removal and rejection.,ማግለልን እና መከልከልን ያበረታታል።
2146,They are not real people.,እውነተኛ ሰው አይደሉም።,hate_speech,የጥላቻ ንግግር,dehumanization,ሰብዓዊነትን መንፈግ,Yes,አዎ አለ,group,ቡድን,high,ከፍተኛ,English-Amharic,Strips humanity from the target.,ሰውነትን ይክዳል።
2147,Let us work for peace.,ለሰላም በጋራ እንስራ።,safe,ጥሩ ንግግር,none,የለም,No,የለም,none,የለም,zero,ዜሮ,English-Amharic,"Affirms dignity, cooperation, and mutual respect.",ክብርን፣ ትብብርን እና መከባበርን ያበረታታል።
2148,We should speak respectfully.,በክብር መናገር አለብን።,safe,ጥሩ ንግግር,none,የለም,No,የለም,none,የለም,zero,ዜሮ,English-Amharic,"Affirms dignity, cooperation, and mutual respect.",ክብርን፣ ትብብርን እና መከባበርን ያበረታታል።
2149,They threaten our safety.,ደህንነታችንን ይሸብራሉ።,hate_speech,የጥላቻ ንግግር,threat,ማስፈራሪያ,Yes,አዎ አለ,group,ቡድን,high,ከፍተኛ,English-Amharic,Frames the target as danger.,እንደ ስጋት ይቀርባል።
2150,Everyone deserves dignity.,ሁሉም ሰው ክብር ይገባዋል።,safe,ጥሩ ንግግር,none,የለም,No,የለም,none,የለም,zero,ዜሮ,English-Amharic,"Affirms dignity, cooperation, and mutual respect.",ክብርን፣ ትብብርን እና መከባበርን ያበረታታል።
2151,Every person should be heard.,እያንዳንዱ ሰው መሰማት አለበት።,safe,ጥሩ ንግግር,none,የለም,No,የለም,none,የለም,zero,ዜሮ,English-Amharic,"Affirms dignity, cooperation, and mutual respect.",ክብርን፣ ትብብርን እና መከባበርን ያበረታታል።
2152,We should speak respectfully.,በክብር መናገር አለብን።,safe,ጥሩ ንግግር,none,የለም,No,የለም,none,የለም,zero,ዜሮ,English-Amharic,"Affirms dignity, cooperation, and mutual respect.",ክብርን፣ ትብብርን እና መከባበርን ያበረታታል።
2153,People deserve fairness and care.,ሰዎች ፍትሃዊነት እና እንክብካቤ ይገባቸዋል።,safe,ጥሩ ንግግር,none,የለም,No,የለም,none,የለም,zero,ዜሮ,English-Amharic,"Affirms dignity, cooperation, and mutual respect.",ክብርን፣ ትብብርን እና መከባበርን ያበረታታል።
2154,You should stay silent.,ዝም በይ።,hate_speech,የጥላቻ ንግግር,silencing,ዝም ማሰኘት,Yes,አዎ አለ,individual,ግለሰብ,low,ዝቅተኛ,English-Amharic,Suppresses participation and recognition.,ተሳትፎን እና እውቅናን ይከልክላል።
2155,We can disagree without hate.,ባንስማማም አለመጣላት እንችላለን።,safe,ጥሩ ንግግር,none,የለም,No,የለም,none,የለም,zero,ዜሮ,English-Amharic,"Affirms dignity, cooperation, and mutual respect.",ክብርን፣ ትብብርን እና መከባበርን ያበረታታል።
2156,Let us work for peace.,ለሰላም በጋራ እንስራ።,safe,ጥሩ ንግግር,none,የለም,No,የለም,none,የለም,zero,ዜሮ,English-Amharic,"Affirms dignity, cooperation, and mutual respect.",ክብርን፣ ትብብርን እና መከባበርን ያበረታታል።
2157,We should correct mistakes without humiliation.,ሰዎችን ሳናዋርድ ስህተትን ማስተካከል አለብን።,safe,ጥሩ ንግግር,none,የለም,No,የለም,none,የለም,zero,ዜሮ,English-Amharic,"Affirms dignity, cooperation, and mutual respect.",ክብርን፣ ትብብርን እና መከባበርን ያበረታታል።
2158,We should speak respectfully.,በክብር መናገር አለብን።,safe,ጥሩ ንግግር,none,የለም,No,የለም,none,የለም,zero,ዜሮ,English-Amharic,"Affirms dignity, cooperation, and mutual respect.",ክብርን፣ ትብብርን እና መከባበርን ያበረታታል።
2159,Everyone has value in this room.,በዚህ ክፍል ያለ ሁሉም ሰው ዋጋ አለው።,safe,ጥሩ ንግግር,none,የለም,No,የለም,none,የለም,zero,ዜሮ,English-Amharic,"Affirms dignity, cooperation, and mutual respect.",ክብርን፣ ትብብርን እና መከባበርን ያበረታታል።
2160,People like them always cause trouble.,እንደ እነሱ ያሉ ሰዎች ሁልጊዜ ችግር ያመጣሉ።,hate_speech,የጥላቻ ንግግር,stereotyping,የተዛባ አመለካከት,Yes,አዎ አለ,group,ቡድን,low,ዝቅተኛ,English-Amharic,Uses harmful group stereotype.,ለአንድ ቡድን ያለ የተዛባ አመለካከት።
2161,We should correct mistakes without humiliation.,ሰዎችን ሳናዋርድ ስህተትን ማስተካከል አለብን።,safe,ጥሩ ንግግር,none,የለም,No,የለም,none,የለም,zero,ዜሮ,English-Amharic,"Affirms dignity, cooperation, and mutual respect.",ክብርን፣ ትብብርን እና መከባበርን ያበረታታል።
2162,We should speak respectfully.,በክብር መናገር አለብን።,safe,ጥሩ ንግግር,none,የለም,No,የለም,none,የለም,zero,ዜሮ,English-Amharic,"Affirms dignity, cooperation, and mutual respect.",ክብርን፣ ትብብርን እና መከባበርን ያበረታታል።
2163,We should speak respectfully.,በክብር መናገር አለብን።,safe,ጥሩ ንግግር,none,የለም,No,የለም,none,የለም,zero,ዜሮ,English-Amharic,"Affirms dignity, cooperation, and mutual respect.",ክብርን፣ ትብብርን እና መከባበርን ያበረታታል።
2164,We can disagree without hate.,ባንስማማም አለመጣላት እንችላለን።,safe,ጥሩ ንግግር,none,የለም,No,የለም,none,የለም,zero,ዜሮ,English-Amharic,"Affirms dignity, cooperation, and mutual respect.",ክብርን፣ ትብብርን እና መከባበርን ያበረታታል።
2165,Let us work for peace.,ለሰላም በጋራ እንስራ።,safe,ጥሩ ንግግር,none,የለም,No,የለም,none,የለም,zero,ዜሮ,English-Amharic,"Affirms dignity, cooperation, and mutual respect.",ክብርን፣ ትብብርን እና መከባበርን ያበረታታል።
2166,They threaten our safety.,ደህንነታችንን ይሸብራሉ።,hate_speech,የጥላቻ ንግግር,threat,ማስፈራሪያ,Yes,አዎ አለ,group,ቡድን,high,ከፍተኛ,English-Amharic,Frames the target as danger.,እንደ ስጋት ይቀርባል።
2167,Everyone has value in this room.,በዚህ ክፍል ያለ ሁሉም ሰው ዋጋ አለው።,safe,ጥሩ ንግግር,none,የለም,No,የለም,none,የለም,zero,ዜሮ,English-Amharic,"Affirms dignity, cooperation, and mutual respect.",ክብርን፣ ትብብርን እና መከባበርን ያበረታታል።
2168,Leave our community now.,ከማህበረሰባችን አሁን ውጣ።,hate_speech,የጥላቻ ንግግር,exclusion,ማግለል,Yes,አዎ አለ,group,ቡድን,high,ከፍተኛ,English-Amharic,Pushes removal and rejection.,ማግለልን እና መከልከልን ያበረታታል።
2169,People deserve fairness and care.,ሰዎች ፍትሃዊነት እና እንክብካቤ ይገባቸዋል።,safe,ጥሩ ንግግር,none,የለም,No,የለም,none,የለም,zero,ዜሮ,English-Amharic,"Affirms dignity, cooperation, and mutual respect.",ክብርን፣ ትብብርን እና መከባበርን ያበረታታል።
2170,We should listen before judging.,ከመፍረድ በፊት ማዳመጥ አለብን።,safe,ጥሩ ንግግር,none,የለም,No,የለም,none,የለም,zero,ዜሮ,English-Amharic,"Affirms dignity, cooperation, and mutual respect.",ክብርን፣ ትብብርን እና መከባበርን ያበረታታል።
2171,You have no place among us.,ከእኛ መካከል ቦታ የለህም።,hate_speech,የጥላቻ ንግግር,belonging denial,አባልነትን መከልከል,Yes,አዎ አለ,group,ቡድን,high,ከፍተኛ,English-Amharic,Denies membership and belonging.,አባልነትን እና ተሳትፎን ይከለክላል።
2172,Everyone deserves dignity.,ሁሉም ሰው ክብር ይገባዋል።,safe,ጥሩ ንግግር,none,የለም,No,የለም,none,የለም,zero,ዜሮ,English-Amharic,"Affirms dignity, cooperation, and mutual respect.",ክብርን፣ ትብብርን እና መከባበርን ያበረታታል።
2173,Get out of our space.,ከቦታችን ውጣ።,hate_speech,የጥላቻ ንግግር,exclusion,ማግለል,Yes,አዎ አለ,group,ቡድን,high,ከፍተኛ,English-Amharic,Pushes removal and rejection.,ማግለልን እና መከልከልን ያበረታታል።
2174,We should correct mistakes without humiliation.,ሰዎችን ሳናዋርድ ስህተትን ማስተካከል አለብን።,safe,ጥሩ ንግግር,none,የለም,No,የለም,none,የለም,zero,ዜሮ,English-Amharic,"Affirms dignity, cooperation, and mutual respect.",ክብርን፣ ትብብርን እና መከባበርን ያበረታታል።
2175,They are a danger to everyone.,እነሱ ለሁሉም ስጋት ናቸው።,hate_speech,የጥላቻ ንግግር,threat,ማስፈራሪያ,Yes,አዎ አለ,group,ቡድን,high,ከፍተኛ,English-Amharic,Frames the target as danger.,እንደ ስጋት ይቀርባል።
2176,We can solve this together.,ይህን በጋራ መፍታት እንችላለን።,safe,ጥሩ ንግግር,none,የለም,No,የለም,none,የለም,zero,ዜሮ,English-Amharic,"Affirms dignity, cooperation, and mutual respect.",ክብርን፣ ትብብርን እና መከባበርን ያበረታታል።
2177,We should fear what they will do.,ምን እንደሚያደርጉ መፍራት አለብን።,hate_speech,የጥላቻ ንግግር,threat,ማስፈራሪያ,Yes,አዎ አለ,group,ቡድን,high,ከፍተኛ,English-Amharic,Frames the target as danger.,እንደ ስጋት ይቀርባል።
2178,People deserve fairness and care.,ሰዎች ፍትሃዊነት እና እንክብካቤ ይገባቸዋል።,safe,ጥሩ ንግግር,none,የለም,No,የለም,none,የለም,zero,ዜሮ,English-Amharic,"Affirms dignity, cooperation, and mutual respect.",ክብርን፣ ትብብርን እና መከባበርን ያበረታታል።
2179,We can solve this together.,ይህን በጋራ መፍታት እንችላለን።,safe,ጥሩ ንግግር,none,የለም,No,የለም,none,የለም,zero,ዜሮ,English-Amharic,"Affirms dignity, cooperation, and mutual respect.",ክብርን፣ ትብብርን እና መከባበርን ያበረታታል።
2180,People deserve fairness and care.,ሰዎች ፍትሃዊነት እና እንክብካቤ ይገባቸዋል።,safe,ጥሩ ንግግር,none,የለም,No,የለም,none,የለም,zero,ዜሮ,English-Amharic,"Affirms dignity, cooperation, and mutual respect.",ክብርን፣ ትብብርን እና መከባበርን ያበረታታል።
2181,Everyone has value in this room.,በዚህ ክፍል ያለ ሁሉም ሰው ዋጋ አለው።,safe,ጥሩ ንግግር,none,የለም,No,የለም,none,የለም,zero,ዜሮ,English-Amharic,"Affirms dignity, cooperation, and mutual respect.",ክብርን፣ ትብብርን እና መከባበርን ያበረታታል።
2182,They are not fully human.,እነሱ ሙሉ ሰው አይደሉም።,hate_speech,የጥላቻ ንግግር,dehumanization,ሰብዓዊነትን መንፈግ,Yes,አዎ አለ,group,ቡድን,high,ከፍተኛ,English-Amharic,Strips humanity from the target.,ሰውነትን ይክዳል።
2183,You have no place among us.,ከእኛ መካከል ቦታ የለህም።,hate_speech,የጥላቻ ንግግር,belonging denial,አባልነትን መከልከል,Yes,አዎ አለ,group,ቡድን,high,ከፍተኛ,English-Amharic,Denies membership and belonging.,አባልነትን እና ተሳትፎን ይከለክላል።
2184,Let us find a solution that works for everyone.,ለሁሉም የሚሰራ መፍትሄ እንፈልግ።,safe,ጥሩ ንግግር,none,የለም,No,የለም,none,የለም,zero,ዜሮ,English-Amharic,"Affirms dignity, cooperation, and mutual respect.",ክብርን፣ ትብብርን እና መከባበርን ያበረታታል።
2185,We can solve this together.,ይህን በጋራ መፍታት እንችላለን።,safe,ጥሩ ንግግር,none,የለም,No,የለም,none,የለም,zero,ዜሮ,English-Amharic,"Affirms dignity, cooperation, and mutual respect.",ክብርን፣ ትብብርን እና መከባበርን ያበረታታል።
2186,Nobody wants to hear you.,ማንም ሊሰማሽ አይፈልግም።,hate_speech,የጥላቻ ንግግር,silencing,ዝም ማሰኘት,Yes,አዎ አለ,individual,ግለሰብ,low,ዝቅተኛ,English-Amharic,Suppresses participation and recognition.,ተሳትፎን እና እውቅናን ይከልክላል።
2187,Get out of our space.,ከቦታችን ውጣ።,hate_speech,የጥላቻ ንግግር,exclusion,ማግለል,Yes,አዎ አለ,group,ቡድን,high,ከፍተኛ,English-Amharic,Pushes removal and rejection.,ማግለልን እና መከልከልን ያበረታታል።
2188,We should treat people fairly.,ሰዎችን በፍትሃዊነት ማየት አለብን።,safe,ጥሩ ንግግር,none,የለም,No,የለም,none,የለም,zero,ዜሮ,English-Amharic,"Affirms dignity, cooperation, and mutual respect.",ክብርን፣ ትብብርን እና መከባበርን ያበረታታል።
2189,You do not belong here.,ይህ የእናንተ ቦታ አይደለም።,hate_speech,የጥላቻ ንግግር,belonging denial,አባልነትን መከልከል,Yes,አዎ አለ,group,ቡድን,high,ከፍተኛ,English-Amharic,Denies membership and belonging.,አባልነትን እና ተሳትፎን ይከለክላል።
2190,We can solve this together.,ይህን በጋራ መፍታት እንችላለን።,safe,ጥሩ ንግግር,none,የለም,No,የለም,none,የለም,zero,ዜሮ,English-Amharic,"Affirms dignity, cooperation, and mutual respect.",ክብርን፣ ትብብርን እና መከባበርን ያበረታታል።
2191,We should speak respectfully.,በክብር መናገር አለብን።,safe,ጥሩ ንግግር,none,የለም,No,የለም,none,የለም,zero,ዜሮ,English-Amharic,"Affirms dignity, cooperation, and mutual respect.",ክብርን፣ ትብብርን እና መከባበርን ያበረታታል።
2192,They are not fully human.,እነሱ ሙሉ ሰው አይደሉም።,hate_speech,የጥላቻ ንግግር,dehumanization,ሰብዓዊነትን መንፈግ,Yes,አዎ አለ,group,ቡድን,high,ከፍተኛ,English-Amharic,Strips humanity from the target.,ሰውነትን ይክዳል።
2193,You have no place among us.,ከእኛ መካከል ቦታ የለህም።,hate_speech,የጥላቻ ንግግር,belonging denial,አባልነትን መከልከል,Yes,አዎ አለ,group,ቡድን,high,ከፍተኛ,English-Amharic,Denies membership and belonging.,አባልነትን እና ተሳትፎን ይከለክላል።
2194,We should treat people fairly.,ሰዎችን በፍትሃዊነት ማየት አለብን።,safe,ጥሩ ንግግር,none,የለም,No,የለም,none,የለም,zero,ዜሮ,English-Amharic,"Affirms dignity, cooperation, and mutual respect.",ክብርን፣ ትብብርን እና መከባበርን ያበረታታል።
2195,Let us work for peace.,ለሰላም በጋራ እንስራ።,safe,ጥሩ ንግግር,none,የለም,No,የለም,none,የለም,zero,ዜሮ,English-Amharic,"Affirms dignity, cooperation, and mutual respect.",ክብርን፣ ትብብርን እና መከባበርን ያበረታታል።
2196,You have no place among us.,ከእኛ መካከል ቦታ የለህም።,hate_speech,የጥላቻ ንግግር,belonging denial,አባልነትን መከልከል,Yes,አዎ አለ,group,ቡድን,high,ከፍተኛ,English-Amharic,Denies membership and belonging.,አባልነትን እና ተሳትፎን ይከለክላል።
2197,A fair discussion includes every voice.,ፍትሃዊ ውይይት ሁሉንም ድምፅ ያካትታል።,safe,ጥሩ ንግግር,none,የለም,No,የለም,none,የለም,zero,ዜሮ,English-Amharic,"Affirms dignity, cooperation, and mutual respect.",ክብርን፣ ትብብርን እና መከባበርን ያበረታታል።
2198,You have no place among us.,ከእኛ መካከል ቦታ የለህም።,hate_speech,የጥላቻ ንግግር,belonging denial,አባልነትን መከልከል,Yes,አዎ አለ,group,ቡድን,high,ከፍተኛ,English-Amharic,Denies membership and belonging.,አባልነትን እና ተሳትፎን ይከለክላል።
2199,Every person should be heard.,እያንዳንዱ ሰው መሰማት አለበት።,safe,ጥሩ ንግግር,none,የለም,No,የለም,none,የለም,zero,ዜሮ,English-Amharic,"Affirms dignity, cooperation, and mutual respect.",ክብርን፣ ትብብርን እና መከባበርን ያበረታታል።
2200,Everyone deserves dignity.,ሁሉም ሰው ክብር ይገባዋል።,safe,ጥሩ ንግግር,none,የለም,No,የለም,none,የለም,zero,ዜሮ,English-Amharic,"Affirms dignity, cooperation, and mutual respect.",ክብርን፣ ትብብርን እና መከባበርን ያበረታታል።
2201,Nobody wants to hear you.,ማንም ሊሰማሽ አይፈልግም።,hate_speech,የጥላቻ ንግግር,silencing,ዝም ማሰኘት,Yes,አዎ አለ,individual,ግለሰብ,low,ዝቅተኛ,English-Amharic,Suppresses participation and recognition.,ተሳትፎን እና እውቅናን ይከልክላል።
2202,Nobody wants to hear you.,ማንም ሊሰማሽ አይፈልግም።,hate_speech,የጥላቻ ንግግር,silencing,ዝም ማሰኘት,Yes,አዎ አለ,individual,ግለሰብ,low,ዝቅተኛ,English-Amharic,Suppresses participation and recognition.,ተሳትፎን እና እውቅናን ይከልክላል።
2203,Every person should be heard.,እያንዳንዱ ሰው መሰማት አለበት።,safe,ጥሩ ንግግር,none,የለም,No,የለም,none,የለም,zero,ዜሮ,English-Amharic,"Affirms dignity, cooperation, and mutual respect.",ክብርን፣ ትብብርን እና መከባበርን ያበረታታል።
2204,Everyone has value in this room.,በዚህ ክፍል ያለ ሁሉም ሰው ዋጋ አለው።,safe,ጥሩ ንግግር,none,የለም,No,የለም,none,የለም,zero,ዜሮ,English-Amharic,"Affirms dignity, cooperation, and mutual respect.",ክብርን፣ ትብብርን እና መከባበርን ያበረታታል።
2205,We should correct mistakes without humiliation.,ሰዎችን ሳናዋርድ ስህተትን ማስተካከል አለብን።,safe,ጥሩ ንግግር,none,የለም,No,የለም,none,የለም,zero,ዜሮ,English-Amharic,"Affirms dignity, cooperation, and mutual respect.",ክብርን፣ ትብብርን እና መከባበርን ያበረታታል።
2206,They are not real people.,እውነተኛ ሰው አይደሉም።,hate_speech,የጥላቻ ንግግር,dehumanization,ሰብዓዊነትን መንፈግ,Yes,አዎ አለ,group,ቡድን,high,ከፍተኛ,English-Amharic,Strips humanity from the target.,ሰውነትን ይክዳል።
2207,That group is always the problem.,ያ ቡድን ሁልጊዜ ችግር ነው።,hate_speech,የጥላቻ ንግግር,stereotyping,የተዛባ አመለካከት,Yes,አዎ አለ,group,ቡድን,low,ዝቅተኛ,English-Amharic,Uses harmful group stereotype.,ለአንድ ቡድን ያለ የተዛባ አመለካከት።
2208,You do not belong in this community.,በዚህ ማህበረሰብ ውስጥ አትገባም።,hate_speech,የጥላቻ ንግግር,belonging denial,አባልነትን መከልከል,Yes,አዎ አለ,group,ቡድን,high,ከፍተኛ,English-Amharic,Denies membership and belonging.,አባልነትን እና ተሳትፎን ይከለክላል።
2209,Leave our community now.,ከማህበረሰባችን አሁን ውጣ።,hate_speech,የጥላቻ ንግግር,exclusion,ማግለል,Yes,አዎ አለ,group,ቡድን,high,ከፍተኛ,English-Amharic,Pushes removal and rejection.,ማግለልን እና መከልከልን ያበረታታል።
2210,Everyone has value in this room.,በዚህ ክፍል ያለ ሁሉም ሰው ዋጋ አለው።,safe,ጥሩ ንግግር,none,የለም,No,የለም,none,የለም,zero,ዜሮ,English-Amharic,"Affirms dignity, cooperation, and mutual respect.",ክብርን፣ ትብብርን እና መከባበርን ያበረታታል።
2211,You should stay silent.,ዝም በይ።,hate_speech,የጥላቻ ንግግር,silencing,ዝም ማሰኘት,Yes,አዎ አለ,individual,ግለሰብ,low,ዝቅተኛ,English-Amharic,Suppresses participation and recognition.,ተሳትፎን እና እውቅናን ይከልክላል።
2212,Let us find a solution that works for everyone.,ለሁሉም የሚሰራ መፍትሄ እንፈልግ።,safe,ጥሩ ንግግር,none,የለም,No,የለም,none,የለም,zero,ዜሮ,English-Amharic,"Affirms dignity, cooperation, and mutual respect.",ክብርን፣ ትብብርን እና መከባበርን ያበረታታል።
2213,Nobody wants to hear you.,ማንም ሊሰማሽ አይፈልግም።,hate_speech,የጥላቻ ንግግር,silencing,ዝም ማሰኘት,Yes,አዎ አለ,individual,ግለሰብ,low,ዝቅተኛ,English-Amharic,Suppresses participation and recognition.,ተሳትፎን እና እውቅናን ይከልክላል።
2214,They are not real people.,እውነተኛ ሰው አይደሉም።,hate_speech,የጥላቻ ንግግር,dehumanization,ሰብዓዊነትን መንፈግ,Yes,አዎ አለ,group,ቡድን,high,ከፍተኛ,English-Amharic,Strips humanity from the target.,ሰውነትን ይክዳል።
2215,They are a danger to everyone.,እነሱ ለሁሉም ስጋት ናቸው።,hate_speech,የጥላቻ ንግግር,threat,ማስፈራሪያ,Yes,አዎ አለ,group,ቡድን,high,ከፍተኛ,English-Amharic,Frames the target as danger.,እንደ ስጋት ይቀርባል።
2216,They are not real people.,እውነተኛ ሰው አይደሉም።,hate_speech,የጥላቻ ንግግር,dehumanization,ሰብዓዊነትን መንፈግ,Yes,አዎ አለ,group,ቡድን,high,ከፍተኛ,English-Amharic,Strips humanity from the target.,ሰውነትን ይክዳል።
2217,Different views can still be handled kindly.,የተለያዩ አስተያየቶች በበጎ ሊታዩ ይችላሉ።,safe,ጥሩ ንግግር,none,የለም,No,የለም,none,የለም,zero,ዜሮ,English-Amharic,"Affirms dignity, cooperation, and mutual respect.",ክብርን፣ ትብብርን እና መከባበርን ያበረታታል።
2218,You should be pushed out.,መባረር አለብህ።,hate_speech,የጥላቻ ንግግር,exclusion,ማግለል,Yes,አዎ አለ,group,ቡድን,high,ከፍተኛ,English-Amharic,Pushes removal and rejection.,ማግለልን እና መከልከልን ያበረታታል።
2219,People deserve fairness and care.,ሰዎች ፍትሃዊነት እና እንክብካቤ ይገባቸዋል።,safe,ጥሩ ንግግር,none,የለም,No,የለም,none,የለም,zero,ዜሮ,English-Amharic,"Affirms dignity, cooperation, and mutual respect.",ክብርን፣ ትብብርን እና መከባበርን ያበረታታል።
2220,Everyone has value in this room.,በዚህ ክፍል ያለ ሁሉም ሰው ዋጋ አለው።,safe,ጥሩ ንግግር,none,የለም,No,የለም,none,የለም,zero,ዜሮ,English-Amharic,"Affirms dignity, cooperation, and mutual respect.",ክብርን፣ ትብብርን እና መከባበርን ያበረታታል።
2221,People like them always cause trouble.,እንደ እነሱ ያሉ ሰዎች ሁልጊዜ ችግር ያመጣሉ።,hate_speech,የጥላቻ ንግግር,stereotyping,የተዛባ አመለካከት,Yes,አዎ አለ,group,ቡድን,low,ዝቅተኛ,English-Amharic,Uses harmful group stereotype.,ለአንድ ቡድን ያለ የተዛባ አመለካከት።
2222,We should listen before judging.,ከመፍረድ በፊት ማዳመጥ አለብን።,safe,ጥሩ ንግግር,none,የለም,No,የለም,none,የለም,zero,ዜሮ,English-Amharic,"Affirms dignity, cooperation, and mutual respect.",ክብርን፣ ትብብርን እና መከባበርን ያበረታታል።
2223,Leave our community now.,ከማህበረሰባችን አሁን ውጣ።,hate_speech,የጥላቻ ንግግር,exclusion,ማግለል,Yes,አዎ አለ,group,ቡድን,high,ከፍተኛ,English-Amharic,Pushes removal and rejection.,ማግለልን እና መከልከልን ያበረታታል።
2224,You should stay silent.,ዝም በይ።,hate_speech,የጥላቻ ንግግር,silencing,ዝም ማሰኘት,Yes,አዎ አለ,individual,ግለሰብ,low,ዝቅተኛ,English-Amharic,Suppresses participation and recognition.,ተሳትፎን እና እውቅናን ይከልክላል።
2225,We can solve this together.,ይህን በጋራ መፍታት እንችላለን።,safe,ጥሩ ንግግር,none,የለም,No,የለም,none,የለም,zero,ዜሮ,English-Amharic,"Affirms dignity, cooperation, and mutual respect.",ክብርን፣ ትብብርን እና መከባበርን ያበረታታል።
2226,They are not fully human.,እነሱ ሙሉ ሰው አይደሉም።,hate_speech,የጥላቻ ንግግር,dehumanization,ሰብዓዊነትን መንፈግ,Yes,አዎ አለ,group,ቡድን,high,ከፍተኛ,English-Amharic,Strips humanity from the target.,ሰውነትን ይክዳል።
2227,People deserve fairness and care.,ሰዎች ፍትሃዊነት እና እንክብካቤ ይገባቸዋል።,safe,ጥሩ ንግግር,none,የለም,No,የለም,none,የለም,zero,ዜሮ,English-Amharic,"Affirms dignity, cooperation, and mutual respect.",ክብርን፣ ትብብርን እና መከባበርን ያበረታታል።
2228,You should be pushed out.,መባረር አለብህ።,hate_speech,የጥላቻ ንግግር,exclusion,ማግለል,Yes,አዎ አለ,group,ቡድን,high,ከፍተኛ,English-Amharic,Pushes removal and rejection.,ማግለልን እና መከልከልን ያበረታታል።
2229,You have no place among us.,ከእኛ መካከል ቦታ የለህም።,hate_speech,የጥላቻ ንግግር,belonging denial,አባልነትን መከልከል,Yes,አዎ አለ,group,ቡድን,high,ከፍተኛ,English-Amharic,Denies membership and belonging.,አባልነትን እና ተሳትፎን ይከለክላል።
2230,Different views can still be handled kindly.,የተለያዩ አስተያየቶች በበጎ ሊታዩ ይችላሉ።,safe,ጥሩ ንግግር,none,የለም,No,የለም,none,የለም,zero,ዜሮ,English-Amharic,"Affirms dignity, cooperation, and mutual respect.",ክብርን፣ ትብብርን እና መከባበርን ያበረታታል።
2231,We should treat people fairly.,ሰዎችን በፍትሃዊነት ማየት አለብን።,safe,ጥሩ ንግግር,none,የለም,No,የለም,none,የለም,zero,ዜሮ,English-Amharic,"Affirms dignity, cooperation, and mutual respect.",ክብርን፣ ትብብርን እና መከባበርን ያበረታታል።
2232,Leave our community now.,ከማህበረሰባችን አሁን ውጣ።,hate_speech,የጥላቻ ንግግር,exclusion,ማግለል,Yes,አዎ አለ,group,ቡድን,high,ከፍተኛ,English-Amharic,Pushes removal and rejection.,ማግለልን እና መከልከልን ያበረታታል።
2233,You should be pushed out.,መባረር አለብህ።,hate_speech,የጥላቻ ንግግር,exclusion,ማግለል,Yes,አዎ አለ,group,ቡድን,high,ከፍተኛ,English-Amharic,Pushes removal and rejection.,ማግለልን እና መከልከልን ያበረታታል።
2234,Everyone deserves dignity.,ሁሉም ሰው ክብር ይገባዋል።,safe,ጥሩ ንግግር,none,የለም,No,የለም,none,የለም,zero,ዜሮ,English-Amharic,"Affirms dignity, cooperation, and mutual respect.",ክብርን፣ ትብብርን እና መከባበርን ያበረታታል።
2235,Every person should be heard.,እያንዳንዱ ሰው መሰማት አለበት።,safe,ጥሩ ንግግር,none,የለም,No,የለም,none,የለም,zero,ዜሮ,English-Amharic,"Affirms dignity, cooperation, and mutual respect.",ክብርን፣ ትብብርን እና መከባበርን ያበረታታል።
2236,We should listen before judging.,ከመፍረድ በፊት ማዳመጥ አለብን።,safe,ጥሩ ንግግር,none,የለም,No,የለም,none,የለም,zero,ዜሮ,English-Amharic,"Affirms dignity, cooperation, and mutual respect.",ክብርን፣ ትብብርን እና መከባበርን ያበረታታል።
2237,People deserve fairness and care.,ሰዎች ፍትሃዊነት እና እንክብካቤ ይገባቸዋል።,safe,ጥሩ ንግግር,none,የለም,No,የለም,none,የለም,zero,ዜሮ,English-Amharic,"Affirms dignity, cooperation, and mutual respect.",ክብርን፣ ትብብርን እና መከባበርን ያበረታታል።
2238,Get out of our space.,ከቦታችን ውጣ።,hate_speech,የጥላቻ ንግግር,exclusion,ማግለል,Yes,አዎ አለ,group,ቡድን,high,ከፍተኛ,English-Amharic,Pushes removal and rejection.,ማግለልን እና መከልከልን ያበረታታል።
2239,We can solve this together.,ይህን በጋራ መፍታት እንችላለን።,safe,ጥሩ ንግግር,none,የለም,No,የለም,none,የለም,zero,ዜሮ,English-Amharic,"Affirms dignity, cooperation, and mutual respect.",ክብርን፣ ትብብርን እና መከባበርን ያበረታታል።
2240,Every person should be heard.,እያንዳንዱ ሰው መሰማት አለበት።,safe,ጥሩ ንግግር,none,የለም,No,የለም,none,የለም,zero,ዜሮ,English-Amharic,"Affirms dignity, cooperation, and mutual respect.",ክብርን፣ ትብብርን እና መከባበርን ያበረታታል።
2241,We should speak respectfully.,በክብር መናገር አለብን።,safe,ጥሩ ንግግር,none,የለም,No,የለም,none,የለም,zero,ዜሮ,English-Amharic,"Affirms dignity, cooperation, and mutual respect.",ክብርን፣ ትብብርን እና መከባበርን ያበረታታል።
2242,Get out of our space.,ከቦታችን ውጣ።,hate_speech,የጥላቻ ንግግር,exclusion,ማግለል,Yes,አዎ አለ,group,ቡድን,high,ከፍተኛ,English-Amharic,Pushes removal and rejection.,ማግለልን እና መከልከልን ያበረታታል።
2243,They are a danger to everyone.,እነሱ ለሁሉም ስጋት ናቸው።,hate_speech,የጥላቻ ንግግር,threat,ማስፈራሪያ,Yes,አዎ አለ,group,ቡድን,high,ከፍተኛ,English-Amharic,Frames the target as danger.,እንደ ስጋት ይቀርባል።
2244,Let us work for peace.,ለሰላም በጋራ እንስራ።,safe,ጥሩ ንግግር,none,የለም,No,የለም,none,የለም,zero,ዜሮ,English-Amharic,"Affirms dignity, cooperation, and mutual respect.",ክብርን፣ ትብብርን እና መከባበርን ያበረታታል።
2245,They are not real people.,እውነተኛ ሰው አይደሉም።,hate_speech,የጥላቻ ንግግር,dehumanization,ሰብዓዊነትን መንፈግ,Yes,አዎ አለ,group,ቡድን,high,ከፍተኛ,English-Amharic,Strips humanity from the target.,ሰውነትን ይክዳል።
2246,That group is always the problem.,ያ ቡድን ሁልጊዜ ችግር ነው።,hate_speech,የጥላቻ ንግግር,stereotyping,የተዛባ አመለካከት,Yes,አዎ አለ,group,ቡድን,low,ዝቅተኛ,English-Amharic,Uses harmful group stereotype.,ለአንድ ቡድን ያለ የተዛባ አመለካከት።
2247,We should listen before judging.,ከመፍረድ በፊት ማዳመጥ አለብን።,safe,ጥሩ ንግግር,none,የለም,No,የለም,none,የለም,zero,ዜሮ,English-Amharic,"Affirms dignity, cooperation, and mutual respect.",ክብርን፣ ትብብርን እና መከባበርን ያበረታታል።
2248,Everyone deserves dignity.,ሁሉም ሰው ክብር ይገባዋል።,safe,ጥሩ ንግግር,none,የለም,No,የለም,none,የለም,zero,ዜሮ,English-Amharic,"Affirms dignity, cooperation, and mutual respect.",ክብርን፣ ትብብርን እና መከባበርን ያበረታታል።
2249,Different views can still be handled kindly.,የተለያዩ አስተያየቶች በበጎ ሊታዩ ይችላሉ።,safe,ጥሩ ንግግር,none,የለም,No,የለም,none,የለም,zero,ዜሮ,English-Amharic,"Affirms dignity, cooperation, and mutual respect.",ክብርን፣ ትብብርን እና መከባበርን ያበረታታል።
2250,We should speak respectfully.,በክብር መናገር አለብን።,safe,ጥሩ ንግግር,none,የለም,No,የለም,none,የለም,zero,ዜሮ,English-Amharic,"Affirms dignity, cooperation, and mutual respect.",ክብርን፣ ትብብርን እና መከባበርን ያበረታታል።
2251,Different views can still be handled kindly.,የተለያዩ አስተያየቶች በበጎ ሊታዩ ይችላሉ።,safe,ጥሩ ንግግር,none,የለም,No,የለም,none,የለም,zero,ዜሮ,English-Amharic,"Affirms dignity, cooperation, and mutual respect.",ክብርን፣ ትብብርን እና መከባበርን ያበረታታል።
2252,They are less than human.,ከሰው በታች ናቸው።,hate_speech,የጥላቻ ንግግር,dehumanization,ሰብዓዊነትን መንፈግ,Yes,አዎ አለ,group,ቡድን,high,ከፍተኛ,English-Amharic,Strips humanity from the target.,ሰውነትን ይክዳል።
2253,We should listen before judging.,ከመፍረድ በፊት ማዳመጥ አለብን።,safe,ጥሩ ንግግር,none,የለም,No,የለም,none,የለም,zero,ዜሮ,English-Amharic,"Affirms dignity, cooperation, and mutual respect.",ክብርን፣ ትብብርን እና መከባበርን ያበረታታል።
2254,We can solve this together.,ይህን በጋራ መፍታት እንችላለን።,safe,ጥሩ ንግግር,none,የለም,No,የለም,none,የለም,zero,ዜሮ,English-Amharic,"Affirms dignity, cooperation, and mutual respect.",ክብርን፣ ትብብርን እና መከባበርን ያበረታታል።
2255,People deserve fairness and care.,ሰዎች ፍትሃዊነት እና እንክብካቤ ይገባቸዋል።,safe,ጥሩ ንግግር,none,የለም,No,የለም,none,የለም,zero,ዜሮ,English-Amharic,"Affirms dignity, cooperation, and mutual respect.",ክብርን፣ ትብብርን እና መከባበርን ያበረታታል።
2256,You should be pushed out.,መባረር አለብህ።,hate_speech,የጥላቻ ንግግር,exclusion,ማግለል,Yes,አዎ አለ,group,ቡድን,high,ከፍተኛ,English-Amharic,Pushes removal and rejection.,ማግለልን እና መከልከልን ያበረታታል።
2257,A fair discussion includes every voice.,ፍትሃዊ ውይይት ሁሉንም ድምፅ ያካትታል።,safe,ጥሩ ንግግር,none,የለም,No,የለም,none,የለም,zero,ዜሮ,English-Amharic,"Affirms dignity, cooperation, and mutual respect.",ክብርን፣ ትብብርን እና መከባበርን ያበረታታል።
2258,You do not belong here.,ይህ የእናንተ ቦታ አይደለም።,hate_speech,የጥላቻ ንግግር,belonging denial,አባልነትን መከልከል,Yes,አዎ አለ,group,ቡድን,high,ከፍተኛ,English-Amharic,Denies membership and belonging.,አባልነትን እና ተሳትፎን ይከለክላል።
2259,You should stay silent.,ዝም በይ።,hate_speech,የጥላቻ ንግግር,silencing,ዝም ማሰኘት,Yes,አዎ አለ,individual,ግለሰብ,low,ዝቅተኛ,English-Amharic,Suppresses participation and recognition.,ተሳትፎን እና እውቅናን ይከልክላል።
2260,You do not belong here.,ይህ የእናንተ ቦታ አይደለም።,hate_speech,የጥላቻ ንግግር,belonging denial,አባልነትን መከልከል,Yes,አዎ አለ,group,ቡድን,high,ከፍተኛ,English-Amharic,Denies membership and belonging.,አባልነትን እና ተሳትፎን ይከለክላል።
2261,They are not fully human.,እነሱ ሙሉ ሰው አይደሉም።,hate_speech,የጥላቻ ንግግር,dehumanization,ሰብዓዊነትን መንፈግ,Yes,አዎ አለ,group,ቡድን,high,ከፍተኛ,English-Amharic,Strips humanity from the target.,ሰውነትን ይክዳል።
2262,They are less than human.,ከሰው በታች ናቸው።,hate_speech,የጥላቻ ንግግር,dehumanization,ሰብዓዊነትን መንፈግ,Yes,አዎ አለ,group,ቡድን,high,ከፍተኛ,English-Amharic,Strips humanity from the target.,ሰውነትን ይክዳል።
2263,They threaten our safety.,ደህንነታችንን ይሸብራሉ።,hate_speech,የጥላቻ ንግግር,threat,ማስፈራሪያ,Yes,አዎ አለ,group,ቡድን,high,ከፍተኛ,English-Amharic,Frames the target as danger.,እንደ ስጋት ይቀርባል።
2264,A fair discussion includes every voice.,ፍትሃዊ ውይይት ሁሉንም ድምፅ ያካትታል።,safe,ጥሩ ንግግር,none,የለም,No,የለም,none,የለም,zero,ዜሮ,English-Amharic,"Affirms dignity, cooperation, and mutual respect.",ክብርን፣ ትብብርን እና መከባበርን ያበረታታል።
2265,People deserve fairness and care.,ሰዎች ፍትሃዊነት እና እንክብካቤ ይገባቸዋል።,safe,ጥሩ ንግግር,none,የለም,No,የለም,none,የለም,zero,ዜሮ,English-Amharic,"Affirms dignity, cooperation, and mutual respect.",ክብርን፣ ትብብርን እና መከባበርን ያበረታታል።
2266,Every person should be heard.,እያንዳንዱ ሰው መሰማት አለበት።,safe,ጥሩ ንግግር,none,የለም,No,የለም,none,የለም,zero,ዜሮ,English-Amharic,"Affirms dignity, cooperation, and mutual respect.",ክብርን፣ ትብብርን እና መከባበርን ያበረታታል።
2267,You should stay silent.,ዝም በይ።,hate_speech,የጥላቻ ንግግር,silencing,ዝም ማሰኘት,Yes,አዎ አለ,individual,ግለሰብ,low,ዝቅተኛ,English-Amharic,Suppresses participation and recognition.,ተሳትፎን እና እውቅናን ይከልክላል።
2268,People deserve fairness and care.,ሰዎች ፍትሃዊነት እና እንክብካቤ ይገባቸዋል።,safe,ጥሩ ንግግር,none,የለም,No,የለም,none,የለም,zero,ዜሮ,English-Amharic,"Affirms dignity, cooperation, and mutual respect.",ክብርን፣ ትብብርን እና መከባበርን ያበረታታል።
2269,That group is always the problem.,ያ ቡድን ሁልጊዜ ችግር ነው።,hate_speech,የጥላቻ ንግግር,stereotyping,የተዛባ አመለካከት,Yes,አዎ አለ,group,ቡድን,low,ዝቅተኛ,English-Amharic,Uses harmful group stereotype.,ለአንድ ቡድን ያለ የተዛባ አመለካከት።
2270,You do not belong here.,ይህ የእናንተ ቦታ አይደለም።,hate_speech,የጥላቻ ንግግር,belonging denial,አባልነትን መከልከል,Yes,አዎ አለ,group,ቡድን,high,ከፍተኛ,English-Amharic,Denies membership and belonging.,አባልነትን እና ተሳትፎን ይከለክላል።
2271,We can solve this together.,ይህን በጋራ መፍታት እንችላለን።,safe,ጥሩ ንግግር,none,የለም,No,የለም,none,የለም,zero,ዜሮ,English-Amharic,"Affirms dignity, cooperation, and mutual respect.",ክብርን፣ ትብብርን እና መከባበርን ያበረታታል።
2272,Everyone deserves dignity.,ሁሉም ሰው ክብር ይገባዋል።,safe,ጥሩ ንግግር,none,የለም,No,የለም,none,የለም,zero,ዜሮ,English-Amharic,"Affirms dignity, cooperation, and mutual respect.",ክብርን፣ ትብብርን እና መከባበርን ያበረታታል።
2273,Every person should be heard.,እያንዳንዱ ሰው መሰማት አለበት።,safe,ጥሩ ንግግር,none,የለም,No,የለም,none,የለም,zero,ዜሮ,English-Amharic,"Affirms dignity, cooperation, and mutual respect.",ክብርን፣ ትብብርን እና መከባበርን ያበረታታል።
2274,They are a danger to everyone.,እነሱ ለሁሉም ስጋት ናቸው።,hate_speech,የጥላቻ ንግግር,threat,ማስፈራሪያ,Yes,አዎ አለ,group,ቡድን,high,ከፍተኛ,English-Amharic,Frames the target as danger.,እንደ ስጋት ይቀርባል።
2275,People like them always cause trouble.,እንደ እነሱ ያሉ ሰዎች ሁልጊዜ ችግር ያመጣሉ።,hate_speech,የጥላቻ ንግግር,stereotyping,የተዛባ አመለካከት,Yes,አዎ አለ,group,ቡድን,low,ዝቅተኛ,English-Amharic,Uses harmful group stereotype.,ለአንድ ቡድን ያለ የተዛባ አመለካከት።
2276,They are not real people.,እውነተኛ ሰው አይደሉም።,hate_speech,የጥላቻ ንግግር,dehumanization,ሰብዓዊነትን መንፈግ,Yes,አዎ አለ,group,ቡድን,high,ከፍተኛ,English-Amharic,Strips humanity from the target.,ሰውነትን ይክዳል።
2277,They are not fully human.,እነሱ ሙሉ ሰው አይደሉም።,hate_speech,የጥላቻ ንግግር,dehumanization,ሰብዓዊነትን መንፈግ,Yes,አዎ አለ,group,ቡድን,high,ከፍተኛ,English-Amharic,Strips humanity from the target.,ሰውነትን ይክዳል።
2278,Different views can still be handled kindly.,የተለያዩ አስተያየቶች በበጎ ሊታዩ ይችላሉ።,safe,ጥሩ ንግግር,none,የለም,No,የለም,none,የለም,zero,ዜሮ,English-Amharic,"Affirms dignity, cooperation, and mutual respect.",ክብርን፣ ትብብርን እና መከባበርን ያበረታታል።
2279,Everyone deserves dignity.,ሁሉም ሰው ክብር ይገባዋል።,safe,ጥሩ ንግግር,none,የለም,No,የለም,none,የለም,zero,ዜሮ,English-Amharic,"Affirms dignity, cooperation, and mutual respect.",ክብርን፣ ትብብርን እና መከባበርን ያበረታታል።
2280,We should fear what they will do.,ምን እንደሚያደርጉ መፍራት አለብን።,hate_speech,የጥላቻ ንግግር,threat,ማስፈራሪያ,Yes,አዎ አለ,group,ቡድን,high,ከፍተኛ,English-Amharic,Frames the target as danger.,እንደ ስጋት ይቀርባል።
2281,Their kind always ruins everything.,የእነሱ ዓይነት ሁልጊዜ ሁሉንም ያበላሻል።,hate_speech,የጥላቻ ንግግር,stereotyping,የተዛባ አመለካከት,Yes,አዎ አለ,group,ቡድን,low,ዝቅተኛ,English-Amharic,Uses harmful group stereotype.,ለአንድ ቡድን ያለ የተዛባ አመለካከት።
2282,We should correct mistakes without humiliation.,ሰዎችን ሳናዋርድ ስህተትን ማስተካከል አለብን።,safe,ጥሩ ንግግር,none,የለም,No,የለም,none,የለም,zero,ዜሮ,English-Amharic,"Affirms dignity, cooperation, and mutual respect.",ክብርን፣ ትብብርን እና መከባበርን ያበረታታል።
2283,You have no place among us.,ከእኛ መካከል ቦታ የለህም።,hate_speech,የጥላቻ ንግግር,belonging denial,አባልነትን መከልከል,Yes,አዎ አለ,group,ቡድን,high,ከፍተኛ,English-Amharic,Denies membership and belonging.,አባልነትን እና ተሳትፎን ይከለክላል።
2284,You do not belong in this community.,በዚህ ማህበረሰብ ውስጥ አትገባም።,hate_speech,የጥላቻ ንግግር,belonging denial,አባልነትን መከልከል,Yes,አዎ አለ,group,ቡድን,high,ከፍተኛ,English-Amharic,Denies membership and belonging.,አባልነትን እና ተሳትፎን ይከለክላል።
2285,They are not fully human.,እነሱ ሙሉ ሰው አይደሉም።,hate_speech,የጥላቻ ንግግር,dehumanization,ሰብዓዊነትን መንፈግ,Yes,አዎ አለ,group,ቡድን,high,ከፍተኛ,English-Amharic,Strips humanity from the target.,ሰውነትን ይክዳል።
2286,We should fear what they will do.,ምን እንደሚያደርጉ መፍራት አለብን።,hate_speech,የጥላቻ ንግግር,threat,ማስፈራሪያ,Yes,አዎ አለ,group,ቡድን,high,ከፍተኛ,English-Amharic,Frames the target as danger.,እንደ ስጋት ይቀርባል።
2287,A fair discussion includes every voice.,ፍትሃዊ ውይይት ሁሉንም ድምፅ ያካትታል።,safe,ጥሩ ንግግር,none,የለም,No,የለም,none,የለም,zero,ዜሮ,English-Amharic,"Affirms dignity, cooperation, and mutual respect.",ክብርን፣ ትብብርን እና መከባበርን ያበረታታል።
2288,Different views can still be handled kindly.,የተለያዩ አስተያየቶች በበጎ ሊታዩ ይችላሉ።,safe,ጥሩ ንግግር,none,የለም,No,የለም,none,የለም,zero,ዜሮ,English-Amharic,"Affirms dignity, cooperation, and mutual respect.",ክብርን፣ ትብብርን እና መከባበርን ያበረታታል።
2289,Everyone has value in this room.,በዚህ ክፍል ያለ ሁሉም ሰው ዋጋ አለው።,safe,ጥሩ ንግግር,none,የለም,No,የለም,none,የለም,zero,ዜሮ,English-Amharic,"Affirms dignity, cooperation, and mutual respect.",ክብርን፣ ትብብርን እና መከባበርን ያበረታታል።
2290,You do not belong in this community.,በዚህ ማህበረሰብ ውስጥ አትገባም።,hate_speech,የጥላቻ ንግግር,belonging denial,አባልነትን መከልከል,Yes,አዎ አለ,group,ቡድን,high,ከፍተኛ,English-Amharic,Denies membership and belonging.,አባልነትን እና ተሳትፎን ይከለክላል።
2291,That group is always the problem.,ያ ቡድን ሁልጊዜ ችግር ነው።,hate_speech,የጥላቻ ንግግር,stereotyping,የተዛባ አመለካከት,Yes,አዎ አለ,group,ቡድን,low,ዝቅተኛ,English-Amharic,Uses harmful group stereotype.,ለአንድ ቡድን ያለ የተዛባ አመለካከት።
2292,People deserve fairness and care.,ሰዎች ፍትሃዊነት እና እንክብካቤ ይገባቸዋል።,safe,ጥሩ ንግግር,none,የለም,No,የለም,none,የለም,zero,ዜሮ,English-Amharic,"Affirms dignity, cooperation, and mutual respect.",ክብርን፣ ትብብርን እና መከባበርን ያበረታታል።
2293,We can solve this together.,ይህን በጋራ መፍታት እንችላለን።,safe,ጥሩ ንግግር,none,የለም,No,የለም,none,የለም,zero,ዜሮ,English-Amharic,"Affirms dignity, cooperation, and mutual respect.",ክብርን፣ ትብብርን እና መከባበርን ያበረታታል።
2294,Everyone deserves dignity.,ሁሉም ሰው ክብር ይገባዋል።,safe,ጥሩ ንግግር,none,የለም,No,የለም,none,የለም,zero,ዜሮ,English-Amharic,"Affirms dignity, cooperation, and mutual respect.",ክብርን፣ ትብብርን እና መከባበርን ያበረታታል።
2295,Their kind always ruins everything.,የእነሱ ዓይነት ሁልጊዜ ሁሉንም ያበላሻል።,hate_speech,የጥላቻ ንግግር,stereotyping,የተዛባ አመለካከት,Yes,አዎ አለ,group,ቡድን,low,ዝቅተኛ,English-Amharic,Uses harmful group stereotype.,ለአንድ ቡድን ያለ የተዛባ አመለካከት።
2296,Get out of our space.,ከቦታችን ውጣ።,hate_speech,የጥላቻ ንግግር,exclusion,ማግለል,Yes,አዎ አለ,group,ቡድን,high,ከፍተኛ,English-Amharic,Pushes removal and rejection.,ማግለልን እና መከልከልን ያበረታታል።
2297,Let us work for peace.,ለሰላም በጋራ እንስራ።,safe,ጥሩ ንግግር,none,የለም,No,የለም,none,የለም,zero,ዜሮ,English-Amharic,"Affirms dignity, cooperation, and mutual respect.",ክብርን፣ ትብብርን እና መከባበርን ያበረታታል።
2298,Respect helps communities grow stronger.,ክብር ማህበረሰቦችን ያጠናክራል።,safe,ጥሩ ንግግር,none,የለም,No,የለም,none,የለም,zero,ዜሮ,English-Amharic,"Affirms dignity, cooperation, and mutual respect.",ክብርን፣ ትብብርን እና መከባበርን ያበረታታል።
2299,You do not belong here.,ይህ የእናንተ ቦታ አይደለም።,hate_speech,የጥላቻ ንግግር,belonging denial,አባልነትን መከልከል,Yes,አዎ አለ,group,ቡድን,high,ከፍተኛ,English-Amharic,Denies membership and belonging.,አባልነትን እና ተሳትፎን ይከለክላል።
2300,A fair discussion includes every voice.,ፍትሃዊ ውይይት ሁሉንም ድምፅ ያካትታል።,safe,ጥሩ ንግግር,none,የለም,No,የለም,none,የለም,zero,ዜሮ,English-Amharic,"Affirms dignity, cooperation, and mutual respect.",ክብርን፣ ትብብርን እና መከባበርን ያበረታታል።
2301,Every person should be heard.,እያንዳንዱ ሰው መሰማት አለበት።,safe,ጥሩ ንግግር,none,የለም,No,የለም,none,የለም,zero,ዜሮ,English-Amharic,"Affirms dignity, cooperation, and mutual respect.",ክብርን፣ ትብብርን እና መከባበርን ያበረታታል።
2302,They are not fully human.,እነሱ ሙሉ ሰው አይደሉም።,hate_speech,የጥላቻ ንግግር,dehumanization,ሰብዓዊነትን መንፈግ,Yes,አዎ አለ,group,ቡድን,high,ከፍተኛ,English-Amharic,Strips humanity from the target.,ሰውነትን ይክዳል።
2303,You have no place among us.,ከእኛ መካከል ቦታ የለህም።,hate_speech,የጥላቻ ንግግር,belonging denial,አባልነትን መከልከል,Yes,አዎ አለ,group,ቡድን,high,ከፍተኛ,English-Amharic,Denies membership and belonging.,አባልነትን እና ተሳትፎን ይከለክላል።
2304,Everyone deserves dignity.,ሁሉም ሰው ክብር ይገባዋል።,safe,ጥሩ ንግግር,none,የለም,No,የለም,none,የለም,zero,ዜሮ,English-Amharic,"Affirms dignity, cooperation, and mutual respect.",ክብርን፣ ትብብርን እና መከባበርን ያበረታታል።
2305,Your voice does not matter here.,እዚህ ድምፅሽ ዋጋ የለውም።,hate_speech,የጥላቻ ንግግር,silencing,ዝም ማሰኘት,Yes,አዎ አለ,individual,ግለሰብ,low,ዝቅተኛ,English-Amharic,Suppresses participation and recognition.,ተሳትፎን እና እውቅናን ይከልክላል።
2306,We should speak respectfully.,በክብር መናገር አለብን።,safe,ጥሩ ንግግር,none,የለም,No,የለም,none,የለም,zero,ዜሮ,English-Amharic,"Affirms dignity, cooperation, and mutual respect.",ክብርን፣ ትብብርን እና መከባበርን ያበረታታል።
2307,Everyone has value in this room.,በዚህ ክፍል ያለ ሁሉም ሰው ዋጋ አለው።,safe,ጥሩ ንግግር,none,የለም,No,የለም,none,የለም,zero,ዜሮ,English-Amharic,"Affirms dignity, cooperation, and mutual respect.",ክብርን፣ ትብብርን እና መከባበርን ያበረታታል።
2308,We can solve this together.,ይህን በጋራ መፍታት እንችላለን።,safe,ጥሩ ንግግር,none,የለም,No,የለም,none,የለም,zero,ዜሮ,English-Amharic,"Affirms dignity, cooperation, and mutual respect.",ክብርን፣ ትብብርን እና መከባበርን ያበረታታል።
2309,We can solve this together.,ይህን በጋራ መፍታት እንችላለን።,safe,ጥሩ ንግግር,none,የለም,No,የለም,none,የለም,zero,ዜሮ,English-Amharic,"Affirms dignity, cooperation, and mutual respect.",ክብርን፣ ትብብርን እና መከባበርን ያበረታታል።
2310,You should be pushed out.,መባረር አለብህ።,hate_speech,የጥላቻ ንግግር,exclusion,ማግለል,Yes,አዎ አለ,group,ቡድን,high,ከፍተኛ,English-Amharic,Pushes removal and rejection.,ማግለልን እና መከልከልን ያበረታታል።
2311,Let us work for peace.,ለሰላም በጋራ እንስራ።,safe,ጥሩ ንግግር,none,የለም,No,የለም,none,የለም,zero,ዜሮ,English-Amharic,"Affirms dignity, cooperation, and mutual respect.",ክብርን፣ ትብብርን እና መከባበርን ያበረታታል።
2312,Leave our community now.,ከማህበረሰባችን አሁን ውጣ።,hate_speech,የጥላቻ ንግግር,exclusion,ማግለል,Yes,አዎ አለ,group,ቡድን,high,ከፍተኛ,English-Amharic,Pushes removal and rejection.,ማግለልን እና መከልከልን ያበረታታል።
2313,We should correct mistakes without humiliation.,ሰዎችን ሳናዋርድ ስህተትን ማስተካከል አለብን።,safe,ጥሩ ንግግር,none,የለም,No,የለም,none,የለም,zero,ዜሮ,English-Amharic,"Affirms dignity, cooperation, and mutual respect.",ክብርን፣ ትብብርን እና መከባበርን ያበረታታል።
2314,We should fear what they will do.,ምን እንደሚያደርጉ መፍራት አለብን።,hate_speech,የጥላቻ ንግግር,threat,ማስፈራሪያ,Yes,አዎ አለ,group,ቡድን,high,ከፍተኛ,English-Amharic,Frames the target as danger.,እንደ ስጋት ይቀርባል።
2315,Get out of our space.,ከቦታችን ውጣ።,hate_speech,የጥላቻ ንግግር,exclusion,ማግለል,Yes,አዎ አለ,group,ቡድን,high,ከፍተኛ,English-Amharic,Pushes removal and rejection.,ማግለልን እና መከልከልን ያበረታታል።
2316,You have no place among us.,ከእኛ መካከል ቦታ የለህም።,hate_speech,የጥላቻ ንግግር,belonging denial,አባልነትን መከልከል,Yes,አዎ አለ,group,ቡድን,high,ከፍተኛ,English-Amharic,Denies membership and belonging.,አባልነትን እና ተሳትፎን ይከለክላል።
2317,We should treat people fairly.,ሰዎችን በፍትሃዊነት ማየት አለብን።,safe,ጥሩ ንግግር,none,የለም,No,የለም,none,የለም,zero,ዜሮ,English-Amharic,"Affirms dignity, cooperation, and mutual respect.",ክብርን፣ ትብብርን እና መከባበርን ያበረታታል።
2318,They are a danger to everyone.,እነሱ ለሁሉም ስጋት ናቸው።,hate_speech,የጥላቻ ንግግር,threat,ማስፈራሪያ,Yes,አዎ አለ,group,ቡድን,high,ከፍተኛ,English-Amharic,Frames the target as danger.,እንደ ስጋት ይቀርባል።
2319,We should fear what they will do.,ምን እንደሚያደርጉ መፍራት አለብን።,hate_speech,የጥላቻ ንግግር,threat,ማስፈራሪያ,Yes,አዎ አለ,group,ቡድን,high,ከፍተኛ,English-Amharic,Frames the target as danger.,እንደ ስጋት ይቀርባል።
2320,Let us find a solution that works for everyone.,ለሁሉም የሚሰራ መፍትሄ እንፈልግ።,safe,ጥሩ ንግግር,none,የለም,No,የለም,none,የለም,zero,ዜሮ,English-Amharic,"Affirms dignity, cooperation, and mutual respect.",ክብርን፣ ትብብርን እና መከባበርን ያበረታታል።
2321,Every person should be heard.,እያንዳንዱ ሰው መሰማት አለበት።,safe,ጥሩ ንግግር,none,የለም,No,የለም,none,የለም,zero,ዜሮ,English-Amharic,"Affirms dignity, cooperation, and mutual respect.",ክብርን፣ ትብብርን እና መከባበርን ያበረታታል።
2322,People deserve fairness and care.,ሰዎች ፍትሃዊነት እና እንክብካቤ ይገባቸዋል።,safe,ጥሩ ንግግር,none,የለም,No,የለም,none,የለም,zero,ዜሮ,English-Amharic,"Affirms dignity, cooperation, and mutual respect.",ክብርን፣ ትብብርን እና መከባበርን ያበረታታል።
2323,We should correct mistakes without humiliation.,ሰዎችን ሳናዋርድ ስህተትን ማስተካከል አለብን።,safe,ጥሩ ንግግር,none,የለም,No,የለም,none,የለም,zero,ዜሮ,English-Amharic,"Affirms dignity, cooperation, and mutual respect.",ክብርን፣ ትብብርን እና መከባበርን ያበረታታል።
2324,We should fear what they will do.,ምን እንደሚያደርጉ መፍራት አለብን።,hate_speech,የጥላቻ ንግግር,threat,ማስፈራሪያ,Yes,አዎ አለ,group,ቡድን,high,ከፍተኛ,English-Amharic,Frames the target as danger.,እንደ ስጋት ይቀርባል።
2325,We should correct mistakes without humiliation.,ሰዎችን ሳናዋርድ ስህተትን ማስተካከል አለብን።,safe,ጥሩ ንግግር,none,የለም,No,የለም,none,የለም,zero,ዜሮ,English-Amharic,"Affirms dignity, cooperation, and mutual respect.",ክብርን፣ ትብብርን እና መከባበርን ያበረታታል።
2326,That group is always the problem.,ያ ቡድን ሁልጊዜ ችግር ነው።,hate_speech,የጥላቻ ንግግር,stereotyping,የተዛባ አመለካከት,Yes,አዎ አለ,group,ቡድን,low,ዝቅተኛ,English-Amharic,Uses harmful group stereotype.,ለአንድ ቡድን ያለ የተዛባ አመለካከት።
2327,Your voice does not matter here.,እዚህ ድምፅሽ ዋጋ የለውም።,hate_speech,የጥላቻ ንግግር,silencing,ዝም ማሰኘት,Yes,አዎ አለ,individual,ግለሰብ,low,ዝቅተኛ,English-Amharic,Suppresses participation and recognition.,ተሳትፎን እና እውቅናን ይከልክላል።
2328,You do not belong in this community.,በዚህ ማህበረሰብ ውስጥ አትገባም።,hate_speech,የጥላቻ ንግግር,belonging denial,አባልነትን መከልከል,Yes,አዎ አለ,group,ቡድን,high,ከፍተኛ,English-Amharic,Denies membership and belonging.,አባልነትን እና ተሳትፎን ይከለክላል።
2329,Everyone has value in this room.,በዚህ ክፍል ያለ ሁሉም ሰው ዋጋ አለው።,safe,ጥሩ ንግግር,none,የለም,No,የለም,none,የለም,zero,ዜሮ,English-Amharic,"Affirms dignity, cooperation, and mutual respect.",ክብርን፣ ትብብርን እና መከባበርን ያበረታታል።
2330,We should treat people fairly.,ሰዎችን በፍትሃዊነት ማየት አለብን።,safe,ጥሩ ንግግር,none,የለም,No,የለም,none,የለም,zero,ዜሮ,English-Amharic,"Affirms dignity, cooperation, and mutual respect.",ክብርን፣ ትብብርን እና መከባበርን ያበረታታል።
2331,You should be pushed out.,መባረር አለብህ።,hate_speech,የጥላቻ ንግግር,exclusion,ማግለል,Yes,አዎ አለ,group,ቡድን,high,ከፍተኛ,English-Amharic,Pushes removal and rejection.,ማግለልን እና መከልከልን ያበረታታል።
2332,They are not fully human.,እነሱ ሙሉ ሰው አይደሉም።,hate_speech,የጥላቻ ንግግር,dehumanization,ሰብዓዊነትን መንፈግ,Yes,አዎ አለ,group,ቡድን,high,ከፍተኛ,English-Amharic,Strips humanity from the target.,ሰውነትን ይክዳል።
2333,You have no place among us.,ከእኛ መካከል ቦታ የለህም።,hate_speech,የጥላቻ ንግግር,belonging denial,አባልነትን መከልከል,Yes,አዎ አለ,group,ቡድን,high,ከፍተኛ,English-Amharic,Denies membership and belonging.,አባልነትን እና ተሳትፎን ይከለክላል።
2334,We should treat people fairly.,ሰዎችን በፍትሃዊነት ማየት አለብን።,safe,ጥሩ ንግግር,none,የለም,No,የለም,none,የለም,zero,ዜሮ,English-Amharic,"Affirms dignity, cooperation, and mutual respect.",ክብርን፣ ትብብርን እና መከባበርን ያበረታታል።
2335,Leave our community now.,ከማህበረሰባችን አሁን ውጣ።,hate_speech,የጥላቻ ንግግር,exclusion,ማግለል,Yes,አዎ አለ,group,ቡድን,high,ከፍተኛ,English-Amharic,Pushes removal and rejection.,ማግለልን እና መከልከልን ያበረታታል።
2336,We should speak respectfully.,በክብር መናገር አለብን።,safe,ጥሩ ንግግር,none,የለም,No,የለም,none,የለም,zero,ዜሮ,English-Amharic,"Affirms dignity, cooperation, and mutual respect.",ክብርን፣ ትብብርን እና መከባበርን ያበረታታል።
2337,You should be pushed out.,መባረር አለብህ።,hate_speech,የጥላቻ ንግግር,exclusion,ማግለል,Yes,አዎ አለ,group,ቡድን,high,ከፍተኛ,English-Amharic,Pushes removal and rejection.,ማግለልን እና መከልከልን ያበረታታል።
2338,We should treat people fairly.,ሰዎችን በፍትሃዊነት ማየት አለብን።,safe,ጥሩ ንግግር,none,የለም,No,የለም,none,የለም,zero,ዜሮ,English-Amharic,"Affirms dignity, cooperation, and mutual respect.",ክብርን፣ ትብብርን እና መከባበርን ያበረታታል።
2339,Everyone deserves dignity.,ሁሉም ሰው ክብር ይገባዋል።,safe,ጥሩ ንግግር,none,የለም,No,የለም,none,የለም,zero,ዜሮ,English-Amharic,"Affirms dignity, cooperation, and mutual respect.",ክብርን፣ ትብብርን እና መከባበርን ያበረታታል።
2340,You have no place among us.,ከእኛ መካከል ቦታ የለህም።,hate_speech,የጥላቻ ንግግር,belonging denial,አባልነትን መከልከል,Yes,አዎ አለ,group,ቡድን,high,ከፍተኛ,English-Amharic,Denies membership and belonging.,አባልነትን እና ተሳትፎን ይከለክላል።
2341,You have no place among us.,ከእኛ መካከል ቦታ የለህም።,hate_speech,የጥላቻ ንግግር,belonging denial,አባልነትን መከልከል,Yes,አዎ አለ,group,ቡድን,high,ከፍተኛ,English-Amharic,Denies membership and belonging.,አባልነትን እና ተሳትፎን ይከለክላል።
2342,We should correct mistakes without humiliation.,ሰዎችን ሳናዋርድ ስህተትን ማስተካከል አለብን።,safe,ጥሩ ንግግር,none,የለም,No,የለም,none,የለም,zero,ዜሮ,English-Amharic,"Affirms dignity, cooperation, and mutual respect.",ክብርን፣ ትብብርን እና መከባበርን ያበረታታል።
2343,We should correct mistakes without humiliation.,ሰዎችን ሳናዋርድ ስህተትን ማስተካከል አለብን።,safe,ጥሩ ንግግር,none,የለም,No,የለም,none,የለም,zero,ዜሮ,English-Amharic,"Affirms dignity, cooperation, and mutual respect.",ክብርን፣ ትብብርን እና መከባበርን ያበረታታል።
2344,Their kind always ruins everything.,የእነሱ ዓይነት ሁልጊዜ ሁሉንም ያበላሻል።,hate_speech,የጥላቻ ንግግር,stereotyping,የተዛባ አመለካከት,Yes,አዎ አለ,group,ቡድን,low,ዝቅተኛ,English-Amharic,Uses harmful group stereotype.,ለአንድ ቡድን ያለ የተዛባ አመለካከት።
2345,A fair discussion includes every voice.,ፍትሃዊ ውይይት ሁሉንም ድምፅ ያካትታል።,safe,ጥሩ ንግግር,none,የለም,No,የለም,none,የለም,zero,ዜሮ,English-Amharic,"Affirms dignity, cooperation, and mutual respect.",ክብርን፣ ትብብርን እና መከባበርን ያበረታታል።
2346,We should correct mistakes without humiliation.,ሰዎችን ሳናዋርድ ስህተትን ማስተካከል አለብን።,safe,ጥሩ ንግግር,none,የለም,No,የለም,none,የለም,zero,ዜሮ,English-Amharic,"Affirms dignity, cooperation, and mutual respect.",ክብርን፣ ትብብርን እና መከባበርን ያበረታታል።
2347,You have no place among us.,ከእኛ መካከል ቦታ የለህም።,hate_speech,የጥላቻ ንግግር,belonging denial,አባልነትን መከልከል,Yes,አዎ አለ,group,ቡድን,high,ከፍተኛ,English-Amharic,Denies membership and belonging.,አባልነትን እና ተሳትፎን ይከለክላል።
2348,Respect helps communities grow stronger.,ክብር ማህበረሰቦችን ያጠናክራል።,safe,ጥሩ ንግግር,none,የለም,No,የለም,none,የለም,zero,ዜሮ,English-Amharic,"Affirms dignity, cooperation, and mutual respect.",ክብርን፣ ትብብርን እና መከባበርን ያበረታታል።
2349,You should be pushed out.,መባረር አለብህ።,hate_speech,የጥላቻ ንግግር,exclusion,ማግለል,Yes,አዎ አለ,group,ቡድን,high,ከፍተኛ,English-Amharic,Pushes removal and rejection.,ማግለልን እና መከልከልን ያበረታታል።
2350,We should speak respectfully.,በክብር መናገር አለብን።,safe,ጥሩ ንግግር,none,የለም,No,የለም,none,የለም,zero,ዜሮ,English-Amharic,"Affirms dignity, cooperation, and mutual respect.",ክብርን፣ ትብብርን እና መከባበርን ያበረታታል።
2351,We should treat people fairly.,ሰዎችን በፍትሃዊነት ማየት አለብን።,safe,ጥሩ ንግግር,none,የለም,No,የለም,none,የለም,zero,ዜሮ,English-Amharic,"Affirms dignity, cooperation, and mutual respect.",ክብርን፣ ትብብርን እና መከባበርን ያበረታታል።
2352,Their kind always ruins everything.,የእነሱ ዓይነት ሁልጊዜ ሁሉንም ያበላሻል።,hate_speech,የጥላቻ ንግግር,stereotyping,የተዛባ አመለካከት,Yes,አዎ አለ,group,ቡድን,low,ዝቅተኛ,English-Amharic,Uses harmful group stereotype.,ለአንድ ቡድን ያለ የተዛባ አመለካከት።
2353,We should speak respectfully.,በክብር መናገር አለብን።,safe,ጥሩ ንግግር,none,የለም,No,የለም,none,የለም,zero,ዜሮ,English-Amharic,"Affirms dignity, cooperation, and mutual respect.",ክብርን፣ ትብብርን እና መከባበርን ያበረታታል።
2354,We should treat people fairly.,ሰዎችን በፍትሃዊነት ማየት አለብን።,safe,ጥሩ ንግግር,none,የለም,No,የለም,none,የለም,zero,ዜሮ,English-Amharic,"Affirms dignity, cooperation, and mutual respect.",ክብርን፣ ትብብርን እና መከባበርን ያበረታታል።
2355,We can solve this together.,ይህን በጋራ መፍታት እንችላለን።,safe,ጥሩ ንግግር,none,የለም,No,የለም,none,የለም,zero,ዜሮ,English-Amharic,"Affirms dignity, cooperation, and mutual respect.",ክብርን፣ ትብብርን እና መከባበርን ያበረታታል።
2356,Nobody wants to hear you.,ማንም ሊሰማሽ አይፈልግም።,hate_speech,የጥላቻ ንግግር,silencing,ዝም ማሰኘት,Yes,አዎ አለ,individual,ግለሰብ,low,ዝቅተኛ,English-Amharic,Suppresses participation and recognition.,ተሳትፎን እና እውቅናን ይከልክላል።
2357,People deserve fairness and care.,ሰዎች ፍትሃዊነት እና እንክብካቤ ይገባቸዋል።,safe,ጥሩ ንግግር,none,የለም,No,የለም,none,የለም,zero,ዜሮ,English-Amharic,"Affirms dignity, cooperation, and mutual respect.",ክብርን፣ ትብብርን እና መከባበርን ያበረታታል።
2358,They threaten our safety.,ደህንነታችንን ይሸብራሉ።,hate_speech,የጥላቻ ንግግር,threat,ማስፈራሪያ,Yes,አዎ አለ,group,ቡድን,high,ከፍተኛ,English-Amharic,Frames the target as danger.,እንደ ስጋት ይቀርባል።
2359,Respect helps communities grow stronger.,ክብር ማህበረሰቦችን ያጠናክራል።,safe,ጥሩ ንግግር,none,የለም,No,የለም,none,የለም,zero,ዜሮ,English-Amharic,"Affirms dignity, cooperation, and mutual respect.",ክብርን፣ ትብብርን እና መከባበርን ያበረታታል።
2360,We should correct mistakes without humiliation.,ሰዎችን ሳናዋርድ ስህተትን ማስተካከል አለብን።,safe,ጥሩ ንግግር,none,የለም,No,የለም,none,የለም,zero,ዜሮ,English-Amharic,"Affirms dignity, cooperation, and mutual respect.",ክብርን፣ ትብብርን እና መከባበርን ያበረታታል።
2361,That group is always the problem.,ያ ቡድን ሁልጊዜ ችግር ነው።,hate_speech,የጥላቻ ንግግር,stereotyping,የተዛባ አመለካከት,Yes,አዎ አለ,group,ቡድን,low,ዝቅተኛ,English-Amharic,Uses harmful group stereotype.,ለአንድ ቡድን ያለ የተዛባ አመለካከት።
2362,Every person should be heard.,እያንዳንዱ ሰው መሰማት አለበት።,safe,ጥሩ ንግግር,none,የለም,No,የለም,none,የለም,zero,ዜሮ,English-Amharic,"Affirms dignity, cooperation, and mutual respect.",ክብርን፣ ትብብርን እና መከባበርን ያበረታታል።
2363,We can disagree without hate.,ባንስማማም አለመጣላት እንችላለን።,safe,ጥሩ ንግግር,none,የለም,No,የለም,none,የለም,zero,ዜሮ,English-Amharic,"Affirms dignity, cooperation, and mutual respect.",ክብርን፣ ትብብርን እና መከባበርን ያበረታታል።
2364,Every person should be heard.,እያንዳንዱ ሰው መሰማት አለበት።,safe,ጥሩ ንግግር,none,የለም,No,የለም,none,የለም,zero,ዜሮ,English-Amharic,"Affirms dignity, cooperation, and mutual respect.",ክብርን፣ ትብብርን እና መከባበርን ያበረታታል።
2365,We should correct mistakes without humiliation.,ሰዎችን ሳናዋርድ ስህተትን ማስተካከል አለብን።,safe,ጥሩ ንግግር,none,የለም,No,የለም,none,የለም,zero,ዜሮ,English-Amharic,"Affirms dignity, cooperation, and mutual respect.",ክብርን፣ ትብብርን እና መከባበርን ያበረታታል።
2366,Get out of our space.,ከቦታችን ውጣ።,hate_speech,የጥላቻ ንግግር,exclusion,ማግለል,Yes,አዎ አለ,group,ቡድን,high,ከፍተኛ,English-Amharic,Pushes removal and rejection.,ማግለልን እና መከልከልን ያበረታታል።
2367,Respect helps communities grow stronger.,ክብር ማህበረሰቦችን ያጠናክራል።,safe,ጥሩ ንግግር,none,የለም,No,የለም,none,የለም,zero,ዜሮ,English-Amharic,"Affirms dignity, cooperation, and mutual respect.",ክብርን፣ ትብብርን እና መከባበርን ያበረታታል።
2368,We should listen before judging.,ከመፍረድ በፊት ማዳመጥ አለብን።,safe,ጥሩ ንግግር,none,የለም,No,የለም,none,የለም,zero,ዜሮ,English-Amharic,"Affirms dignity, cooperation, and mutual respect.",ክብርን፣ ትብብርን እና መከባበርን ያበረታታል።
2369,People like them always cause trouble.,እንደ እነሱ ያሉ ሰዎች ሁልጊዜ ችግር ያመጣሉ።,hate_speech,የጥላቻ ንግግር,stereotyping,የተዛባ አመለካከት,Yes,አዎ አለ,group,ቡድን,low,ዝቅተኛ,English-Amharic,Uses harmful group stereotype.,ለአንድ ቡድን ያለ የተዛባ አመለካከት።
2370,Your voice does not matter here.,እዚህ ድምፅሽ ዋጋ የለውም።,hate_speech,የጥላቻ ንግግር,silencing,ዝም ማሰኘት,Yes,አዎ አለ,individual,ግለሰብ,low,ዝቅተኛ,English-Amharic,Suppresses participation and recognition.,ተሳትፎን እና እውቅናን ይከልክላል።
2371,They are not real people.,እውነተኛ ሰው አይደሉም።,hate_speech,የጥላቻ ንግግር,dehumanization,ሰብዓዊነትን መንፈግ,Yes,አዎ አለ,group,ቡድን,high,ከፍተኛ,English-Amharic,Strips humanity from the target.,ሰውነትን ይክዳል።
2372,Get out of our space.,ከቦታችን ውጣ።,hate_speech,የጥላቻ ንግግር,exclusion,ማግለል,Yes,አዎ አለ,group,ቡድን,high,ከፍተኛ,English-Amharic,Pushes removal and rejection.,ማግለልን እና መከልከልን ያበረታታል።
2373,We should speak respectfully.,በክብር መናገር አለብን።,safe,ጥሩ ንግግር,none,የለም,No,የለም,none,የለም,zero,ዜሮ,English-Amharic,"Affirms dignity, cooperation, and mutual respect.",ክብርን፣ ትብብርን እና መከባበርን ያበረታታል።
2374,Leave our community now.,ከማህበረሰባችን አሁን ውጣ።,hate_speech,የጥላቻ ንግግር,exclusion,ማግለል,Yes,አዎ አለ,group,ቡድን,high,ከፍተኛ,English-Amharic,Pushes removal and rejection.,ማግለልን እና መከልከልን ያበረታታል።
2375,Get out of our space.,ከቦታችን ውጣ።,hate_speech,የጥላቻ ንግግር,exclusion,ማግለል,Yes,አዎ አለ,group,ቡድን,high,ከፍተኛ,English-Amharic,Pushes removal and rejection.,ማግለልን እና መከልከልን ያበረታታል።
2376,Their kind always ruins everything.,የእነሱ ዓይነት ሁልጊዜ ሁሉንም ያበላሻል።,hate_speech,የጥላቻ ንግግር,stereotyping,የተዛባ አመለካከት,Yes,አዎ አለ,group,ቡድን,low,ዝቅተኛ,English-Amharic,Uses harmful group stereotype.,ለአንድ ቡድን ያለ የተዛባ አመለካከት።
2377,We can disagree without hate.,ባንስማማም አለመጣላት እንችላለን።,safe,ጥሩ ንግግር,none,የለም,No,የለም,none,የለም,zero,ዜሮ,English-Amharic,"Affirms dignity, cooperation, and mutual respect.",ክብርን፣ ትብብርን እና መከባበርን ያበረታታል።
2378,They are not fully human.,እነሱ ሙሉ ሰው አይደሉም።,hate_speech,የጥላቻ ንግግር,dehumanization,ሰብዓዊነትን መንፈግ,Yes,አዎ አለ,group,ቡድን,high,ከፍተኛ,English-Amharic,Strips humanity from the target.,ሰውነትን ይክዳል።
2379,Different views can still be handled kindly.,የተለያዩ አስተያየቶች በበጎ ሊታዩ ይችላሉ።,safe,ጥሩ ንግግር,none,የለም,No,የለም,none,የለም,zero,ዜሮ,English-Amharic,"Affirms dignity, cooperation, and mutual respect.",ክብርን፣ ትብብርን እና መከባበርን ያበረታታል።
2380,Different views can still be handled kindly.,የተለያዩ አስተያየቶች በበጎ ሊታዩ ይችላሉ።,safe,ጥሩ ንግግር,none,የለም,No,የለም,none,የለም,zero,ዜሮ,English-Amharic,"Affirms dignity, cooperation, and mutual respect.",ክብርን፣ ትብብርን እና መከባበርን ያበረታታል።
2381,Their kind always ruins everything.,የእነሱ ዓይነት ሁልጊዜ ሁሉንም ያበላሻል።,hate_speech,የጥላቻ ንግግር,stereotyping,የተዛባ አመለካከት,Yes,አዎ አለ,group,ቡድን,low,ዝቅተኛ,English-Amharic,Uses harmful group stereotype.,ለአንድ ቡድን ያለ የተዛባ አመለካከት።
2382,We should correct mistakes without humiliation.,ሰዎችን ሳናዋርድ ስህተትን ማስተካከል አለብን።,safe,ጥሩ ንግግር,none,የለም,No,የለም,none,የለም,zero,ዜሮ,English-Amharic,"Affirms dignity, cooperation, and mutual respect.",ክብርን፣ ትብብርን እና መከባበርን ያበረታታል።
2383,People deserve fairness and care.,ሰዎች ፍትሃዊነት እና እንክብካቤ ይገባቸዋል።,safe,ጥሩ ንግግር,none,የለም,No,የለም,none,የለም,zero,ዜሮ,English-Amharic,"Affirms dignity, cooperation, and mutual respect.",ክብርን፣ ትብብርን እና መከባበርን ያበረታታል።
2384,Different views can still be handled kindly.,የተለያዩ አስተያየቶች በበጎ ሊታዩ ይችላሉ።,safe,ጥሩ ንግግር,none,የለም,No,የለም,none,የለም,zero,ዜሮ,English-Amharic,"Affirms dignity, cooperation, and mutual respect.",ክብርን፣ ትብብርን እና መከባበርን ያበረታታል።
2385,They are a danger to everyone.,እነሱ ለሁሉም ስጋት ናቸው።,hate_speech,የጥላቻ ንግግር,threat,ማስፈራሪያ,Yes,አዎ አለ,group,ቡድን,high,ከፍተኛ,English-Amharic,Frames the target as danger.,እንደ ስጋት ይቀርባል።
2386,Everyone deserves dignity.,ሁሉም ሰው ክብር ይገባዋል።,safe,ጥሩ ንግግር,none,የለም,No,የለም,none,የለም,zero,ዜሮ,English-Amharic,"Affirms dignity, cooperation, and mutual respect.",ክብርን፣ ትብብርን እና መከባበርን ያበረታታል።
2387,We should treat people fairly.,ሰዎችን በፍትሃዊነት ማየት አለብን።,safe,ጥሩ ንግግር,none,የለም,No,የለም,none,የለም,zero,ዜሮ,English-Amharic,"Affirms dignity, cooperation, and mutual respect.",ክብርን፣ ትብብርን እና መከባበርን ያበረታታል።
2388,Get out of our space.,ከቦታችን ውጣ።,hate_speech,የጥላቻ ንግግር,exclusion,ማግለል,Yes,አዎ አለ,group,ቡድን,high,ከፍተኛ,English-Amharic,Pushes removal and rejection.,ማግለልን እና መከልከልን ያበረታታል።
2389,Different views can still be handled kindly.,የተለያዩ አስተያየቶች በበጎ ሊታዩ ይችላሉ።,safe,ጥሩ ንግግር,none,የለም,No,የለም,none,የለም,zero,ዜሮ,English-Amharic,"Affirms dignity, cooperation, and mutual respect.",ክብርን፣ ትብብርን እና መከባበርን ያበረታታል።
2390,Everyone has value in this room.,በዚህ ክፍል ያለ ሁሉም ሰው ዋጋ አለው።,safe,ጥሩ ንግግር,none,የለም,No,የለም,none,የለም,zero,ዜሮ,English-Amharic,"Affirms dignity, cooperation, and mutual respect.",ክብርን፣ ትብብርን እና መከባበርን ያበረታታል።
2391,Everyone deserves dignity.,ሁሉም ሰው ክብር ይገባዋል።,safe,ጥሩ ንግግር,none,የለም,No,የለም,none,የለም,zero,ዜሮ,English-Amharic,"Affirms dignity, cooperation, and mutual respect.",ክብርን፣ ትብብርን እና መከባበርን ያበረታታል።
2392,Everyone deserves dignity.,ሁሉም ሰው ክብር ይገባዋል።,safe,ጥሩ ንግግር,none,የለም,No,የለም,none,የለም,zero,ዜሮ,English-Amharic,"Affirms dignity, cooperation, and mutual respect.",ክብርን፣ ትብብርን እና መከባበርን ያበረታታል።
2393,You do not belong here.,ይህ የእናንተ ቦታ አይደለም።,hate_speech,የጥላቻ ንግግር,belonging denial,አባልነትን መከልከል,Yes,አዎ አለ,group,ቡድን,high,ከፍተኛ,English-Amharic,Denies membership and belonging.,አባልነትን እና ተሳትፎን ይከለክላል።
2394,We should speak respectfully.,በክብር መናገር አለብን።,safe,ጥሩ ንግግር,none,የለም,No,የለም,none,የለም,zero,ዜሮ,English-Amharic,"Affirms dignity, cooperation, and mutual respect.",ክብርን፣ ትብብርን እና መከባበርን ያበረታታል።
2395,They are less than human.,ከሰው በታች ናቸው።,hate_speech,የጥላቻ ንግግር,dehumanization,ሰብዓዊነትን መንፈግ,Yes,አዎ አለ,group,ቡድን,high,ከፍተኛ,English-Amharic,Strips humanity from the target.,ሰውነትን ይክዳል።
2396,Their kind always ruins everything.,የእነሱ ዓይነት ሁልጊዜ ሁሉንም ያበላሻል።,hate_speech,የጥላቻ ንግግር,stereotyping,የተዛባ አመለካከት,Yes,አዎ አለ,group,ቡድን,low,ዝቅተኛ,English-Amharic,Uses harmful group stereotype.,ለአንድ ቡድን ያለ የተዛባ አመለካከት።
2397,Their kind always ruins everything.,የእነሱ ዓይነት ሁልጊዜ ሁሉንም ያበላሻል።,hate_speech,የጥላቻ ንግግር,stereotyping,የተዛባ አመለካከት,Yes,አዎ አለ,group,ቡድን,low,ዝቅተኛ,English-Amharic,Uses harmful group stereotype.,ለአንድ ቡድን ያለ የተዛባ አመለካከት።
2398,They are not fully human.,እነሱ ሙሉ ሰው አይደሉም።,hate_speech,የጥላቻ ንግግር,dehumanization,ሰብዓዊነትን መንፈግ,Yes,አዎ አለ,group,ቡድን,high,ከፍተኛ,English-Amharic,Strips humanity from the target.,ሰውነትን ይክዳል።
2399,Everyone deserves dignity.,ሁሉም ሰው ክብር ይገባዋል።,safe,ጥሩ ንግግር,none,የለም,No,የለም,none,የለም,zero,ዜሮ,English-Amharic,"Affirms dignity, cooperation, and mutual respect.",ክብርን፣ ትብብርን እና መከባበርን ያበረታታል።
2400,Leave our community now.,ከማህበረሰባችን አሁን ውጣ።,hate_speech,የጥላቻ ንግግር,exclusion,ማግለል,Yes,አዎ አለ,group,ቡድን,high,ከፍተኛ,English-Amharic,Pushes removal and rejection.,ማግለልን እና መከልከልን ያበረታታል።
2401,We should speak respectfully.,በክብር መናገር አለብን።,safe,ጥሩ ንግግር,none,የለም,No,የለም,none,የለም,zero,ዜሮ,English-Amharic,"Affirms dignity, cooperation, and mutual respect.",ክብርን፣ ትብብርን እና መከባበርን ያበረታታል።
2402,Your voice does not matter here.,እዚህ ድምፅሽ ዋጋ የለውም።,hate_speech,የጥላቻ ንግግር,silencing,ዝም ማሰኘት,Yes,አዎ አለ,individual,ግለሰብ,low,ዝቅተኛ,English-Amharic,Suppresses participation and recognition.,ተሳትፎን እና እውቅናን ይከልክላል።
2403,You should stay silent.,ዝም በይ።,hate_speech,የጥላቻ ንግግር,silencing,ዝም ማሰኘት,Yes,አዎ አለ,individual,ግለሰብ,low,ዝቅተኛ,English-Amharic,Suppresses participation and recognition.,ተሳትፎን እና እውቅናን ይከልክላል።
2404,We should fear what they will do.,ምን እንደሚያደርጉ መፍራት አለብን።,hate_speech,የጥላቻ ንግግር,threat,ማስፈራሪያ,Yes,አዎ አለ,group,ቡድን,high,ከፍተኛ,English-Amharic,Frames the target as danger.,እንደ ስጋት ይቀርባል።
2405,They are less than human.,ከሰው በታች ናቸው።,hate_speech,የጥላቻ ንግግር,dehumanization,ሰብዓዊነትን መንፈግ,Yes,አዎ አለ,group,ቡድን,high,ከፍተኛ,English-Amharic,Strips humanity from the target.,ሰውነትን ይክዳል።
2406,They are not real people.,እውነተኛ ሰው አይደሉም።,hate_speech,የጥላቻ ንግግር,dehumanization,ሰብዓዊነትን መንፈግ,Yes,አዎ አለ,group,ቡድን,high,ከፍተኛ,English-Amharic,Strips humanity from the target.,ሰውነትን ይክዳል።
2407,They are a danger to everyone.,እነሱ ለሁሉም ስጋት ናቸው።,hate_speech,የጥላቻ ንግግር,threat,ማስፈራሪያ,Yes,አዎ አለ,group,ቡድን,high,ከፍተኛ,English-Amharic,Frames the target as danger.,እንደ ስጋት ይቀርባል።
2408,Every person should be heard.,እያንዳንዱ ሰው መሰማት አለበት።,safe,ጥሩ ንግግር,none,የለም,No,የለም,none,የለም,zero,ዜሮ,English-Amharic,"Affirms dignity, cooperation, and mutual respect.",ክብርን፣ ትብብርን እና መከባበርን ያበረታታል።
2409,You should stay silent.,ዝም በይ።,hate_speech,የጥላቻ ንግግር,silencing,ዝም ማሰኘት,Yes,አዎ አለ,individual,ግለሰብ,low,ዝቅተኛ,English-Amharic,Suppresses participation and recognition.,ተሳትፎን እና እውቅናን ይከልክላል።
2410,We should fear what they will do.,ምን እንደሚያደርጉ መፍራት አለብን።,hate_speech,የጥላቻ ንግግር,threat,ማስፈራሪያ,Yes,አዎ አለ,group,ቡድን,high,ከፍተኛ,English-Amharic,Frames the target as danger.,እንደ ስጋት ይቀርባል።
2411,Respect helps communities grow stronger.,ክብር ማህበረሰቦችን ያጠናክራል።,safe,ጥሩ ንግግር,none,የለም,No,የለም,none,የለም,zero,ዜሮ,English-Amharic,"Affirms dignity, cooperation, and mutual respect.",ክብርን፣ ትብብርን እና መከባበርን ያበረታታል።
2412,We should treat people fairly.,ሰዎችን በፍትሃዊነት ማየት አለብን።,safe,ጥሩ ንግግር,none,የለም,No,የለም,none,የለም,zero,ዜሮ,English-Amharic,"Affirms dignity, cooperation, and mutual respect.",ክብርን፣ ትብብርን እና መከባበርን ያበረታታል።
2413,People like them always cause trouble.,እንደ እነሱ ያሉ ሰዎች ሁልጊዜ ችግር ያመጣሉ።,hate_speech,የጥላቻ ንግግር,stereotyping,የተዛባ አመለካከት,Yes,አዎ አለ,group,ቡድን,low,ዝቅተኛ,English-Amharic,Uses harmful group stereotype.,ለአንድ ቡድን ያለ የተዛባ አመለካከት።
2414,We should listen before judging.,ከመፍረድ በፊት ማዳመጥ አለብን።,safe,ጥሩ ንግግር,none,የለም,No,የለም,none,የለም,zero,ዜሮ,English-Amharic,"Affirms dignity, cooperation, and mutual respect.",ክብርን፣ ትብብርን እና መከባበርን ያበረታታል።
2415,Respect helps communities grow stronger.,ክብር ማህበረሰቦችን ያጠናክራል።,safe,ጥሩ ንግግር,none,የለም,No,የለም,none,የለም,zero,ዜሮ,English-Amharic,"Affirms dignity, cooperation, and mutual respect.",ክብርን፣ ትብብርን እና መከባበርን ያበረታታል።
2416,We can solve this together.,ይህን በጋራ መፍታት እንችላለን።,safe,ጥሩ ንግግር,none,የለም,No,የለም,none,የለም,zero,ዜሮ,English-Amharic,"Affirms dignity, cooperation, and mutual respect.",ክብርን፣ ትብብርን እና መከባበርን ያበረታታል።
2417,You do not belong in this community.,በዚህ ማህበረሰብ ውስጥ አትገባም።,hate_speech,የጥላቻ ንግግር,belonging denial,አባልነትን መከልከል,Yes,አዎ አለ,group,ቡድን,high,ከፍተኛ,English-Amharic,Denies membership and belonging.,አባልነትን እና ተሳትፎን ይከለክላል።
2418,We should speak respectfully.,በክብር መናገር አለብን።,safe,ጥሩ ንግግር,none,የለም,No,የለም,none,የለም,zero,ዜሮ,English-Amharic,"Affirms dignity, cooperation, and mutual respect.",ክብርን፣ ትብብርን እና መከባበርን ያበረታታል።
2419,You should be pushed out.,መባረር አለብህ።,hate_speech,የጥላቻ ንግግር,exclusion,ማግለል,Yes,አዎ አለ,group,ቡድን,high,ከፍተኛ,English-Amharic,Pushes removal and rejection.,ማግለልን እና መከልከልን ያበረታታል።
2420,You should stay silent.,ዝም በይ።,hate_speech,የጥላቻ ንግግር,silencing,ዝም ማሰኘት,Yes,አዎ አለ,individual,ግለሰብ,low,ዝቅተኛ,English-Amharic,Suppresses participation and recognition.,ተሳትፎን እና እውቅናን ይከልክላል።
2421,They threaten our safety.,ደህንነታችንን ይሸብራሉ።,hate_speech,የጥላቻ ንግግር,threat,ማስፈራሪያ,Yes,አዎ አለ,group,ቡድን,high,ከፍተኛ,English-Amharic,Frames the target as danger.,እንደ ስጋት ይቀርባል።
2422,We can disagree without hate.,ባንስማማም አለመጣላት እንችላለን።,safe,ጥሩ ንግግር,none,የለም,No,የለም,none,የለም,zero,ዜሮ,English-Amharic,"Affirms dignity, cooperation, and mutual respect.",ክብርን፣ ትብብርን እና መከባበርን ያበረታታል።
2423,They threaten our safety.,ደህንነታችንን ይሸብራሉ።,hate_speech,የጥላቻ ንግግር,threat,ማስፈራሪያ,Yes,አዎ አለ,group,ቡድን,high,ከፍተኛ,English-Amharic,Frames the target as danger.,እንደ ስጋት ይቀርባል።
2424,You should stay silent.,ዝም በይ።,hate_speech,የጥላቻ ንግግር,silencing,ዝም ማሰኘት,Yes,አዎ አለ,individual,ግለሰብ,low,ዝቅተኛ,English-Amharic,Suppresses participation and recognition.,ተሳትፎን እና እውቅናን ይከልክላል።
2425,Different views can still be handled kindly.,የተለያዩ አስተያየቶች በበጎ ሊታዩ ይችላሉ።,safe,ጥሩ ንግግር,none,የለም,No,የለም,none,የለም,zero,ዜሮ,English-Amharic,"Affirms dignity, cooperation, and mutual respect.",ክብርን፣ ትብብርን እና መከባበርን ያበረታታል።
2426,Leave our community now.,ከማህበረሰባችን አሁን ውጣ።,hate_speech,የጥላቻ ንግግር,exclusion,ማግለል,Yes,አዎ አለ,group,ቡድን,high,ከፍተኛ,English-Amharic,Pushes removal and rejection.,ማግለልን እና መከልከልን ያበረታታል።
2427,Get out of our space.,ከቦታችን ውጣ።,hate_speech,የጥላቻ ንግግር,exclusion,ማግለል,Yes,አዎ አለ,group,ቡድን,high,ከፍተኛ,English-Amharic,Pushes removal and rejection.,ማግለልን እና መከልከልን ያበረታታል።
2428,We can disagree without hate.,ባንስማማም አለመጣላት እንችላለን።,safe,ጥሩ ንግግር,none,የለም,No,የለም,none,የለም,zero,ዜሮ,English-Amharic,"Affirms dignity, cooperation, and mutual respect.",ክብርን፣ ትብብርን እና መከባበርን ያበረታታል።
2429,They threaten our safety.,ደህንነታችንን ይሸብራሉ።,hate_speech,የጥላቻ ንግግር,threat,ማስፈራሪያ,Yes,አዎ አለ,group,ቡድን,high,ከፍተኛ,English-Amharic,Frames the target as danger.,እንደ ስጋት ይቀርባል።
2430,Let us find a solution that works for everyone.,ለሁሉም የሚሰራ መፍትሄ እንፈልግ።,safe,ጥሩ ንግግር,none,የለም,No,የለም,none,የለም,zero,ዜሮ,English-Amharic,"Affirms dignity, cooperation, and mutual respect.",ክብርን፣ ትብብርን እና መከባበርን ያበረታታል።
2431,Let us find a solution that works for everyone.,ለሁሉም የሚሰራ መፍትሄ እንፈልግ።,safe,ጥሩ ንግግር,none,የለም,No,የለም,none,የለም,zero,ዜሮ,English-Amharic,"Affirms dignity, cooperation, and mutual respect.",ክብርን፣ ትብብርን እና መከባበርን ያበረታታል።
2432,That group is always the problem.,ያ ቡድን ሁልጊዜ ችግር ነው።,hate_speech,የጥላቻ ንግግር,stereotyping,የተዛባ አመለካከት,Yes,አዎ አለ,group,ቡድን,low,ዝቅተኛ,English-Amharic,Uses harmful group stereotype.,ለአንድ ቡድን ያለ የተዛባ አመለካከት።
2433,You should stay silent.,ዝም በይ።,hate_speech,የጥላቻ ንግግር,silencing,ዝም ማሰኘት,Yes,አዎ አለ,individual,ግለሰብ,low,ዝቅተኛ,English-Amharic,Suppresses participation and recognition.,ተሳትፎን እና እውቅናን ይከልክላል።
2434,We should fear what they will do.,ምን እንደሚያደርጉ መፍራት አለብን።,hate_speech,የጥላቻ ንግግር,threat,ማስፈራሪያ,Yes,አዎ አለ,group,ቡድን,high,ከፍተኛ,English-Amharic,Frames the target as danger.,እንደ ስጋት ይቀርባል።
2435,Respect helps communities grow stronger.,ክብር ማህበረሰቦችን ያጠናክራል።,safe,ጥሩ ንግግር,none,የለም,No,የለም,none,የለም,zero,ዜሮ,English-Amharic,"Affirms dignity, cooperation, and mutual respect.",ክብርን፣ ትብብርን እና መከባበርን ያበረታታል።
2436,They are not fully human.,እነሱ ሙሉ ሰው አይደሉም።,hate_speech,የጥላቻ ንግግር,dehumanization,ሰብዓዊነትን መንፈግ,Yes,አዎ አለ,group,ቡድን,high,ከፍተኛ,English-Amharic,Strips humanity from the target.,ሰውነትን ይክዳል።
2437,They are not fully human.,እነሱ ሙሉ ሰው አይደሉም።,hate_speech,የጥላቻ ንግግር,dehumanization,ሰብዓዊነትን መንፈግ,Yes,አዎ አለ,group,ቡድን,high,ከፍተኛ,English-Amharic,Strips humanity from the target.,ሰውነትን ይክዳል።
2438,They are a danger to everyone.,እነሱ ለሁሉም ስጋት ናቸው።,hate_speech,የጥላቻ ንግግር,threat,ማስፈራሪያ,Yes,አዎ አለ,group,ቡድን,high,ከፍተኛ,English-Amharic,Frames the target as danger.,እንደ ስጋት ይቀርባል።
2439,Your voice does not matter here.,እዚህ ድምፅሽ ዋጋ የለውም።,hate_speech,የጥላቻ ንግግር,silencing,ዝም ማሰኘት,Yes,አዎ አለ,individual,ግለሰብ,low,ዝቅተኛ,English-Amharic,Suppresses participation and recognition.,ተሳትፎን እና እውቅናን ይከልክላል።
2440,Nobody wants to hear you.,ማንም ሊሰማሽ አይፈልግም።,hate_speech,የጥላቻ ንግግር,silencing,ዝም ማሰኘት,Yes,አዎ አለ,individual,ግለሰብ,low,ዝቅተኛ,English-Amharic,Suppresses participation and recognition.,ተሳትፎን እና እውቅናን ይከልክላል።
2441,People deserve fairness and care.,ሰዎች ፍትሃዊነት እና እንክብካቤ ይገባቸዋል።,safe,ጥሩ ንግግር,none,የለም,No,የለም,none,የለም,zero,ዜሮ,English-Amharic,"Affirms dignity, cooperation, and mutual respect.",ክብርን፣ ትብብርን እና መከባበርን ያበረታታል።
2442,They are less than human.,ከሰው በታች ናቸው።,hate_speech,የጥላቻ ንግግር,dehumanization,ሰብዓዊነትን መንፈግ,Yes,አዎ አለ,group,ቡድን,high,ከፍተኛ,English-Amharic,Strips humanity from the target.,ሰውነትን ይክዳል።
2443,Leave our community now.,ከማህበረሰባችን አሁን ውጣ።,hate_speech,የጥላቻ ንግግር,exclusion,ማግለል,Yes,አዎ አለ,group,ቡድን,high,ከፍተኛ,English-Amharic,Pushes removal and rejection.,ማግለልን እና መከልከልን ያበረታታል።
2444,Let us find a solution that works for everyone.,ለሁሉም የሚሰራ መፍትሄ እንፈልግ።,safe,ጥሩ ንግግር,none,የለም,No,የለም,none,የለም,zero,ዜሮ,English-Amharic,"Affirms dignity, cooperation, and mutual respect.",ክብርን፣ ትብብርን እና መከባበርን ያበረታታል።
2445,Different views can still be handled kindly.,የተለያዩ አስተያየቶች በበጎ ሊታዩ ይችላሉ።,safe,ጥሩ ንግግር,none,የለም,No,የለም,none,የለም,zero,ዜሮ,English-Amharic,"Affirms dignity, cooperation, and mutual respect.",ክብርን፣ ትብብርን እና መከባበርን ያበረታታል።
2446,They are not fully human.,እነሱ ሙሉ ሰው አይደሉም።,hate_speech,የጥላቻ ንግግር,dehumanization,ሰብዓዊነትን መንፈግ,Yes,አዎ አለ,group,ቡድን,high,ከፍተኛ,English-Amharic,Strips humanity from the target.,ሰውነትን ይክዳል።
2447,Everyone deserves dignity.,ሁሉም ሰው ክብር ይገባዋል።,safe,ጥሩ ንግግር,none,የለም,No,የለም,none,የለም,zero,ዜሮ,English-Amharic,"Affirms dignity, cooperation, and mutual respect.",ክብርን፣ ትብብርን እና መከባበርን ያበረታታል።
2448,Their kind always ruins everything.,የእነሱ ዓይነት ሁልጊዜ ሁሉንም ያበላሻል።,hate_speech,የጥላቻ ንግግር,stereotyping,የተዛባ አመለካከት,Yes,አዎ አለ,group,ቡድን,low,ዝቅተኛ,English-Amharic,Uses harmful group stereotype.,ለአንድ ቡድን ያለ የተዛባ አመለካከት።
2449,People like them always cause trouble.,እንደ እነሱ ያሉ ሰዎች ሁልጊዜ ችግር ያመጣሉ።,hate_speech,የጥላቻ ንግግር,stereotyping,የተዛባ አመለካከት,Yes,አዎ አለ,group,ቡድን,low,ዝቅተኛ,English-Amharic,Uses harmful group stereotype.,ለአንድ ቡድን ያለ የተዛባ አመለካከት።
2450,That group is always the problem.,ያ ቡድን ሁልጊዜ ችግር ነው።,hate_speech,የጥላቻ ንግግር,stereotyping,የተዛባ አመለካከት,Yes,አዎ አለ,group,ቡድን,low,ዝቅተኛ,English-Amharic,Uses harmful group stereotype.,ለአንድ ቡድን ያለ የተዛባ አመለካከት።
2451,We should correct mistakes without humiliation.,ሰዎችን ሳናዋርድ ስህተትን ማስተካከል አለብን።,safe,ጥሩ ንግግር,none,የለም,No,የለም,none,የለም,zero,ዜሮ,English-Amharic,"Affirms dignity, cooperation, and mutual respect.",ክብርን፣ ትብብርን እና መከባበርን ያበረታታል።
2452,Everyone has value in this room.,በዚህ ክፍል ያለ ሁሉም ሰው ዋጋ አለው።,safe,ጥሩ ንግግር,none,የለም,No,የለም,none,የለም,zero,ዜሮ,English-Amharic,"Affirms dignity, cooperation, and mutual respect.",ክብርን፣ ትብብርን እና መከባበርን ያበረታታል።
2453,Respect helps communities grow stronger.,ክብር ማህበረሰቦችን ያጠናክራል።,safe,ጥሩ ንግግር,none,የለም,No,የለም,none,የለም,zero,ዜሮ,English-Amharic,"Affirms dignity, cooperation, and mutual respect.",ክብርን፣ ትብብርን እና መከባበርን ያበረታታል።
2454,Their kind always ruins everything.,የእነሱ ዓይነት ሁልጊዜ ሁሉንም ያበላሻል።,hate_speech,የጥላቻ ንግግር,stereotyping,የተዛባ አመለካከት,Yes,አዎ አለ,group,ቡድን,low,ዝቅተኛ,English-Amharic,Uses harmful group stereotype.,ለአንድ ቡድን ያለ የተዛባ አመለካከት።
2455,They threaten our safety.,ደህንነታችንን ይሸብራሉ።,hate_speech,የጥላቻ ንግግር,threat,ማስፈራሪያ,Yes,አዎ አለ,group,ቡድን,high,ከፍተኛ,English-Amharic,Frames the target as danger.,እንደ ስጋት ይቀርባል።
2456,You do not belong here.,ይህ የእናንተ ቦታ አይደለም።,hate_speech,የጥላቻ ንግግር,belonging denial,አባልነትን መከልከል,Yes,አዎ አለ,group,ቡድን,high,ከፍተኛ,English-Amharic,Denies membership and belonging.,አባልነትን እና ተሳትፎን ይከለክላል።
2457,Get out of our space.,ከቦታችን ውጣ።,hate_speech,የጥላቻ ንግግር,exclusion,ማግለል,Yes,አዎ አለ,group,ቡድን,high,ከፍተኛ,English-Amharic,Pushes removal and rejection.,ማግለልን እና መከልከልን ያበረታታል።
2458,Every person should be heard.,እያንዳንዱ ሰው መሰማት አለበት።,safe,ጥሩ ንግግር,none,የለም,No,የለም,none,የለም,zero,ዜሮ,English-Amharic,"Affirms dignity, cooperation, and mutual respect.",ክብርን፣ ትብብርን እና መከባበርን ያበረታታል።
2459,Respect helps communities grow stronger.,ክብር ማህበረሰቦችን ያጠናክራል።,safe,ጥሩ ንግግር,none,የለም,No,የለም,none,የለም,zero,ዜሮ,English-Amharic,"Affirms dignity, cooperation, and mutual respect.",ክብርን፣ ትብብርን እና መከባበርን ያበረታታል።
2460,Leave our community now.,ከማህበረሰባችን አሁን ውጣ።,hate_speech,የጥላቻ ንግግር,exclusion,ማግለል,Yes,አዎ አለ,group,ቡድን,high,ከፍተኛ,English-Amharic,Pushes removal and rejection.,ማግለልን እና መከልከልን ያበረታታል።
2461,Your voice does not matter here.,እዚህ ድምፅሽ ዋጋ የለውም።,hate_speech,የጥላቻ ንግግር,silencing,ዝም ማሰኘት,Yes,አዎ አለ,individual,ግለሰብ,low,ዝቅተኛ,English-Amharic,Suppresses participation and recognition.,ተሳትፎን እና እውቅናን ይከልክላል።
2462,You should stay silent.,ዝም በይ።,hate_speech,የጥላቻ ንግግር,silencing,ዝም ማሰኘት,Yes,አዎ አለ,individual,ግለሰብ,low,ዝቅተኛ,English-Amharic,Suppresses participation and recognition.,ተሳትፎን እና እውቅናን ይከልክላል።
2463,You have no place among us.,ከእኛ መካከል ቦታ የለህም።,hate_speech,የጥላቻ ንግግር,belonging denial,አባልነትን መከልከል,Yes,አዎ አለ,group,ቡድን,high,ከፍተኛ,English-Amharic,Denies membership and belonging.,አባልነትን እና ተሳትፎን ይከለክላል።
2464,They threaten our safety.,ደህንነታችንን ይሸብራሉ።,hate_speech,የጥላቻ ንግግር,threat,ማስፈራሪያ,Yes,አዎ አለ,group,ቡድን,high,ከፍተኛ,English-Amharic,Frames the target as danger.,እንደ ስጋት ይቀርባል።
2465,Your voice does not matter here.,እዚህ ድምፅሽ ዋጋ የለውም።,hate_speech,የጥላቻ ንግግር,silencing,ዝም ማሰኘት,Yes,አዎ አለ,individual,ግለሰብ,low,ዝቅተኛ,English-Amharic,Suppresses participation and recognition.,ተሳትፎን እና እውቅናን ይከልክላል።
2466,We can disagree without hate.,ባንስማማም አለመጣላት እንችላለን።,safe,ጥሩ ንግግር,none,የለም,No,የለም,none,የለም,zero,ዜሮ,English-Amharic,"Affirms dignity, cooperation, and mutual respect.",ክብርን፣ ትብብርን እና መከባበርን ያበረታታል።
2467,You have no place among us.,ከእኛ መካከል ቦታ የለህም።,hate_speech,የጥላቻ ንግግር,belonging denial,አባልነትን መከልከል,Yes,አዎ አለ,group,ቡድን,high,ከፍተኛ,English-Amharic,Denies membership and belonging.,አባልነትን እና ተሳትፎን ይከለክላል።
2468,Respect helps communities grow stronger.,ክብር ማህበረሰቦችን ያጠናክራል።,safe,ጥሩ ንግግር,none,የለም,No,የለም,none,የለም,zero,ዜሮ,English-Amharic,"Affirms dignity, cooperation, and mutual respect.",ክብርን፣ ትብብርን እና መከባበርን ያበረታታል።
2469,People deserve fairness and care.,ሰዎች ፍትሃዊነት እና እንክብካቤ ይገባቸዋል።,safe,ጥሩ ንግግር,none,የለም,No,የለም,none,የለም,zero,ዜሮ,English-Amharic,"Affirms dignity, cooperation, and mutual respect.",ክብርን፣ ትብብርን እና መከባበርን ያበረታታል።
2470,A fair discussion includes every voice.,ፍትሃዊ ውይይት ሁሉንም ድምፅ ያካትታል።,safe,ጥሩ ንግግር,none,የለም,No,የለም,none,የለም,zero,ዜሮ,English-Amharic,"Affirms dignity, cooperation, and mutual respect.",ክብርን፣ ትብብርን እና መከባበርን ያበረታታል።
2471,That group is always the problem.,ያ ቡድን ሁልጊዜ ችግር ነው።,hate_speech,የጥላቻ ንግግር,stereotyping,የተዛባ አመለካከት,Yes,አዎ አለ,group,ቡድን,low,ዝቅተኛ,English-Amharic,Uses harmful group stereotype.,ለአንድ ቡድን ያለ የተዛባ አመለካከት።
2472,You do not belong here.,ይህ የእናንተ ቦታ አይደለም።,hate_speech,የጥላቻ ንግግር,belonging denial,አባልነትን መከልከል,Yes,አዎ አለ,group,ቡድን,high,ከፍተኛ,English-Amharic,Denies membership and belonging.,አባልነትን እና ተሳትፎን ይከለክላል።
2473,They are less than human.,ከሰው በታች ናቸው።,hate_speech,የጥላቻ ንግግር,dehumanization,ሰብዓዊነትን መንፈግ,Yes,አዎ አለ,group,ቡድን,high,ከፍተኛ,English-Amharic,Strips humanity from the target.,ሰውነትን ይክዳል።
2474,We can disagree without hate.,ባንስማማም አለመጣላት እንችላለን።,safe,ጥሩ ንግግር,none,የለም,No,የለም,none,የለም,zero,ዜሮ,English-Amharic,"Affirms dignity, cooperation, and mutual respect.",ክብርን፣ ትብብርን እና መከባበርን ያበረታታል።
2475,They threaten our safety.,ደህንነታችንን ይሸብራሉ።,hate_speech,የጥላቻ ንግግር,threat,ማስፈራሪያ,Yes,አዎ አለ,group,ቡድን,high,ከፍተኛ,English-Amharic,Frames the target as danger.,እንደ ስጋት ይቀርባል።
2476,We should correct mistakes without humiliation.,ሰዎችን ሳናዋርድ ስህተትን ማስተካከል አለብን።,safe,ጥሩ ንግግር,none,የለም,No,የለም,none,የለም,zero,ዜሮ,English-Amharic,"Affirms dignity, cooperation, and mutual respect.",ክብርን፣ ትብብርን እና መከባበርን ያበረታታል።
2477,We should listen before judging.,ከመፍረድ በፊት ማዳመጥ አለብን።,safe,ጥሩ ንግግር,none,የለም,No,የለም,none,የለም,zero,ዜሮ,English-Amharic,"Affirms dignity, cooperation, and mutual respect.",ክብርን፣ ትብብርን እና መከባበርን ያበረታታል።
2478,Leave our community now.,ከማህበረሰባችን አሁን ውጣ።,hate_speech,የጥላቻ ንግግር,exclusion,ማግለል,Yes,አዎ አለ,group,ቡድን,high,ከፍተኛ,English-Amharic,Pushes removal and rejection.,ማግለልን እና መከልከልን ያበረታታል።
2479,We should speak respectfully.,በክብር መናገር አለብን።,safe,ጥሩ ንግግር,none,የለም,No,የለም,none,የለም,zero,ዜሮ,English-Amharic,"Affirms dignity, cooperation, and mutual respect.",ክብርን፣ ትብብርን እና መከባበርን ያበረታታል።
2480,That group is always the problem.,ያ ቡድን ሁልጊዜ ችግር ነው።,hate_speech,የጥላቻ ንግግር,stereotyping,የተዛባ አመለካከት,Yes,አዎ አለ,group,ቡድን,low,ዝቅተኛ,English-Amharic,Uses harmful group stereotype.,ለአንድ ቡድን ያለ የተዛባ አመለካከት።
2481,Respect helps communities grow stronger.,ክብር ማህበረሰቦችን ያጠናክራል።,safe,ጥሩ ንግግር,none,የለም,No,የለም,none,የለም,zero,ዜሮ,English-Amharic,"Affirms dignity, cooperation, and mutual respect.",ክብርን፣ ትብብርን እና መከባበርን ያበረታታል።
2482,People like them always cause trouble.,እንደ እነሱ ያሉ ሰዎች ሁልጊዜ ችግር ያመጣሉ።,hate_speech,የጥላቻ ንግግር,stereotyping,የተዛባ አመለካከት,Yes,አዎ አለ,group,ቡድን,low,ዝቅተኛ,English-Amharic,Uses harmful group stereotype.,ለአንድ ቡድን ያለ የተዛባ አመለካከት።
2483,You do not belong in this community.,በዚህ ማህበረሰብ ውስጥ አትገባም።,hate_speech,የጥላቻ ንግግር,belonging denial,አባልነትን መከልከል,Yes,አዎ አለ,group,ቡድን,high,ከፍተኛ,English-Amharic,Denies membership and belonging.,አባልነትን እና ተሳትፎን ይከለክላል።
2484,Everyone has value in this room.,በዚህ ክፍል ያለ ሁሉም ሰው ዋጋ አለው።,safe,ጥሩ ንግግር,none,የለም,No,የለም,none,የለም,zero,ዜሮ,English-Amharic,"Affirms dignity, cooperation, and mutual respect.",ክብርን፣ ትብብርን እና መከባበርን ያበረታታል።
2485,They are less than human.,ከሰው በታች ናቸው።,hate_speech,የጥላቻ ንግግር,dehumanization,ሰብዓዊነትን መንፈግ,Yes,አዎ አለ,group,ቡድን,high,ከፍተኛ,English-Amharic,Strips humanity from the target.,ሰውነትን ይክዳል።
2486,Everyone deserves dignity.,ሁሉም ሰው ክብር ይገባዋል።,safe,ጥሩ ንግግር,none,የለም,No,የለም,none,የለም,zero,ዜሮ,English-Amharic,"Affirms dignity, cooperation, and mutual respect.",ክብርን፣ ትብብርን እና መከባበርን ያበረታታል።
2487,We should speak respectfully.,በክብር መናገር አለብን።,safe,ጥሩ ንግግር,none,የለም,No,የለም,none,የለም,zero,ዜሮ,English-Amharic,"Affirms dignity, cooperation, and mutual respect.",ክብርን፣ ትብብርን እና መከባበርን ያበረታታል።
2488,We should correct mistakes without humiliation.,ሰዎችን ሳናዋርድ ስህተትን ማስተካከል አለብን።,safe,ጥሩ ንግግር,none,የለም,No,የለም,none,የለም,zero,ዜሮ,English-Amharic,"Affirms dignity, cooperation, and mutual respect.",ክብርን፣ ትብብርን እና መከባበርን ያበረታታል።
2489,They threaten our safety.,ደህንነታችንን ይሸብራሉ።,hate_speech,የጥላቻ ንግግር,threat,ማስፈራሪያ,Yes,አዎ አለ,group,ቡድን,high,ከፍተኛ,English-Amharic,Frames the target as danger.,እንደ ስጋት ይቀርባል።
2490,Every person should be heard.,እያንዳንዱ ሰው መሰማት አለበት።,safe,ጥሩ ንግግር,none,የለም,No,የለም,none,የለም,zero,ዜሮ,English-Amharic,"Affirms dignity, cooperation, and mutual respect.",ክብርን፣ ትብብርን እና መከባበርን ያበረታታል።
2491,We should listen before judging.,ከመፍረድ በፊት ማዳመጥ አለብን።,safe,ጥሩ ንግግር,none,የለም,No,የለም,none,የለም,zero,ዜሮ,English-Amharic,"Affirms dignity, cooperation, and mutual respect.",ክብርን፣ ትብብርን እና መከባበርን ያበረታታል።
2492,Different views can still be handled kindly.,የተለያዩ አስተያየቶች በበጎ ሊታዩ ይችላሉ።,safe,ጥሩ ንግግር,none,የለም,No,የለም,none,የለም,zero,ዜሮ,English-Amharic,"Affirms dignity, cooperation, and mutual respect.",ክብርን፣ ትብብርን እና መከባበርን ያበረታታል።
2493,A fair discussion includes every voice.,ፍትሃዊ ውይይት ሁሉንም ድምፅ ያካትታል።,safe,ጥሩ ንግግር,none,የለም,No,የለም,none,የለም,zero,ዜሮ,English-Amharic,"Affirms dignity, cooperation, and mutual respect.",ክብርን፣ ትብብርን እና መከባበርን ያበረታታል።
2494,We should listen before judging.,ከመፍረድ በፊት ማዳመጥ አለብን።,safe,ጥሩ ንግግር,none,የለም,No,የለም,none,የለም,zero,ዜሮ,English-Amharic,"Affirms dignity, cooperation, and mutual respect.",ክብርን፣ ትብብርን እና መከባበርን ያበረታታል።
2495,Let us work for peace.,ለሰላም በጋራ እንስራ።,safe,ጥሩ ንግግር,none,የለም,No,የለም,none,የለም,zero,ዜሮ,English-Amharic,"Affirms dignity, cooperation, and mutual respect.",ክብርን፣ ትብብርን እና መከባበርን ያበረታታል።
2496,People like them always cause trouble.,እንደ እነሱ ያሉ ሰዎች ሁልጊዜ ችግር ያመጣሉ።,hate_speech,የጥላቻ ንግግር,stereotyping,የተዛባ አመለካከት,Yes,አዎ አለ,group,ቡድን,low,ዝቅተኛ,English-Amharic,Uses harmful group stereotype.,ለአንድ ቡድን ያለ የተዛባ አመለካከት።
2497,Let us work for peace.,ለሰላም በጋራ እንስራ።,safe,ጥሩ ንግግር,none,የለም,No,የለም,none,የለም,zero,ዜሮ,English-Amharic,"Affirms dignity, cooperation, and mutual respect.",ክብርን፣ ትብብርን እና መከባበርን ያበረታታል።
2498,Everyone has value in this room.,በዚህ ክፍል ያለ ሁሉም ሰው ዋጋ አለው።,safe,ጥሩ ንግግር,none,የለም,No,የለም,none,የለም,zero,ዜሮ,English-Amharic,"Affirms dignity, cooperation, and mutual respect.",ክብርን፣ ትብብርን እና መከባበርን ያበረታታል።
2499,That group is always the problem.,ያ ቡድን ሁልጊዜ ችግር ነው።,hate_speech,የጥላቻ ንግግር,stereotyping,የተዛባ አመለካከት,Yes,አዎ አለ,group,ቡድን,low,ዝቅተኛ,English-Amharic,Uses harmful group stereotype.,ለአንድ ቡድን ያለ የተዛባ አመለካከት።
2500,You should be pushed out.,መባረር አለብህ።,hate_speech,የጥላቻ ንግግር,exclusion,ማግለል,Yes,አዎ አለ,group,ቡድን,high,ከፍተኛ,English-Amharic,Pushes removal and rejection.,ማግለልን እና መከልከልን ያበረታታል።
2501,They threaten our safety.,ደህንነታችንን ይሸብራሉ።,hate_speech,የጥላቻ ንግግር,threat,ማስፈራሪያ,Yes,አዎ አለ,group,ቡድን,high,ከፍተኛ,English-Amharic,Frames the target as danger.,እንደ ስጋት ይቀርባል።
2502,You should stay silent.,ዝም በይ።,hate_speech,የጥላቻ ንግግር,silencing,ዝም ማሰኘት,Yes,አዎ አለ,individual,ግለሰብ,low,ዝቅተኛ,English-Amharic,Suppresses participation and recognition.,ተሳትፎን እና እውቅናን ይከልክላል።
2503,Everyone deserves dignity.,ሁሉም ሰው ክብር ይገባዋል።,safe,ጥሩ ንግግር,none,የለም,No,የለም,none,የለም,zero,ዜሮ,English-Amharic,"Affirms dignity, cooperation, and mutual respect.",ክብርን፣ ትብብርን እና መከባበርን ያበረታታል።
2504,They are not fully human.,እነሱ ሙሉ ሰው አይደሉም።,hate_speech,የጥላቻ ንግግር,dehumanization,ሰብዓዊነትን መንፈግ,Yes,አዎ አለ,group,ቡድን,high,ከፍተኛ,English-Amharic,Strips humanity from the target.,ሰውነትን ይክዳል።
2505,They are not real people.,እውነተኛ ሰው አይደሉም።,hate_speech,የጥላቻ ንግግር,dehumanization,ሰብዓዊነትን መንፈግ,Yes,አዎ አለ,group,ቡድን,high,ከፍተኛ,English-Amharic,Strips humanity from the target.,ሰውነትን ይክዳል።
2506,We should listen before judging.,ከመፍረድ በፊት ማዳመጥ አለብን።,safe,ጥሩ ንግግር,none,የለም,No,የለም,none,የለም,zero,ዜሮ,English-Amharic,"Affirms dignity, cooperation, and mutual respect.",ክብርን፣ ትብብርን እና መከባበርን ያበረታታል።
2507,Respect helps communities grow stronger.,ክብር ማህበረሰቦችን ያጠናክራል።,safe,ጥሩ ንግግር,none,የለም,No,የለም,none,የለም,zero,ዜሮ,English-Amharic,"Affirms dignity, cooperation, and mutual respect.",ክብርን፣ ትብብርን እና መከባበርን ያበረታታል።
2508,That group is always the problem.,ያ ቡድን ሁልጊዜ ችግር ነው።,hate_speech,የጥላቻ ንግግር,stereotyping,የተዛባ አመለካከት,Yes,አዎ አለ,group,ቡድን,low,ዝቅተኛ,English-Amharic,Uses harmful group stereotype.,ለአንድ ቡድን ያለ የተዛባ አመለካከት።
2509,You should stay silent.,ዝም በይ።,hate_speech,የጥላቻ ንግግር,silencing,ዝም ማሰኘት,Yes,አዎ አለ,individual,ግለሰብ,low,ዝቅተኛ,English-Amharic,Suppresses participation and recognition.,ተሳትፎን እና እውቅናን ይከልክላል።
2510,We should listen before judging.,ከመፍረድ በፊት ማዳመጥ አለብን።,safe,ጥሩ ንግግር,none,የለም,No,የለም,none,የለም,zero,ዜሮ,English-Amharic,"Affirms dignity, cooperation, and mutual respect.",ክብርን፣ ትብብርን እና መከባበርን ያበረታታል።
2511,That group is always the problem.,ያ ቡድን ሁልጊዜ ችግር ነው።,hate_speech,የጥላቻ ንግግር,stereotyping,የተዛባ አመለካከት,Yes,አዎ አለ,group,ቡድን,low,ዝቅተኛ,English-Amharic,Uses harmful group stereotype.,ለአንድ ቡድን ያለ የተዛባ አመለካከት።
2512,We should treat people fairly.,ሰዎችን በፍትሃዊነት ማየት አለብን።,safe,ጥሩ ንግግር,none,የለም,No,የለም,none,የለም,zero,ዜሮ,English-Amharic,"Affirms dignity, cooperation, and mutual respect.",ክብርን፣ ትብብርን እና መከባበርን ያበረታታል።
2513,We can disagree without hate.,ባንስማማም አለመጣላት እንችላለን።,safe,ጥሩ ንግግር,none,የለም,No,የለም,none,የለም,zero,ዜሮ,English-Amharic,"Affirms dignity, cooperation, and mutual respect.",ክብርን፣ ትብብርን እና መከባበርን ያበረታታል።
2514,They are not real people.,እውነተኛ ሰው አይደሉም።,hate_speech,የጥላቻ ንግግር,dehumanization,ሰብዓዊነትን መንፈግ,Yes,አዎ አለ,group,ቡድን,high,ከፍተኛ,English-Amharic,Strips humanity from the target.,ሰውነትን ይክዳል።
2515,We should fear what they will do.,ምን እንደሚያደርጉ መፍራት አለብን።,hate_speech,የጥላቻ ንግግር,threat,ማስፈራሪያ,Yes,አዎ አለ,group,ቡድን,high,ከፍተኛ,English-Amharic,Frames the target as danger.,እንደ ስጋት ይቀርባል።
2516,You do not belong here.,ይህ የእናንተ ቦታ አይደለም።,hate_speech,የጥላቻ ንግግር,belonging denial,አባልነትን መከልከል,Yes,አዎ አለ,group,ቡድን,high,ከፍተኛ,English-Amharic,Denies membership and belonging.,አባልነትን እና ተሳትፎን ይከለክላል።
2517,Respect helps communities grow stronger.,ክብር ማህበረሰቦችን ያጠናክራል።,safe,ጥሩ ንግግር,none,የለም,No,የለም,none,የለም,zero,ዜሮ,English-Amharic,"Affirms dignity, cooperation, and mutual respect.",ክብርን፣ ትብብርን እና መከባበርን ያበረታታል።
2518,Every person should be heard.,እያንዳንዱ ሰው መሰማት አለበት።,safe,ጥሩ ንግግር,none,የለም,No,የለም,none,የለም,zero,ዜሮ,English-Amharic,"Affirms dignity, cooperation, and mutual respect.",ክብርን፣ ትብብርን እና መከባበርን ያበረታታል።
2519,We should treat people fairly.,ሰዎችን በፍትሃዊነት ማየት አለብን።,safe,ጥሩ ንግግር,none,የለም,No,የለም,none,የለም,zero,ዜሮ,English-Amharic,"Affirms dignity, cooperation, and mutual respect.",ክብርን፣ ትብብርን እና መከባበርን ያበረታታል።
2520,People deserve fairness and care.,ሰዎች ፍትሃዊነት እና እንክብካቤ ይገባቸዋል።,safe,ጥሩ ንግግር,none,የለም,No,የለም,none,የለም,zero,ዜሮ,English-Amharic,"Affirms dignity, cooperation, and mutual respect.",ክብርን፣ ትብብርን እና መከባበርን ያበረታታል።
2521,We should fear what they will do.,ምን እንደሚያደርጉ መፍራት አለብን።,hate_speech,የጥላቻ ንግግር,threat,ማስፈራሪያ,Yes,አዎ አለ,group,ቡድን,high,ከፍተኛ,English-Amharic,Frames the target as danger.,እንደ ስጋት ይቀርባል።
2522,You have no place among us.,ከእኛ መካከል ቦታ የለህም።,hate_speech,የጥላቻ ንግግር,belonging denial,አባልነትን መከልከል,Yes,አዎ አለ,group,ቡድን,high,ከፍተኛ,English-Amharic,Denies membership and belonging.,አባልነትን እና ተሳትፎን ይከለክላል።
2523,They threaten our safety.,ደህንነታችንን ይሸብራሉ።,hate_speech,የጥላቻ ንግግር,threat,ማስፈራሪያ,Yes,አዎ አለ,group,ቡድን,high,ከፍተኛ,English-Amharic,Frames the target as danger.,እንደ ስጋት ይቀርባል።
2524,They are a danger to everyone.,እነሱ ለሁሉም ስጋት ናቸው።,hate_speech,የጥላቻ ንግግር,threat,ማስፈራሪያ,Yes,አዎ አለ,group,ቡድን,high,ከፍተኛ,English-Amharic,Frames the target as danger.,እንደ ስጋት ይቀርባል።
2525,Leave our community now.,ከማህበረሰባችን አሁን ውጣ።,hate_speech,የጥላቻ ንግግር,exclusion,ማግለል,Yes,አዎ አለ,group,ቡድን,high,ከፍተኛ,English-Amharic,Pushes removal and rejection.,ማግለልን እና መከልከልን ያበረታታል።
2526,People deserve fairness and care.,ሰዎች ፍትሃዊነት እና እንክብካቤ ይገባቸዋል።,safe,ጥሩ ንግግር,none,የለም,No,የለም,none,የለም,zero,ዜሮ,English-Amharic,"Affirms dignity, cooperation, and mutual respect.",ክብርን፣ ትብብርን እና መከባበርን ያበረታታል።
2527,Respect helps communities grow stronger.,ክብር ማህበረሰቦችን ያጠናክራል።,safe,ጥሩ ንግግር,none,የለም,No,የለም,none,የለም,zero,ዜሮ,English-Amharic,"Affirms dignity, cooperation, and mutual respect.",ክብርን፣ ትብብርን እና መከባበርን ያበረታታል።
2528,Their kind always ruins everything.,የእነሱ ዓይነት ሁልጊዜ ሁሉንም ያበላሻል።,hate_speech,የጥላቻ ንግግር,stereotyping,የተዛባ አመለካከት,Yes,አዎ አለ,group,ቡድን,low,ዝቅተኛ,English-Amharic,Uses harmful group stereotype.,ለአንድ ቡድን ያለ የተዛባ አመለካከት።
2529,People deserve fairness and care.,ሰዎች ፍትሃዊነት እና እንክብካቤ ይገባቸዋል።,safe,ጥሩ ንግግር,none,የለም,No,የለም,none,የለም,zero,ዜሮ,English-Amharic,"Affirms dignity, cooperation, and mutual respect.",ክብርን፣ ትብብርን እና መከባበርን ያበረታታል።
2530,We should listen before judging.,ከመፍረድ በፊት ማዳመጥ አለብን።,safe,ጥሩ ንግግር,none,የለም,No,የለም,none,የለም,zero,ዜሮ,English-Amharic,"Affirms dignity, cooperation, and mutual respect.",ክብርን፣ ትብብርን እና መከባበርን ያበረታታል።
2531,We can solve this together.,ይህን በጋራ መፍታት እንችላለን።,safe,ጥሩ ንግግር,none,የለም,No,የለም,none,የለም,zero,ዜሮ,English-Amharic,"Affirms dignity, cooperation, and mutual respect.",ክብርን፣ ትብብርን እና መከባበርን ያበረታታል።
2532,Let us find a solution that works for everyone.,ለሁሉም የሚሰራ መፍትሄ እንፈልግ።,safe,ጥሩ ንግግር,none,የለም,No,የለም,none,የለም,zero,ዜሮ,English-Amharic,"Affirms dignity, cooperation, and mutual respect.",ክብርን፣ ትብብርን እና መከባበርን ያበረታታል።
2533,We should listen before judging.,ከመፍረድ በፊት ማዳመጥ አለብን።,safe,ጥሩ ንግግር,none,የለም,No,የለም,none,የለም,zero,ዜሮ,English-Amharic,"Affirms dignity, cooperation, and mutual respect.",ክብርን፣ ትብብርን እና መከባበርን ያበረታታል።
2534,Nobody wants to hear you.,ማንም ሊሰማሽ አይፈልግም።,hate_speech,የጥላቻ ንግግር,silencing,ዝም ማሰኘት,Yes,አዎ አለ,individual,ግለሰብ,low,ዝቅተኛ,English-Amharic,Suppresses participation and recognition.,ተሳትፎን እና እውቅናን ይከልክላል።
2535,People deserve fairness and care.,ሰዎች ፍትሃዊነት እና እንክብካቤ ይገባቸዋል።,safe,ጥሩ ንግግር,none,የለም,No,የለም,none,የለም,zero,ዜሮ,English-Amharic,"Affirms dignity, cooperation, and mutual respect.",ክብርን፣ ትብብርን እና መከባበርን ያበረታታል።
2536,People deserve fairness and care.,ሰዎች ፍትሃዊነት እና እንክብካቤ ይገባቸዋል።,safe,ጥሩ ንግግር,none,የለም,No,የለም,none,የለም,zero,ዜሮ,English-Amharic,"Affirms dignity, cooperation, and mutual respect.",ክብርን፣ ትብብርን እና መከባበርን ያበረታታል።
2537,Respect helps communities grow stronger.,ክብር ማህበረሰቦችን ያጠናክራል።,safe,ጥሩ ንግግር,none,የለም,No,የለም,none,የለም,zero,ዜሮ,English-Amharic,"Affirms dignity, cooperation, and mutual respect.",ክብርን፣ ትብብርን እና መከባበርን ያበረታታል።
2538,We can disagree without hate.,ባንስማማም አለመጣላት እንችላለን።,safe,ጥሩ ንግግር,none,የለም,No,የለም,none,የለም,zero,ዜሮ,English-Amharic,"Affirms dignity, cooperation, and mutual respect.",ክብርን፣ ትብብርን እና መከባበርን ያበረታታል።
2539,We can disagree without hate.,ባንስማማም አለመጣላት እንችላለን።,safe,ጥሩ ንግግር,none,የለም,No,የለም,none,የለም,zero,ዜሮ,English-Amharic,"Affirms dignity, cooperation, and mutual respect.",ክብርን፣ ትብብርን እና መከባበርን ያበረታታል።
2540,Everyone has value in this room.,በዚህ ክፍል ያለ ሁሉም ሰው ዋጋ አለው።,safe,ጥሩ ንግግር,none,የለም,No,የለም,none,የለም,zero,ዜሮ,English-Amharic,"Affirms dignity, cooperation, and mutual respect.",ክብርን፣ ትብብርን እና መከባበርን ያበረታታል።
2541,People like them always cause trouble.,እንደ እነሱ ያሉ ሰዎች ሁልጊዜ ችግር ያመጣሉ።,hate_speech,የጥላቻ ንግግር,stereotyping,የተዛባ አመለካከት,Yes,አዎ አለ,group,ቡድን,low,ዝቅተኛ,English-Amharic,Uses harmful group stereotype.,ለአንድ ቡድን ያለ የተዛባ አመለካከት።
2542,That group is always the problem.,ያ ቡድን ሁልጊዜ ችግር ነው።,hate_speech,የጥላቻ ንግግር,stereotyping,የተዛባ አመለካከት,Yes,አዎ አለ,group,ቡድን,low,ዝቅተኛ,English-Amharic,Uses harmful group stereotype.,ለአንድ ቡድን ያለ የተዛባ አመለካከት።
2543,They are not real people.,እውነተኛ ሰው አይደሉም።,hate_speech,የጥላቻ ንግግር,dehumanization,ሰብዓዊነትን መንፈግ,Yes,አዎ አለ,group,ቡድን,high,ከፍተኛ,English-Amharic,Strips humanity from the target.,ሰውነትን ይክዳል።
2544,We should listen before judging.,ከመፍረድ በፊት ማዳመጥ አለብን።,safe,ጥሩ ንግግር,none,የለም,No,የለም,none,የለም,zero,ዜሮ,English-Amharic,"Affirms dignity, cooperation, and mutual respect.",ክብርን፣ ትብብርን እና መከባበርን ያበረታታል።
2545,Get out of our space.,ከቦታችን ውጣ።,hate_speech,የጥላቻ ንግግር,exclusion,ማግለል,Yes,አዎ አለ,group,ቡድን,high,ከፍተኛ,English-Amharic,Pushes removal and rejection.,ማግለልን እና መከልከልን ያበረታታል።
2546,Your voice does not matter here.,እዚህ ድምፅሽ ዋጋ የለውም።,hate_speech,የጥላቻ ንግግር,silencing,ዝም ማሰኘት,Yes,አዎ አለ,individual,ግለሰብ,low,ዝቅተኛ,English-Amharic,Suppresses participation and recognition.,ተሳትፎን እና እውቅናን ይከልክላል።
2547,They are not fully human.,እነሱ ሙሉ ሰው አይደሉም።,hate_speech,የጥላቻ ንግግር,dehumanization,ሰብዓዊነትን መንፈግ,Yes,አዎ አለ,group,ቡድን,high,ከፍተኛ,English-Amharic,Strips humanity from the target.,ሰውነትን ይክዳል።
2548,Everyone has value in this room.,በዚህ ክፍል ያለ ሁሉም ሰው ዋጋ አለው።,safe,ጥሩ ንግግር,none,የለም,No,የለም,none,የለም,zero,ዜሮ,English-Amharic,"Affirms dignity, cooperation, and mutual respect.",ክብርን፣ ትብብርን እና መከባበርን ያበረታታል።
2549,Let us work for peace.,ለሰላም በጋራ እንስራ።,safe,ጥሩ ንግግር,none,የለም,No,የለም,none,የለም,zero,ዜሮ,English-Amharic,"Affirms dignity, cooperation, and mutual respect.",ክብርን፣ ትብብርን እና መከባበርን ያበረታታል።
2550,We should speak respectfully.,በክብር መናገር አለብን።,safe,ጥሩ ንግግር,none,የለም,No,የለም,none,የለም,zero,ዜሮ,English-Amharic,"Affirms dignity, cooperation, and mutual respect.",ክብርን፣ ትብብርን እና መከባበርን ያበረታታል።
2551,They are not real people.,እውነተኛ ሰው አይደሉም።,hate_speech,የጥላቻ ንግግር,dehumanization,ሰብዓዊነትን መንፈግ,Yes,አዎ አለ,group,ቡድን,high,ከፍተኛ,English-Amharic,Strips humanity from the target.,ሰውነትን ይክዳል።
2552,We should correct mistakes without humiliation.,ሰዎችን ሳናዋርድ ስህተትን ማስተካከል አለብን።,safe,ጥሩ ንግግር,none,የለም,No,የለም,none,የለም,zero,ዜሮ,English-Amharic,"Affirms dignity, cooperation, and mutual respect.",ክብርን፣ ትብብርን እና መከባበርን ያበረታታል።
2553,They are not real people.,እውነተኛ ሰው አይደሉም።,hate_speech,የጥላቻ ንግግር,dehumanization,ሰብዓዊነትን መንፈግ,Yes,አዎ አለ,group,ቡድን,high,ከፍተኛ,English-Amharic,Strips humanity from the target.,ሰውነትን ይክዳል።
2554,Your voice does not matter here.,እዚህ ድምፅሽ ዋጋ የለውም።,hate_speech,የጥላቻ ንግግር,silencing,ዝም ማሰኘት,Yes,አዎ አለ,individual,ግለሰብ,low,ዝቅተኛ,English-Amharic,Suppresses participation and recognition.,ተሳትፎን እና እውቅናን ይከልክላል።
2555,Let us find a solution that works for everyone.,ለሁሉም የሚሰራ መፍትሄ እንፈልግ።,safe,ጥሩ ንግግር,none,የለም,No,የለም,none,የለም,zero,ዜሮ,English-Amharic,"Affirms dignity, cooperation, and mutual respect.",ክብርን፣ ትብብርን እና መከባበርን ያበረታታል።
2556,You do not belong here.,ይህ የእናንተ ቦታ አይደለም።,hate_speech,የጥላቻ ንግግር,belonging denial,አባልነትን መከልከል,Yes,አዎ አለ,group,ቡድን,high,ከፍተኛ,English-Amharic,Denies membership and belonging.,አባልነትን እና ተሳትፎን ይከለክላል።
2557,Different views can still be handled kindly.,የተለያዩ አስተያየቶች በበጎ ሊታዩ ይችላሉ።,safe,ጥሩ ንግግር,none,የለም,No,የለም,none,የለም,zero,ዜሮ,English-Amharic,"Affirms dignity, cooperation, and mutual respect.",ክብርን፣ ትብብርን እና መከባበርን ያበረታታል።
2558,They are not real people.,እውነተኛ ሰው አይደሉም።,hate_speech,የጥላቻ ንግግር,dehumanization,ሰብዓዊነትን መንፈግ,Yes,አዎ አለ,group,ቡድን,high,ከፍተኛ,English-Amharic,Strips humanity from the target.,ሰውነትን ይክዳል።
2559,Nobody wants to hear you.,ማንም ሊሰማሽ አይፈልግም።,hate_speech,የጥላቻ ንግግር,silencing,ዝም ማሰኘት,Yes,አዎ አለ,individual,ግለሰብ,low,ዝቅተኛ,English-Amharic,Suppresses participation and recognition.,ተሳትፎን እና እውቅናን ይከልክላል።
2560,Leave our community now.,ከማህበረሰባችን አሁን ውጣ።,hate_speech,የጥላቻ ንግግር,exclusion,ማግለል,Yes,አዎ አለ,group,ቡድን,high,ከፍተኛ,English-Amharic,Pushes removal and rejection.,ማግለልን እና መከልከልን ያበረታታል።
2561,Every person should be heard.,እያንዳንዱ ሰው መሰማት አለበት።,safe,ጥሩ ንግግር,none,የለም,No,የለም,none,የለም,zero,ዜሮ,English-Amharic,"Affirms dignity, cooperation, and mutual respect.",ክብርን፣ ትብብርን እና መከባበርን ያበረታታል።
2562,They are a danger to everyone.,እነሱ ለሁሉም ስጋት ናቸው።,hate_speech,የጥላቻ ንግግር,threat,ማስፈራሪያ,Yes,አዎ አለ,group,ቡድን,high,ከፍተኛ,English-Amharic,Frames the target as danger.,እንደ ስጋት ይቀርባል።
2563,They are a danger to everyone.,እነሱ ለሁሉም ስጋት ናቸው።,hate_speech,የጥላቻ ንግግር,threat,ማስፈራሪያ,Yes,አዎ አለ,group,ቡድን,high,ከፍተኛ,English-Amharic,Frames the target as danger.,እንደ ስጋት ይቀርባል።
2564,Different views can still be handled kindly.,የተለያዩ አስተያየቶች በበጎ ሊታዩ ይችላሉ።,safe,ጥሩ ንግግር,none,የለም,No,የለም,none,የለም,zero,ዜሮ,English-Amharic,"Affirms dignity, cooperation, and mutual respect.",ክብርን፣ ትብብርን እና መከባበርን ያበረታታል።
2565,Let us find a solution that works for everyone.,ለሁሉም የሚሰራ መፍትሄ እንፈልግ።,safe,ጥሩ ንግግር,none,የለም,No,የለም,none,የለም,zero,ዜሮ,English-Amharic,"Affirms dignity, cooperation, and mutual respect.",ክብርን፣ ትብብርን እና መከባበርን ያበረታታል።
2566,We should correct mistakes without humiliation.,ሰዎችን ሳናዋርድ ስህተትን ማስተካከል አለብን።,safe,ጥሩ ንግግር,none,የለም,No,የለም,none,የለም,zero,ዜሮ,English-Amharic,"Affirms dignity, cooperation, and mutual respect.",ክብርን፣ ትብብርን እና መከባበርን ያበረታታል።
2567,We should speak respectfully.,በክብር መናገር አለብን።,safe,ጥሩ ንግግር,none,የለም,No,የለም,none,የለም,zero,ዜሮ,English-Amharic,"Affirms dignity, cooperation, and mutual respect.",ክብርን፣ ትብብርን እና መከባበርን ያበረታታል።
2568,Respect helps communities grow stronger.,ክብር ማህበረሰቦችን ያጠናክራል።,safe,ጥሩ ንግግር,none,የለም,No,የለም,none,የለም,zero,ዜሮ,English-Amharic,"Affirms dignity, cooperation, and mutual respect.",ክብርን፣ ትብብርን እና መከባበርን ያበረታታል።
2569,You have no place among us.,ከእኛ መካከል ቦታ የለህም።,hate_speech,የጥላቻ ንግግር,belonging denial,አባልነትን መከልከል,Yes,አዎ አለ,group,ቡድን,high,ከፍተኛ,English-Amharic,Denies membership and belonging.,አባልነትን እና ተሳትፎን ይከለክላል።
2570,Every person should be heard.,እያንዳንዱ ሰው መሰማት አለበት።,safe,ጥሩ ንግግር,none,የለም,No,የለም,none,የለም,zero,ዜሮ,English-Amharic,"Affirms dignity, cooperation, and mutual respect.",ክብርን፣ ትብብርን እና መከባበርን ያበረታታል።
2571,Leave our community now.,ከማህበረሰባችን አሁን ውጣ።,hate_speech,የጥላቻ ንግግር,exclusion,ማግለል,Yes,አዎ አለ,group,ቡድን,high,ከፍተኛ,English-Amharic,Pushes removal and rejection.,ማግለልን እና መከልከልን ያበረታታል።
2572,Everyone has value in this room.,በዚህ ክፍል ያለ ሁሉም ሰው ዋጋ አለው።,safe,ጥሩ ንግግር,none,የለም,No,የለም,none,የለም,zero,ዜሮ,English-Amharic,"Affirms dignity, cooperation, and mutual respect.",ክብርን፣ ትብብርን እና መከባበርን ያበረታታል።
2573,A fair discussion includes every voice.,ፍትሃዊ ውይይት ሁሉንም ድምፅ ያካትታል።,safe,ጥሩ ንግግር,none,የለም,No,የለም,none,የለም,zero,ዜሮ,English-Amharic,"Affirms dignity, cooperation, and mutual respect.",ክብርን፣ ትብብርን እና መከባበርን ያበረታታል።
2574,Your voice does not matter here.,እዚህ ድምፅሽ ዋጋ የለውም።,hate_speech,የጥላቻ ንግግር,silencing,ዝም ማሰኘት,Yes,አዎ አለ,individual,ግለሰብ,low,ዝቅተኛ,English-Amharic,Suppresses participation and recognition.,ተሳትፎን እና እውቅናን ይከልክላል።
2575,We can solve this together.,ይህን በጋራ መፍታት እንችላለን።,safe,ጥሩ ንግግር,none,የለም,No,የለም,none,የለም,zero,ዜሮ,English-Amharic,"Affirms dignity, cooperation, and mutual respect.",ክብርን፣ ትብብርን እና መከባበርን ያበረታታል።
2576,Leave our community now.,ከማህበረሰባችን አሁን ውጣ።,hate_speech,የጥላቻ ንግግር,exclusion,ማግለል,Yes,አዎ አለ,group,ቡድን,high,ከፍተኛ,English-Amharic,Pushes removal and rejection.,ማግለልን እና መከልከልን ያበረታታል።
2577,Respect helps communities grow stronger.,ክብር ማህበረሰቦችን ያጠናክራል።,safe,ጥሩ ንግግር,none,የለም,No,የለም,none,የለም,zero,ዜሮ,English-Amharic,"Affirms dignity, cooperation, and mutual respect.",ክብርን፣ ትብብርን እና መከባበርን ያበረታታል።
2578,Everyone has value in this room.,በዚህ ክፍል ያለ ሁሉም ሰው ዋጋ አለው።,safe,ጥሩ ንግግር,none,የለም,No,የለም,none,የለም,zero,ዜሮ,English-Amharic,"Affirms dignity, cooperation, and mutual respect.",ክብርን፣ ትብብርን እና መከባበርን ያበረታታል።
2579,You should stay silent.,ዝም በይ።,hate_speech,የጥላቻ ንግግር,silencing,ዝም ማሰኘት,Yes,አዎ አለ,individual,ግለሰብ,low,ዝቅተኛ,English-Amharic,Suppresses participation and recognition.,ተሳትፎን እና እውቅናን ይከልክላል።
2580,We should treat people fairly.,ሰዎችን በፍትሃዊነት ማየት አለብን።,safe,ጥሩ ንግግር,none,የለም,No,የለም,none,የለም,zero,ዜሮ,English-Amharic,"Affirms dignity, cooperation, and mutual respect.",ክብርን፣ ትብብርን እና መከባበርን ያበረታታል።
2581,People like them always cause trouble.,እንደ እነሱ ያሉ ሰዎች ሁልጊዜ ችግር ያመጣሉ።,hate_speech,የጥላቻ ንግግር,stereotyping,የተዛባ አመለካከት,Yes,አዎ አለ,group,ቡድን,low,ዝቅተኛ,English-Amharic,Uses harmful group stereotype.,ለአንድ ቡድን ያለ የተዛባ አመለካከት።
2582,Everyone deserves dignity.,ሁሉም ሰው ክብር ይገባዋል።,safe,ጥሩ ንግግር,none,የለም,No,የለም,none,የለም,zero,ዜሮ,English-Amharic,"Affirms dignity, cooperation, and mutual respect.",ክብርን፣ ትብብርን እና መከባበርን ያበረታታል።
2583,People like them always cause trouble.,እንደ እነሱ ያሉ ሰዎች ሁልጊዜ ችግር ያመጣሉ።,hate_speech,የጥላቻ ንግግር,stereotyping,የተዛባ አመለካከት,Yes,አዎ አለ,group,ቡድን,low,ዝቅተኛ,English-Amharic,Uses harmful group stereotype.,ለአንድ ቡድን ያለ የተዛባ አመለካከት።
2584,We should correct mistakes without humiliation.,ሰዎችን ሳናዋርድ ስህተትን ማስተካከል አለብን።,safe,ጥሩ ንግግር,none,የለም,No,የለም,none,የለም,zero,ዜሮ,English-Amharic,"Affirms dignity, cooperation, and mutual respect.",ክብርን፣ ትብብርን እና መከባበርን ያበረታታል።
2585,Everyone deserves dignity.,ሁሉም ሰው ክብር ይገባዋል።,safe,ጥሩ ንግግር,none,የለም,No,የለም,none,የለም,zero,ዜሮ,English-Amharic,"Affirms dignity, cooperation, and mutual respect.",ክብርን፣ ትብብርን እና መከባበርን ያበረታታል።
2586,Nobody wants to hear you.,ማንም ሊሰማሽ አይፈልግም።,hate_speech,የጥላቻ ንግግር,silencing,ዝም ማሰኘት,Yes,አዎ አለ,individual,ግለሰብ,low,ዝቅተኛ,English-Amharic,Suppresses participation and recognition.,ተሳትፎን እና እውቅናን ይከልክላል።
2587,Respect helps communities grow stronger.,ክብር ማህበረሰቦችን ያጠናክራል።,safe,ጥሩ ንግግር,none,የለም,No,የለም,none,የለም,zero,ዜሮ,English-Amharic,"Affirms dignity, cooperation, and mutual respect.",ክብርን፣ ትብብርን እና መከባበርን ያበረታታል።
2588,Everyone deserves dignity.,ሁሉም ሰው ክብር ይገባዋል።,safe,ጥሩ ንግግር,none,የለም,No,የለም,none,የለም,zero,ዜሮ,English-Amharic,"Affirms dignity, cooperation, and mutual respect.",ክብርን፣ ትብብርን እና መከባበርን ያበረታታል።
2589,You have no place among us.,ከእኛ መካከል ቦታ የለህም።,hate_speech,የጥላቻ ንግግር,belonging denial,አባልነትን መከልከል,Yes,አዎ አለ,group,ቡድን,high,ከፍተኛ,English-Amharic,Denies membership and belonging.,አባልነትን እና ተሳትፎን ይከለክላል።
2590,A fair discussion includes every voice.,ፍትሃዊ ውይይት ሁሉንም ድምፅ ያካትታል።,safe,ጥሩ ንግግር,none,የለም,No,የለም,none,የለም,zero,ዜሮ,English-Amharic,"Affirms dignity, cooperation, and mutual respect.",ክብርን፣ ትብብርን እና መከባበርን ያበረታታል።
2591,A fair discussion includes every voice.,ፍትሃዊ ውይይት ሁሉንም ድምፅ ያካትታል።,safe,ጥሩ ንግግር,none,የለም,No,የለም,none,የለም,zero,ዜሮ,English-Amharic,"Affirms dignity, cooperation, and mutual respect.",ክብርን፣ ትብብርን እና መከባበርን ያበረታታል።
2592,Leave our community now.,ከማህበረሰባችን አሁን ውጣ።,hate_speech,የጥላቻ ንግግር,exclusion,ማግለል,Yes,አዎ አለ,group,ቡድን,high,ከፍተኛ,English-Amharic,Pushes removal and rejection.,ማግለልን እና መከልከልን ያበረታታል።
2593,Nobody wants to hear you.,ማንም ሊሰማሽ አይፈልግም።,hate_speech,የጥላቻ ንግግር,silencing,ዝም ማሰኘት,Yes,አዎ አለ,individual,ግለሰብ,low,ዝቅተኛ,English-Amharic,Suppresses participation and recognition.,ተሳትፎን እና እውቅናን ይከልክላል።
2594,Your voice does not matter here.,እዚህ ድምፅሽ ዋጋ የለውም።,hate_speech,የጥላቻ ንግግር,silencing,ዝም ማሰኘት,Yes,አዎ አለ,individual,ግለሰብ,low,ዝቅተኛ,English-Amharic,Suppresses participation and recognition.,ተሳትፎን እና እውቅናን ይከልክላል።
2595,A fair discussion includes every voice.,ፍትሃዊ ውይይት ሁሉንም ድምፅ ያካትታል።,safe,ጥሩ ንግግር,none,የለም,No,የለም,none,የለም,zero,ዜሮ,English-Amharic,"Affirms dignity, cooperation, and mutual respect.",ክብርን፣ ትብብርን እና መከባበርን ያበረታታል።
2596,They threaten our safety.,ደህንነታችንን ይሸብራሉ።,hate_speech,የጥላቻ ንግግር,threat,ማስፈራሪያ,Yes,አዎ አለ,group,ቡድን,high,ከፍተኛ,English-Amharic,Frames the target as danger.,እንደ ስጋት ይቀርባል።
2597,You do not belong in this community.,በዚህ ማህበረሰብ ውስጥ አትገባም።,hate_speech,የጥላቻ ንግግር,belonging denial,አባልነትን መከልከል,Yes,አዎ አለ,group,ቡድን,high,ከፍተኛ,English-Amharic,Denies membership and belonging.,አባልነትን እና ተሳትፎን ይከለክላል።
2598,They are not real people.,እውነተኛ ሰው አይደሉም።,hate_speech,የጥላቻ ንግግር,dehumanization,ሰብዓዊነትን መንፈግ,Yes,አዎ አለ,group,ቡድን,high,ከፍተኛ,English-Amharic,Strips humanity from the target.,ሰውነትን ይክዳል።
2599,Everyone deserves dignity.,ሁሉም ሰው ክብር ይገባዋል።,safe,ጥሩ ንግግር,none,የለም,No,የለም,none,የለም,zero,ዜሮ,English-Amharic,"Affirms dignity, cooperation, and mutual respect.",ክብርን፣ ትብብርን እና መከባበርን ያበረታታል።
2600,They are not fully human.,እነሱ ሙሉ ሰው አይደሉም።,hate_speech,የጥላቻ ንግግር,dehumanization,ሰብዓዊነትን መንፈግ,Yes,አዎ አለ,group,ቡድን,high,ከፍተኛ,English-Amharic,Strips humanity from the target.,ሰውነትን ይክዳል።
2601,A fair discussion includes every voice.,ፍትሃዊ ውይይት ሁሉንም ድምፅ ያካትታል።,safe,ጥሩ ንግግር,none,የለም,No,የለም,none,የለም,zero,ዜሮ,English-Amharic,"Affirms dignity, cooperation, and mutual respect.",ክብርን፣ ትብብርን እና መከባበርን ያበረታታል።
2602,We should fear what they will do.,ምን እንደሚያደርጉ መፍራት አለብን።,hate_speech,የጥላቻ ንግግር,threat,ማስፈራሪያ,Yes,አዎ አለ,group,ቡድን,high,ከፍተኛ,English-Amharic,Frames the target as danger.,እንደ ስጋት ይቀርባል።
2603,Let us find a solution that works for everyone.,ለሁሉም የሚሰራ መፍትሄ እንፈልግ።,safe,ጥሩ ንግግር,none,የለም,No,የለም,none,የለም,zero,ዜሮ,English-Amharic,"Affirms dignity, cooperation, and mutual respect.",ክብርን፣ ትብብርን እና መከባበርን ያበረታታል።
2604,We should treat people fairly.,ሰዎችን በፍትሃዊነት ማየት አለብን።,safe,ጥሩ ንግግር,none,የለም,No,የለም,none,የለም,zero,ዜሮ,English-Amharic,"Affirms dignity, cooperation, and mutual respect.",ክብርን፣ ትብብርን እና መከባበርን ያበረታታል።
2605,We can disagree without hate.,ባንስማማም አለመጣላት እንችላለን።,safe,ጥሩ ንግግር,none,የለም,No,የለም,none,የለም,zero,ዜሮ,English-Amharic,"Affirms dignity, cooperation, and mutual respect.",ክብርን፣ ትብብርን እና መከባበርን ያበረታታል።
2606,A fair discussion includes every voice.,ፍትሃዊ ውይይት ሁሉንም ድምፅ ያካትታል።,safe,ጥሩ ንግግር,none,የለም,No,የለም,none,የለም,zero,ዜሮ,English-Amharic,"Affirms dignity, cooperation, and mutual respect.",ክብርን፣ ትብብርን እና መከባበርን ያበረታታል።
2607,Let us find a solution that works for everyone.,ለሁሉም የሚሰራ መፍትሄ እንፈልግ።,safe,ጥሩ ንግግር,none,የለም,No,የለም,none,የለም,zero,ዜሮ,English-Amharic,"Affirms dignity, cooperation, and mutual respect.",ክብርን፣ ትብብርን እና መከባበርን ያበረታታል።
2608,You should stay silent.,ዝም በይ።,hate_speech,የጥላቻ ንግግር,silencing,ዝም ማሰኘት,Yes,አዎ አለ,individual,ግለሰብ,low,ዝቅተኛ,English-Amharic,Suppresses participation and recognition.,ተሳትፎን እና እውቅናን ይከልክላል።
2609,You have no place among us.,ከእኛ መካከል ቦታ የለህም።,hate_speech,የጥላቻ ንግግር,belonging denial,አባልነትን መከልከል,Yes,አዎ አለ,group,ቡድን,high,ከፍተኛ,English-Amharic,Denies membership and belonging.,አባልነትን እና ተሳትፎን ይከለክላል።
2610,We should listen before judging.,ከመፍረድ በፊት ማዳመጥ አለብን።,safe,ጥሩ ንግግር,none,የለም,No,የለም,none,የለም,zero,ዜሮ,English-Amharic,"Affirms dignity, cooperation, and mutual respect.",ክብርን፣ ትብብርን እና መከባበርን ያበረታታል።
2611,You should be pushed out.,መባረር አለብህ።,hate_speech,የጥላቻ ንግግር,exclusion,ማግለል,Yes,አዎ አለ,group,ቡድን,high,ከፍተኛ,English-Amharic,Pushes removal and rejection.,ማግለልን እና መከልከልን ያበረታታል።
2612,Respect helps communities grow stronger.,ክብር ማህበረሰቦችን ያጠናክራል።,safe,ጥሩ ንግግር,none,የለም,No,የለም,none,የለም,zero,ዜሮ,English-Amharic,"Affirms dignity, cooperation, and mutual respect.",ክብርን፣ ትብብርን እና መከባበርን ያበረታታል።
2613,Everyone deserves dignity.,ሁሉም ሰው ክብር ይገባዋል።,safe,ጥሩ ንግግር,none,የለም,No,የለም,none,የለም,zero,ዜሮ,English-Amharic,"Affirms dignity, cooperation, and mutual respect.",ክብርን፣ ትብብርን እና መከባበርን ያበረታታል።
2614,People like them always cause trouble.,እንደ እነሱ ያሉ ሰዎች ሁልጊዜ ችግር ያመጣሉ።,hate_speech,የጥላቻ ንግግር,stereotyping,የተዛባ አመለካከት,Yes,አዎ አለ,group,ቡድን,low,ዝቅተኛ,English-Amharic,Uses harmful group stereotype.,ለአንድ ቡድን ያለ የተዛባ አመለካከት።
2615,A fair discussion includes every voice.,ፍትሃዊ ውይይት ሁሉንም ድምፅ ያካትታል።,safe,ጥሩ ንግግር,none,የለም,No,የለም,none,የለም,zero,ዜሮ,English-Amharic,"Affirms dignity, cooperation, and mutual respect.",ክብርን፣ ትብብርን እና መከባበርን ያበረታታል።
2616,You have no place among us.,ከእኛ መካከል ቦታ የለህም።,hate_speech,የጥላቻ ንግግር,belonging denial,አባልነትን መከልከል,Yes,አዎ አለ,group,ቡድን,high,ከፍተኛ,English-Amharic,Denies membership and belonging.,አባልነትን እና ተሳትፎን ይከለክላል።
2617,Everyone deserves dignity.,ሁሉም ሰው ክብር ይገባዋል።,safe,ጥሩ ንግግር,none,የለም,No,የለም,none,የለም,zero,ዜሮ,English-Amharic,"Affirms dignity, cooperation, and mutual respect.",ክብርን፣ ትብብርን እና መከባበርን ያበረታታል።
2618,Leave our community now.,ከማህበረሰባችን አሁን ውጣ።,hate_speech,የጥላቻ ንግግር,exclusion,ማግለል,Yes,አዎ አለ,group,ቡድን,high,ከፍተኛ,English-Amharic,Pushes removal and rejection.,ማግለልን እና መከልከልን ያበረታታል።
2619,You do not belong in this community.,በዚህ ማህበረሰብ ውስጥ አትገባም።,hate_speech,የጥላቻ ንግግር,belonging denial,አባልነትን መከልከል,Yes,አዎ አለ,group,ቡድን,high,ከፍተኛ,English-Amharic,Denies membership and belonging.,አባልነትን እና ተሳትፎን ይከለክላል።
2620,Let us find a solution that works for everyone.,ለሁሉም የሚሰራ መፍትሄ እንፈልግ።,safe,ጥሩ ንግግር,none,የለም,No,የለም,none,የለም,zero,ዜሮ,English-Amharic,"Affirms dignity, cooperation, and mutual respect.",ክብርን፣ ትብብርን እና መከባበርን ያበረታታል።
2621,We should listen before judging.,ከመፍረድ በፊት ማዳመጥ አለብን።,safe,ጥሩ ንግግር,none,የለም,No,የለም,none,የለም,zero,ዜሮ,English-Amharic,"Affirms dignity, cooperation, and mutual respect.",ክብርን፣ ትብብርን እና መከባበርን ያበረታታል።
2622,Get out of our space.,ከቦታችን ውጣ።,hate_speech,የጥላቻ ንግግር,exclusion,ማግለል,Yes,አዎ አለ,group,ቡድን,high,ከፍተኛ,English-Amharic,Pushes removal and rejection.,ማግለልን እና መከልከልን ያበረታታል።
2623,Their kind always ruins everything.,የእነሱ ዓይነት ሁልጊዜ ሁሉንም ያበላሻል።,hate_speech,የጥላቻ ንግግር,stereotyping,የተዛባ አመለካከት,Yes,አዎ አለ,group,ቡድን,low,ዝቅተኛ,English-Amharic,Uses harmful group stereotype.,ለአንድ ቡድን ያለ የተዛባ አመለካከት።
2624,They are not fully human.,እነሱ ሙሉ ሰው አይደሉም።,hate_speech,የጥላቻ ንግግር,dehumanization,ሰብዓዊነትን መንፈግ,Yes,አዎ አለ,group,ቡድን,high,ከፍተኛ,English-Amharic,Strips humanity from the target.,ሰውነትን ይክዳል።
2625,We should treat people fairly.,ሰዎችን በፍትሃዊነት ማየት አለብን።,safe,ጥሩ ንግግር,none,የለም,No,የለም,none,የለም,zero,ዜሮ,English-Amharic,"Affirms dignity, cooperation, and mutual respect.",ክብርን፣ ትብብርን እና መከባበርን ያበረታታል።
2626,Leave our community now.,ከማህበረሰባችን አሁን ውጣ።,hate_speech,የጥላቻ ንግግር,exclusion,ማግለል,Yes,አዎ አለ,group,ቡድን,high,ከፍተኛ,English-Amharic,Pushes removal and rejection.,ማግለልን እና መከልከልን ያበረታታል።
2627,Respect helps communities grow stronger.,ክብር ማህበረሰቦችን ያጠናክራል።,safe,ጥሩ ንግግር,none,የለም,No,የለም,none,የለም,zero,ዜሮ,English-Amharic,"Affirms dignity, cooperation, and mutual respect.",ክብርን፣ ትብብርን እና መከባበርን ያበረታታል።
2628,They are not fully human.,እነሱ ሙሉ ሰው አይደሉም።,hate_speech,የጥላቻ ንግግር,dehumanization,ሰብዓዊነትን መንፈግ,Yes,አዎ አለ,group,ቡድን,high,ከፍተኛ,English-Amharic,Strips humanity from the target.,ሰውነትን ይክዳል።
2629,Your voice does not matter here.,እዚህ ድምፅሽ ዋጋ የለውም።,hate_speech,የጥላቻ ንግግር,silencing,ዝም ማሰኘት,Yes,አዎ አለ,individual,ግለሰብ,low,ዝቅተኛ,English-Amharic,Suppresses participation and recognition.,ተሳትፎን እና እውቅናን ይከልክላል።
2630,We can solve this together.,ይህን በጋራ መፍታት እንችላለን።,safe,ጥሩ ንግግር,none,የለም,No,የለም,none,የለም,zero,ዜሮ,English-Amharic,"Affirms dignity, cooperation, and mutual respect.",ክብርን፣ ትብብርን እና መከባበርን ያበረታታል።
2631,We can solve this together.,ይህን በጋራ መፍታት እንችላለን።,safe,ጥሩ ንግግር,none,የለም,No,የለም,none,የለም,zero,ዜሮ,English-Amharic,"Affirms dignity, cooperation, and mutual respect.",ክብርን፣ ትብብርን እና መከባበርን ያበረታታል።
2632,People deserve fairness and care.,ሰዎች ፍትሃዊነት እና እንክብካቤ ይገባቸዋል።,safe,ጥሩ ንግግር,none,የለም,No,የለም,none,የለም,zero,ዜሮ,English-Amharic,"Affirms dignity, cooperation, and mutual respect.",ክብርን፣ ትብብርን እና መከባበርን ያበረታታል።
2633,You should be pushed out.,መባረር አለብህ።,hate_speech,የጥላቻ ንግግር,exclusion,ማግለል,Yes,አዎ አለ,group,ቡድን,high,ከፍተኛ,English-Amharic,Pushes removal and rejection.,ማግለልን እና መከልከልን ያበረታታል።
2634,They are not real people.,እውነተኛ ሰው አይደሉም።,hate_speech,የጥላቻ ንግግር,dehumanization,ሰብዓዊነትን መንፈግ,Yes,አዎ አለ,group,ቡድን,high,ከፍተኛ,English-Amharic,Strips humanity from the target.,ሰውነትን ይክዳል።
2635,We should speak respectfully.,በክብር መናገር አለብን።,safe,ጥሩ ንግግር,none,የለም,No,የለም,none,የለም,zero,ዜሮ,English-Amharic,"Affirms dignity, cooperation, and mutual respect.",ክብርን፣ ትብብርን እና መከባበርን ያበረታታል።
2636,That group is always the problem.,ያ ቡድን ሁልጊዜ ችግር ነው።,hate_speech,የጥላቻ ንግግር,stereotyping,የተዛባ አመለካከት,Yes,አዎ አለ,group,ቡድን,low,ዝቅተኛ,English-Amharic,Uses harmful group stereotype.,ለአንድ ቡድን ያለ የተዛባ አመለካከት።
2637,Nobody wants to hear you.,ማንም ሊሰማሽ አይፈልግም።,hate_speech,የጥላቻ ንግግር,silencing,ዝም ማሰኘት,Yes,አዎ አለ,individual,ግለሰብ,low,ዝቅተኛ,English-Amharic,Suppresses participation and recognition.,ተሳትፎን እና እውቅናን ይከልክላል።
2638,They are less than human.,ከሰው በታች ናቸው።,hate_speech,የጥላቻ ንግግር,dehumanization,ሰብዓዊነትን መንፈግ,Yes,አዎ አለ,group,ቡድን,high,ከፍተኛ,English-Amharic,Strips humanity from the target.,ሰውነትን ይክዳል።
2639,We can disagree without hate.,ባንስማማም አለመጣላት እንችላለን።,safe,ጥሩ ንግግር,none,የለም,No,የለም,none,የለም,zero,ዜሮ,English-Amharic,"Affirms dignity, cooperation, and mutual respect.",ክብርን፣ ትብብርን እና መከባበርን ያበረታታል።
2640,A fair discussion includes every voice.,ፍትሃዊ ውይይት ሁሉንም ድምፅ ያካትታል።,safe,ጥሩ ንግግር,none,የለም,No,የለም,none,የለም,zero,ዜሮ,English-Amharic,"Affirms dignity, cooperation, and mutual respect.",ክብርን፣ ትብብርን እና መከባበርን ያበረታታል።
2641,Every person should be heard.,እያንዳንዱ ሰው መሰማት አለበት።,safe,ጥሩ ንግግር,none,የለም,No,የለም,none,የለም,zero,ዜሮ,English-Amharic,"Affirms dignity, cooperation, and mutual respect.",ክብርን፣ ትብብርን እና መከባበርን ያበረታታል።
2642,A fair discussion includes every voice.,ፍትሃዊ ውይይት ሁሉንም ድምፅ ያካትታል።,safe,ጥሩ ንግግር,none,የለም,No,የለም,none,የለም,zero,ዜሮ,English-Amharic,"Affirms dignity, cooperation, and mutual respect.",ክብርን፣ ትብብርን እና መከባበርን ያበረታታል።
2643,Their kind always ruins everything.,የእነሱ ዓይነት ሁልጊዜ ሁሉንም ያበላሻል።,hate_speech,የጥላቻ ንግግር,stereotyping,የተዛባ አመለካከት,Yes,አዎ አለ,group,ቡድን,low,ዝቅተኛ,English-Amharic,Uses harmful group stereotype.,ለአንድ ቡድን ያለ የተዛባ አመለካከት።
2644,You should stay silent.,ዝም በይ።,hate_speech,የጥላቻ ንግግር,silencing,ዝም ማሰኘት,Yes,አዎ አለ,individual,ግለሰብ,low,ዝቅተኛ,English-Amharic,Suppresses participation and recognition.,ተሳትፎን እና እውቅናን ይከልክላል።
2645,We should fear what they will do.,ምን እንደሚያደርጉ መፍራት አለብን።,hate_speech,የጥላቻ ንግግር,threat,ማስፈራሪያ,Yes,አዎ አለ,group,ቡድን,high,ከፍተኛ,English-Amharic,Frames the target as danger.,እንደ ስጋት ይቀርባል።
2646,Everyone has value in this room.,በዚህ ክፍል ያለ ሁሉም ሰው ዋጋ አለው።,safe,ጥሩ ንግግር,none,የለም,No,የለም,none,የለም,zero,ዜሮ,English-Amharic,"Affirms dignity, cooperation, and mutual respect.",ክብርን፣ ትብብርን እና መከባበርን ያበረታታል።
2647,Everyone deserves dignity.,ሁሉም ሰው ክብር ይገባዋል።,safe,ጥሩ ንግግር,none,የለም,No,የለም,none,የለም,zero,ዜሮ,English-Amharic,"Affirms dignity, cooperation, and mutual respect.",ክብርን፣ ትብብርን እና መከባበርን ያበረታታል።
2648,Nobody wants to hear you.,ማንም ሊሰማሽ አይፈልግም።,hate_speech,የጥላቻ ንግግር,silencing,ዝም ማሰኘት,Yes,አዎ አለ,individual,ግለሰብ,low,ዝቅተኛ,English-Amharic,Suppresses participation and recognition.,ተሳትፎን እና እውቅናን ይከልክላል።
2649,Let us work for peace.,ለሰላም በጋራ እንስራ።,safe,ጥሩ ንግግር,none,የለም,No,የለም,none,የለም,zero,ዜሮ,English-Amharic,"Affirms dignity, cooperation, and mutual respect.",ክብርን፣ ትብብርን እና መከባበርን ያበረታታል።
2650,They are less than human.,ከሰው በታች ናቸው።,hate_speech,የጥላቻ ንግግር,dehumanization,ሰብዓዊነትን መንፈግ,Yes,አዎ አለ,group,ቡድን,high,ከፍተኛ,English-Amharic,Strips humanity from the target.,ሰውነትን ይክዳል።
2651,You should stay silent.,ዝም በይ።,hate_speech,የጥላቻ ንግግር,silencing,ዝም ማሰኘት,Yes,አዎ አለ,individual,ግለሰብ,low,ዝቅተኛ,English-Amharic,Suppresses participation and recognition.,ተሳትፎን እና እውቅናን ይከልክላል።
2652,Let us find a solution that works for everyone.,ለሁሉም የሚሰራ መፍትሄ እንፈልግ።,safe,ጥሩ ንግግር,none,የለም,No,የለም,none,የለም,zero,ዜሮ,English-Amharic,"Affirms dignity, cooperation, and mutual respect.",ክብርን፣ ትብብርን እና መከባበርን ያበረታታል።
2653,Let us find a solution that works for everyone.,ለሁሉም የሚሰራ መፍትሄ እንፈልግ።,safe,ጥሩ ንግግር,none,የለም,No,የለም,none,የለም,zero,ዜሮ,English-Amharic,"Affirms dignity, cooperation, and mutual respect.",ክብርን፣ ትብብርን እና መከባበርን ያበረታታል።
2654,You do not belong in this community.,በዚህ ማህበረሰብ ውስጥ አትገባም።,hate_speech,የጥላቻ ንግግር,belonging denial,አባልነትን መከልከል,Yes,አዎ አለ,group,ቡድን,high,ከፍተኛ,English-Amharic,Denies membership and belonging.,አባልነትን እና ተሳትፎን ይከለክላል።
2655,We should speak respectfully.,በክብር መናገር አለብን።,safe,ጥሩ ንግግር,none,የለም,No,የለም,none,የለም,zero,ዜሮ,English-Amharic,"Affirms dignity, cooperation, and mutual respect.",ክብርን፣ ትብብርን እና መከባበርን ያበረታታል።
2656,We should fear what they will do.,ምን እንደሚያደርጉ መፍራት አለብን።,hate_speech,የጥላቻ ንግግር,threat,ማስፈራሪያ,Yes,አዎ አለ,group,ቡድን,high,ከፍተኛ,English-Amharic,Frames the target as danger.,እንደ ስጋት ይቀርባል።
2657,You have no place among us.,ከእኛ መካከል ቦታ የለህም።,hate_speech,የጥላቻ ንግግር,belonging denial,አባልነትን መከልከል,Yes,አዎ አለ,group,ቡድን,high,ከፍተኛ,English-Amharic,Denies membership and belonging.,አባልነትን እና ተሳትፎን ይከለክላል።
2658,A fair discussion includes every voice.,ፍትሃዊ ውይይት ሁሉንም ድምፅ ያካትታል።,safe,ጥሩ ንግግር,none,የለም,No,የለም,none,የለም,zero,ዜሮ,English-Amharic,"Affirms dignity, cooperation, and mutual respect.",ክብርን፣ ትብብርን እና መከባበርን ያበረታታል።
2659,Everyone has value in this room.,በዚህ ክፍል ያለ ሁሉም ሰው ዋጋ አለው።,safe,ጥሩ ንግግር,none,የለም,No,የለም,none,የለም,zero,ዜሮ,English-Amharic,"Affirms dignity, cooperation, and mutual respect.",ክብርን፣ ትብብርን እና መከባበርን ያበረታታል።
2660,Respect helps communities grow stronger.,ክብር ማህበረሰቦችን ያጠናክራል።,safe,ጥሩ ንግግር,none,የለም,No,የለም,none,የለም,zero,ዜሮ,English-Amharic,"Affirms dignity, cooperation, and mutual respect.",ክብርን፣ ትብብርን እና መከባበርን ያበረታታል።
2661,You have no place among us.,ከእኛ መካከል ቦታ የለህም።,hate_speech,የጥላቻ ንግግር,belonging denial,አባልነትን መከልከል,Yes,አዎ አለ,group,ቡድን,high,ከፍተኛ,English-Amharic,Denies membership and belonging.,አባልነትን እና ተሳትፎን ይከለክላል።
2662,Every person should be heard.,እያንዳንዱ ሰው መሰማት አለበት።,safe,ጥሩ ንግግር,none,የለም,No,የለም,none,የለም,zero,ዜሮ,English-Amharic,"Affirms dignity, cooperation, and mutual respect.",ክብርን፣ ትብብርን እና መከባበርን ያበረታታል።
2663,People deserve fairness and care.,ሰዎች ፍትሃዊነት እና እንክብካቤ ይገባቸዋል።,safe,ጥሩ ንግግር,none,የለም,No,የለም,none,የለም,zero,ዜሮ,English-Amharic,"Affirms dignity, cooperation, and mutual respect.",ክብርን፣ ትብብርን እና መከባበርን ያበረታታል።
2664,Leave our community now.,ከማህበረሰባችን አሁን ውጣ።,hate_speech,የጥላቻ ንግግር,exclusion,ማግለል,Yes,አዎ አለ,group,ቡድን,high,ከፍተኛ,English-Amharic,Pushes removal and rejection.,ማግለልን እና መከልከልን ያበረታታል።
2665,Your voice does not matter here.,እዚህ ድምፅሽ ዋጋ የለውም።,hate_speech,የጥላቻ ንግግር,silencing,ዝም ማሰኘት,Yes,አዎ አለ,individual,ግለሰብ,low,ዝቅተኛ,English-Amharic,Suppresses participation and recognition.,ተሳትፎን እና እውቅናን ይከልክላል።
2666,You do not belong here.,ይህ የእናንተ ቦታ አይደለም።,hate_speech,የጥላቻ ንግግር,belonging denial,አባልነትን መከልከል,Yes,አዎ አለ,group,ቡድን,high,ከፍተኛ,English-Amharic,Denies membership and belonging.,አባልነትን እና ተሳትፎን ይከለክላል።
2667,You do not belong in this community.,በዚህ ማህበረሰብ ውስጥ አትገባም።,hate_speech,የጥላቻ ንግግር,belonging denial,አባልነትን መከልከል,Yes,አዎ አለ,group,ቡድን,high,ከፍተኛ,English-Amharic,Denies membership and belonging.,አባልነትን እና ተሳትፎን ይከለክላል።
2668,Different views can still be handled kindly.,የተለያዩ አስተያየቶች በበጎ ሊታዩ ይችላሉ።,safe,ጥሩ ንግግር,none,የለም,No,የለም,none,የለም,zero,ዜሮ,English-Amharic,"Affirms dignity, cooperation, and mutual respect.",ክብርን፣ ትብብርን እና መከባበርን ያበረታታል።
2669,We should treat people fairly.,ሰዎችን በፍትሃዊነት ማየት አለብን።,safe,ጥሩ ንግግር,none,የለም,No,የለም,none,የለም,zero,ዜሮ,English-Amharic,"Affirms dignity, cooperation, and mutual respect.",ክብርን፣ ትብብርን እና መከባበርን ያበረታታል።
2670,You should be pushed out.,መባረር አለብህ።,hate_speech,የጥላቻ ንግግር,exclusion,ማግለል,Yes,አዎ አለ,group,ቡድን,high,ከፍተኛ,English-Amharic,Pushes removal and rejection.,ማግለልን እና መከልከልን ያበረታታል።
2671,We can solve this together.,ይህን በጋራ መፍታት እንችላለን።,safe,ጥሩ ንግግር,none,የለም,No,የለም,none,የለም,zero,ዜሮ,English-Amharic,"Affirms dignity, cooperation, and mutual respect.",ክብርን፣ ትብብርን እና መከባበርን ያበረታታል።
2672,We can disagree without hate.,ባንስማማም አለመጣላት እንችላለን።,safe,ጥሩ ንግግር,none,የለም,No,የለም,none,የለም,zero,ዜሮ,English-Amharic,"Affirms dignity, cooperation, and mutual respect.",ክብርን፣ ትብብርን እና መከባበርን ያበረታታል።
2673,They are not fully human.,እነሱ ሙሉ ሰው አይደሉም።,hate_speech,የጥላቻ ንግግር,dehumanization,ሰብዓዊነትን መንፈግ,Yes,አዎ አለ,group,ቡድን,high,ከፍተኛ,English-Amharic,Strips humanity from the target.,ሰውነትን ይክዳል።
2674,You do not belong here.,ይህ የእናንተ ቦታ አይደለም።,hate_speech,የጥላቻ ንግግር,belonging denial,አባልነትን መከልከል,Yes,አዎ አለ,group,ቡድን,high,ከፍተኛ,English-Amharic,Denies membership and belonging.,አባልነትን እና ተሳትፎን ይከለክላል።
2675,We should treat people fairly.,ሰዎችን በፍትሃዊነት ማየት አለብን።,safe,ጥሩ ንግግር,none,የለም,No,የለም,none,የለም,zero,ዜሮ,English-Amharic,"Affirms dignity, cooperation, and mutual respect.",ክብርን፣ ትብብርን እና መከባበርን ያበረታታል።
2676,That group is always the problem.,ያ ቡድን ሁልጊዜ ችግር ነው።,hate_speech,የጥላቻ ንግግር,stereotyping,የተዛባ አመለካከት,Yes,አዎ አለ,group,ቡድን,low,ዝቅተኛ,English-Amharic,Uses harmful group stereotype.,ለአንድ ቡድን ያለ የተዛባ አመለካከት።
2677,People like them always cause trouble.,እንደ እነሱ ያሉ ሰዎች ሁልጊዜ ችግር ያመጣሉ።,hate_speech,የጥላቻ ንግግር,stereotyping,የተዛባ አመለካከት,Yes,አዎ አለ,group,ቡድን,low,ዝቅተኛ,English-Amharic,Uses harmful group stereotype.,ለአንድ ቡድን ያለ የተዛባ አመለካከት።
2678,You have no place among us.,ከእኛ መካከል ቦታ የለህም።,hate_speech,የጥላቻ ንግግር,belonging denial,አባልነትን መከልከል,Yes,አዎ አለ,group,ቡድን,high,ከፍተኛ,English-Amharic,Denies membership and belonging.,አባልነትን እና ተሳትፎን ይከለክላል።
2679,Get out of our space.,ከቦታችን ውጣ።,hate_speech,የጥላቻ ንግግር,exclusion,ማግለል,Yes,አዎ አለ,group,ቡድን,high,ከፍተኛ,English-Amharic,Pushes removal and rejection.,ማግለልን እና መከልከልን ያበረታታል።
2680,Every person should be heard.,እያንዳንዱ ሰው መሰማት አለበት።,safe,ጥሩ ንግግር,none,የለም,No,የለም,none,የለም,zero,ዜሮ,English-Amharic,"Affirms dignity, cooperation, and mutual respect.",ክብርን፣ ትብብርን እና መከባበርን ያበረታታል።
2681,You should stay silent.,ዝም በይ።,hate_speech,የጥላቻ ንግግር,silencing,ዝም ማሰኘት,Yes,አዎ አለ,individual,ግለሰብ,low,ዝቅተኛ,English-Amharic,Suppresses participation and recognition.,ተሳትፎን እና እውቅናን ይከልክላል።
2682,Leave our community now.,ከማህበረሰባችን አሁን ውጣ።,hate_speech,የጥላቻ ንግግር,exclusion,ማግለል,Yes,አዎ አለ,group,ቡድን,high,ከፍተኛ,English-Amharic,Pushes removal and rejection.,ማግለልን እና መከልከልን ያበረታታል።
2683,You should stay silent.,ዝም በይ።,hate_speech,የጥላቻ ንግግር,silencing,ዝም ማሰኘት,Yes,አዎ አለ,individual,ግለሰብ,low,ዝቅተኛ,English-Amharic,Suppresses participation and recognition.,ተሳትፎን እና እውቅናን ይከልክላል።
2684,We can solve this together.,ይህን በጋራ መፍታት እንችላለን።,safe,ጥሩ ንግግር,none,የለም,No,የለም,none,የለም,zero,ዜሮ,English-Amharic,"Affirms dignity, cooperation, and mutual respect.",ክብርን፣ ትብብርን እና መከባበርን ያበረታታል።
2685,Let us work for peace.,ለሰላም በጋራ እንስራ።,safe,ጥሩ ንግግር,none,የለም,No,የለም,none,የለም,zero,ዜሮ,English-Amharic,"Affirms dignity, cooperation, and mutual respect.",ክብርን፣ ትብብርን እና መከባበርን ያበረታታል።
2686,Different views can still be handled kindly.,የተለያዩ አስተያየቶች በበጎ ሊታዩ ይችላሉ።,safe,ጥሩ ንግግር,none,የለም,No,የለም,none,የለም,zero,ዜሮ,English-Amharic,"Affirms dignity, cooperation, and mutual respect.",ክብርን፣ ትብብርን እና መከባበርን ያበረታታል።
2687,Everyone has value in this room.,በዚህ ክፍል ያለ ሁሉም ሰው ዋጋ አለው።,safe,ጥሩ ንግግር,none,የለም,No,የለም,none,የለም,zero,ዜሮ,English-Amharic,"Affirms dignity, cooperation, and mutual respect.",ክብርን፣ ትብብርን እና መከባበርን ያበረታታል።
2688,They are not real people.,እውነተኛ ሰው አይደሉም።,hate_speech,የጥላቻ ንግግር,dehumanization,ሰብዓዊነትን መንፈግ,Yes,አዎ አለ,group,ቡድን,high,ከፍተኛ,English-Amharic,Strips humanity from the target.,ሰውነትን ይክዳል።
2689,You should be pushed out.,መባረር አለብህ።,hate_speech,የጥላቻ ንግግር,exclusion,ማግለል,Yes,አዎ አለ,group,ቡድን,high,ከፍተኛ,English-Amharic,Pushes removal and rejection.,ማግለልን እና መከልከልን ያበረታታል።
2690,We can disagree without hate.,ባንስማማም አለመጣላት እንችላለን።,safe,ጥሩ ንግግር,none,የለም,No,የለም,none,የለም,zero,ዜሮ,English-Amharic,"Affirms dignity, cooperation, and mutual respect.",ክብርን፣ ትብብርን እና መከባበርን ያበረታታል።
2691,We should correct mistakes without humiliation.,ሰዎችን ሳናዋርድ ስህተትን ማስተካከል አለብን።,safe,ጥሩ ንግግር,none,የለም,No,የለም,none,የለም,zero,ዜሮ,English-Amharic,"Affirms dignity, cooperation, and mutual respect.",ክብርን፣ ትብብርን እና መከባበርን ያበረታታል።
2692,Their kind always ruins everything.,የእነሱ ዓይነት ሁልጊዜ ሁሉንም ያበላሻል።,hate_speech,የጥላቻ ንግግር,stereotyping,የተዛባ አመለካከት,Yes,አዎ አለ,group,ቡድን,low,ዝቅተኛ,English-Amharic,Uses harmful group stereotype.,ለአንድ ቡድን ያለ የተዛባ አመለካከት።
2693,We can disagree without hate.,ባንስማማም አለመጣላት እንችላለን።,safe,ጥሩ ንግግር,none,የለም,No,የለም,none,የለም,zero,ዜሮ,English-Amharic,"Affirms dignity, cooperation, and mutual respect.",ክብርን፣ ትብብርን እና መከባበርን ያበረታታል።
2694,Nobody wants to hear you.,ማንም ሊሰማሽ አይፈልግም።,hate_speech,የጥላቻ ንግግር,silencing,ዝም ማሰኘት,Yes,አዎ አለ,individual,ግለሰብ,low,ዝቅተኛ,English-Amharic,Suppresses participation and recognition.,ተሳትፎን እና እውቅናን ይከልክላል።
2695,You do not belong here.,ይህ የእናንተ ቦታ አይደለም።,hate_speech,የጥላቻ ንግግር,belonging denial,አባልነትን መከልከል,Yes,አዎ አለ,group,ቡድን,high,ከፍተኛ,English-Amharic,Denies membership and belonging.,አባልነትን እና ተሳትፎን ይከለክላል።
2696,A fair discussion includes every voice.,ፍትሃዊ ውይይት ሁሉንም ድምፅ ያካትታል።,safe,ጥሩ ንግግር,none,የለም,No,የለም,none,የለም,zero,ዜሮ,English-Amharic,"Affirms dignity, cooperation, and mutual respect.",ክብርን፣ ትብብርን እና መከባበርን ያበረታታል።
2697,Different views can still be handled kindly.,የተለያዩ አስተያየቶች በበጎ ሊታዩ ይችላሉ።,safe,ጥሩ ንግግር,none,የለም,No,የለም,none,የለም,zero,ዜሮ,English-Amharic,"Affirms dignity, cooperation, and mutual respect.",ክብርን፣ ትብብርን እና መከባበርን ያበረታታል።
2698,People deserve fairness and care.,ሰዎች ፍትሃዊነት እና እንክብካቤ ይገባቸዋል።,safe,ጥሩ ንግግር,none,የለም,No,የለም,none,የለም,zero,ዜሮ,English-Amharic,"Affirms dignity, cooperation, and mutual respect.",ክብርን፣ ትብብርን እና መከባበርን ያበረታታል።
2699,Let us find a solution that works for everyone.,ለሁሉም የሚሰራ መፍትሄ እንፈልግ።,safe,ጥሩ ንግግር,none,የለም,No,የለም,none,የለም,zero,ዜሮ,English-Amharic,"Affirms dignity, cooperation, and mutual respect.",ክብርን፣ ትብብርን እና መከባበርን ያበረታታል።
2700,You do not belong in this community.,በዚህ ማህበረሰብ ውስጥ አትገባም።,hate_speech,የጥላቻ ንግግር,belonging denial,አባልነትን መከልከል,Yes,አዎ አለ,group,ቡድን,high,ከፍተኛ,English-Amharic,Denies membership and belonging.,አባልነትን እና ተሳትፎን ይከለክላል።
2701,They are not real people.,እውነተኛ ሰው አይደሉም።,hate_speech,የጥላቻ ንግግር,dehumanization,ሰብዓዊነትን መንፈግ,Yes,አዎ አለ,group,ቡድን,high,ከፍተኛ,English-Amharic,Strips humanity from the target.,ሰውነትን ይክዳል።
2702,Get out of our space.,ከቦታችን ውጣ።,hate_speech,የጥላቻ ንግግር,exclusion,ማግለል,Yes,አዎ አለ,group,ቡድን,high,ከፍተኛ,English-Amharic,Pushes removal and rejection.,ማግለልን እና መከልከልን ያበረታታል።
2703,Everyone has value in this room.,በዚህ ክፍል ያለ ሁሉም ሰው ዋጋ አለው።,safe,ጥሩ ንግግር,none,የለም,No,የለም,none,የለም,zero,ዜሮ,English-Amharic,"Affirms dignity, cooperation, and mutual respect.",ክብርን፣ ትብብርን እና መከባበርን ያበረታታል።
2704,Get out of our space.,ከቦታችን ውጣ።,hate_speech,የጥላቻ ንግግር,exclusion,ማግለል,Yes,አዎ አለ,group,ቡድን,high,ከፍተኛ,English-Amharic,Pushes removal and rejection.,ማግለልን እና መከልከልን ያበረታታል።
2705,We should treat people fairly.,ሰዎችን በፍትሃዊነት ማየት አለብን።,safe,ጥሩ ንግግር,none,የለም,No,የለም,none,የለም,zero,ዜሮ,English-Amharic,"Affirms dignity, cooperation, and mutual respect.",ክብርን፣ ትብብርን እና መከባበርን ያበረታታል።
2706,We should listen before judging.,ከመፍረድ በፊት ማዳመጥ አለብን።,safe,ጥሩ ንግግር,none,የለም,No,የለም,none,የለም,zero,ዜሮ,English-Amharic,"Affirms dignity, cooperation, and mutual respect.",ክብርን፣ ትብብርን እና መከባበርን ያበረታታል።
2707,You should be pushed out.,መባረር አለብህ።,hate_speech,የጥላቻ ንግግር,exclusion,ማግለል,Yes,አዎ አለ,group,ቡድን,high,ከፍተኛ,English-Amharic,Pushes removal and rejection.,ማግለልን እና መከልከልን ያበረታታል።
2708,They are less than human.,ከሰው በታች ናቸው።,hate_speech,የጥላቻ ንግግር,dehumanization,ሰብዓዊነትን መንፈግ,Yes,አዎ አለ,group,ቡድን,high,ከፍተኛ,English-Amharic,Strips humanity from the target.,ሰውነትን ይክዳል።
2709,Respect helps communities grow stronger.,ክብር ማህበረሰቦችን ያጠናክራል።,safe,ጥሩ ንግግር,none,የለም,No,የለም,none,የለም,zero,ዜሮ,English-Amharic,"Affirms dignity, cooperation, and mutual respect.",ክብርን፣ ትብብርን እና መከባበርን ያበረታታል።
2710,We should fear what they will do.,ምን እንደሚያደርጉ መፍራት አለብን።,hate_speech,የጥላቻ ንግግር,threat,ማስፈራሪያ,Yes,አዎ አለ,group,ቡድን,high,ከፍተኛ,English-Amharic,Frames the target as danger.,እንደ ስጋት ይቀርባል።
2711,Every person should be heard.,እያንዳንዱ ሰው መሰማት አለበት።,safe,ጥሩ ንግግር,none,የለም,No,የለም,none,የለም,zero,ዜሮ,English-Amharic,"Affirms dignity, cooperation, and mutual respect.",ክብርን፣ ትብብርን እና መከባበርን ያበረታታል።
2712,They are a danger to everyone.,እነሱ ለሁሉም ስጋት ናቸው።,hate_speech,የጥላቻ ንግግር,threat,ማስፈራሪያ,Yes,አዎ አለ,group,ቡድን,high,ከፍተኛ,English-Amharic,Frames the target as danger.,እንደ ስጋት ይቀርባል።
2713,We should correct mistakes without humiliation.,ሰዎችን ሳናዋርድ ስህተትን ማስተካከል አለብን።,safe,ጥሩ ንግግር,none,የለም,No,የለም,none,የለም,zero,ዜሮ,English-Amharic,"Affirms dignity, cooperation, and mutual respect.",ክብርን፣ ትብብርን እና መከባበርን ያበረታታል።
2714,They are not real people.,እውነተኛ ሰው አይደሉም።,hate_speech,የጥላቻ ንግግር,dehumanization,ሰብዓዊነትን መንፈግ,Yes,አዎ አለ,group,ቡድን,high,ከፍተኛ,English-Amharic,Strips humanity from the target.,ሰውነትን ይክዳል።
2715,They threaten our safety.,ደህንነታችንን ይሸብራሉ።,hate_speech,የጥላቻ ንግግር,threat,ማስፈራሪያ,Yes,አዎ አለ,group,ቡድን,high,ከፍተኛ,English-Amharic,Frames the target as danger.,እንደ ስጋት ይቀርባል።
2716,Everyone has value in this room.,በዚህ ክፍል ያለ ሁሉም ሰው ዋጋ አለው።,safe,ጥሩ ንግግር,none,የለም,No,የለም,none,የለም,zero,ዜሮ,English-Amharic,"Affirms dignity, cooperation, and mutual respect.",ክብርን፣ ትብብርን እና መከባበርን ያበረታታል።
2717,Your voice does not matter here.,እዚህ ድምፅሽ ዋጋ የለውም።,hate_speech,የጥላቻ ንግግር,silencing,ዝም ማሰኘት,Yes,አዎ አለ,individual,ግለሰብ,low,ዝቅተኛ,English-Amharic,Suppresses participation and recognition.,ተሳትፎን እና እውቅናን ይከልክላል።
2718,They threaten our safety.,ደህንነታችንን ይሸብራሉ።,hate_speech,የጥላቻ ንግግር,threat,ማስፈራሪያ,Yes,አዎ አለ,group,ቡድን,high,ከፍተኛ,English-Amharic,Frames the target as danger.,እንደ ስጋት ይቀርባል።
2719,They are a danger to everyone.,እነሱ ለሁሉም ስጋት ናቸው።,hate_speech,የጥላቻ ንግግር,threat,ማስፈራሪያ,Yes,አዎ አለ,group,ቡድን,high,ከፍተኛ,English-Amharic,Frames the target as danger.,እንደ ስጋት ይቀርባል።
2720,We should treat people fairly.,ሰዎችን በፍትሃዊነት ማየት አለብን።,safe,ጥሩ ንግግር,none,የለም,No,የለም,none,የለም,zero,ዜሮ,English-Amharic,"Affirms dignity, cooperation, and mutual respect.",ክብርን፣ ትብብርን እና መከባበርን ያበረታታል።
2721,Everyone deserves dignity.,ሁሉም ሰው ክብር ይገባዋል።,safe,ጥሩ ንግግር,none,የለም,No,የለም,none,የለም,zero,ዜሮ,English-Amharic,"Affirms dignity, cooperation, and mutual respect.",ክብርን፣ ትብብርን እና መከባበርን ያበረታታል።
2722,Different views can still be handled kindly.,የተለያዩ አስተያየቶች በበጎ ሊታዩ ይችላሉ።,safe,ጥሩ ንግግር,none,የለም,No,የለም,none,የለም,zero,ዜሮ,English-Amharic,"Affirms dignity, cooperation, and mutual respect.",ክብርን፣ ትብብርን እና መከባበርን ያበረታታል።
2723,We can solve this together.,ይህን በጋራ መፍታት እንችላለን።,safe,ጥሩ ንግግር,none,የለም,No,የለም,none,የለም,zero,ዜሮ,English-Amharic,"Affirms dignity, cooperation, and mutual respect.",ክብርን፣ ትብብርን እና መከባበርን ያበረታታል።
2724,Everyone has value in this room.,በዚህ ክፍል ያለ ሁሉም ሰው ዋጋ አለው።,safe,ጥሩ ንግግር,none,የለም,No,የለም,none,የለም,zero,ዜሮ,English-Amharic,"Affirms dignity, cooperation, and mutual respect.",ክብርን፣ ትብብርን እና መከባበርን ያበረታታል።
2725,They are not real people.,እውነተኛ ሰው አይደሉም።,hate_speech,የጥላቻ ንግግር,dehumanization,ሰብዓዊነትን መንፈግ,Yes,አዎ አለ,group,ቡድን,high,ከፍተኛ,English-Amharic,Strips humanity from the target.,ሰውነትን ይክዳል።
2726,We can disagree without hate.,ባንስማማም አለመጣላት እንችላለን።,safe,ጥሩ ንግግር,none,የለም,No,የለም,none,የለም,zero,ዜሮ,English-Amharic,"Affirms dignity, cooperation, and mutual respect.",ክብርን፣ ትብብርን እና መከባበርን ያበረታታል።
2727,They are less than human.,ከሰው በታች ናቸው።,hate_speech,የጥላቻ ንግግር,dehumanization,ሰብዓዊነትን መንፈግ,Yes,አዎ አለ,group,ቡድን,high,ከፍተኛ,English-Amharic,Strips humanity from the target.,ሰውነትን ይክዳል።
2728,You have no place among us.,ከእኛ መካከል ቦታ የለህም።,hate_speech,የጥላቻ ንግግር,belonging denial,አባልነትን መከልከል,Yes,አዎ አለ,group,ቡድን,high,ከፍተኛ,English-Amharic,Denies membership and belonging.,አባልነትን እና ተሳትፎን ይከለክላል።
2729,You have no place among us.,ከእኛ መካከል ቦታ የለህም።,hate_speech,የጥላቻ ንግግር,belonging denial,አባልነትን መከልከል,Yes,አዎ አለ,group,ቡድን,high,ከፍተኛ,English-Amharic,Denies membership and belonging.,አባልነትን እና ተሳትፎን ይከለክላል።
2730,Every person should be heard.,እያንዳንዱ ሰው መሰማት አለበት።,safe,ጥሩ ንግግር,none,የለም,No,የለም,none,የለም,zero,ዜሮ,English-Amharic,"Affirms dignity, cooperation, and mutual respect.",ክብርን፣ ትብብርን እና መከባበርን ያበረታታል።
2731,Leave our community now.,ከማህበረሰባችን አሁን ውጣ።,hate_speech,የጥላቻ ንግግር,exclusion,ማግለል,Yes,አዎ አለ,group,ቡድን,high,ከፍተኛ,English-Amharic,Pushes removal and rejection.,ማግለልን እና መከልከልን ያበረታታል።
2732,You do not belong in this community.,በዚህ ማህበረሰብ ውስጥ አትገባም።,hate_speech,የጥላቻ ንግግር,belonging denial,አባልነትን መከልከል,Yes,አዎ አለ,group,ቡድን,high,ከፍተኛ,English-Amharic,Denies membership and belonging.,አባልነትን እና ተሳትፎን ይከለክላል።
2733,A fair discussion includes every voice.,ፍትሃዊ ውይይት ሁሉንም ድምፅ ያካትታል።,safe,ጥሩ ንግግር,none,የለም,No,የለም,none,የለም,zero,ዜሮ,English-Amharic,"Affirms dignity, cooperation, and mutual respect.",ክብርን፣ ትብብርን እና መከባበርን ያበረታታል።
2734,Every person should be heard.,እያንዳንዱ ሰው መሰማት አለበት።,safe,ጥሩ ንግግር,none,የለም,No,የለም,none,የለም,zero,ዜሮ,English-Amharic,"Affirms dignity, cooperation, and mutual respect.",ክብርን፣ ትብብርን እና መከባበርን ያበረታታል።
2735,We should correct mistakes without humiliation.,ሰዎችን ሳናዋርድ ስህተትን ማስተካከል አለብን።,safe,ጥሩ ንግግር,none,የለም,No,የለም,none,የለም,zero,ዜሮ,English-Amharic,"Affirms dignity, cooperation, and mutual respect.",ክብርን፣ ትብብርን እና መከባበርን ያበረታታል።
2736,People deserve fairness and care.,ሰዎች ፍትሃዊነት እና እንክብካቤ ይገባቸዋል።,safe,ጥሩ ንግግር,none,የለም,No,የለም,none,የለም,zero,ዜሮ,English-Amharic,"Affirms dignity, cooperation, and mutual respect.",ክብርን፣ ትብብርን እና መከባበርን ያበረታታል።
2737,Leave our community now.,ከማህበረሰባችን አሁን ውጣ።,hate_speech,የጥላቻ ንግግር,exclusion,ማግለል,Yes,አዎ አለ,group,ቡድን,high,ከፍተኛ,English-Amharic,Pushes removal and rejection.,ማግለልን እና መከልከልን ያበረታታል።
2738,You should be pushed out.,መባረር አለብህ።,hate_speech,የጥላቻ ንግግር,exclusion,ማግለል,Yes,አዎ አለ,group,ቡድን,high,ከፍተኛ,English-Amharic,Pushes removal and rejection.,ማግለልን እና መከልከልን ያበረታታል።
2739,They are less than human.,ከሰው በታች ናቸው።,hate_speech,የጥላቻ ንግግር,dehumanization,ሰብዓዊነትን መንፈግ,Yes,አዎ አለ,group,ቡድን,high,ከፍተኛ,English-Amharic,Strips humanity from the target.,ሰውነትን ይክዳል።
2740,People deserve fairness and care.,ሰዎች ፍትሃዊነት እና እንክብካቤ ይገባቸዋል።,safe,ጥሩ ንግግር,none,የለም,No,የለም,none,የለም,zero,ዜሮ,English-Amharic,"Affirms dignity, cooperation, and mutual respect.",ክብርን፣ ትብብርን እና መከባበርን ያበረታታል።
2741,People like them always cause trouble.,እንደ እነሱ ያሉ ሰዎች ሁልጊዜ ችግር ያመጣሉ።,hate_speech,የጥላቻ ንግግር,stereotyping,የተዛባ አመለካከት,Yes,አዎ አለ,group,ቡድን,low,ዝቅተኛ,English-Amharic,Uses harmful group stereotype.,ለአንድ ቡድን ያለ የተዛባ አመለካከት።
2742,We can solve this together.,ይህን በጋራ መፍታት እንችላለን።,safe,ጥሩ ንግግር,none,የለም,No,የለም,none,የለም,zero,ዜሮ,English-Amharic,"Affirms dignity, cooperation, and mutual respect.",ክብርን፣ ትብብርን እና መከባበርን ያበረታታል።
2743,We should fear what they will do.,ምን እንደሚያደርጉ መፍራት አለብን።,hate_speech,የጥላቻ ንግግር,threat,ማስፈራሪያ,Yes,አዎ አለ,group,ቡድን,high,ከፍተኛ,English-Amharic,Frames the target as danger.,እንደ ስጋት ይቀርባል።
2744,We should speak respectfully.,በክብር መናገር አለብን።,safe,ጥሩ ንግግር,none,የለም,No,የለም,none,የለም,zero,ዜሮ,English-Amharic,"Affirms dignity, cooperation, and mutual respect.",ክብርን፣ ትብብርን እና መከባበርን ያበረታታል።
2745,A fair discussion includes every voice.,ፍትሃዊ ውይይት ሁሉንም ድምፅ ያካትታል።,safe,ጥሩ ንግግር,none,የለም,No,የለም,none,የለም,zero,ዜሮ,English-Amharic,"Affirms dignity, cooperation, and mutual respect.",ክብርን፣ ትብብርን እና መከባበርን ያበረታታል።
2746,Different views can still be handled kindly.,የተለያዩ አስተያየቶች በበጎ ሊታዩ ይችላሉ።,safe,ጥሩ ንግግር,none,የለም,No,የለም,none,የለም,zero,ዜሮ,English-Amharic,"Affirms dignity, cooperation, and mutual respect.",ክብርን፣ ትብብርን እና መከባበርን ያበረታታል።
2747,We should speak respectfully.,በክብር መናገር አለብን።,safe,ጥሩ ንግግር,none,የለም,No,የለም,none,የለም,zero,ዜሮ,English-Amharic,"Affirms dignity, cooperation, and mutual respect.",ክብርን፣ ትብብርን እና መከባበርን ያበረታታል።
2748,You do not belong in this community.,በዚህ ማህበረሰብ ውስጥ አትገባም።,hate_speech,የጥላቻ ንግግር,belonging denial,አባልነትን መከልከል,Yes,አዎ አለ,group,ቡድን,high,ከፍተኛ,English-Amharic,Denies membership and belonging.,አባልነትን እና ተሳትፎን ይከለክላል።
2749,You do not belong in this community.,በዚህ ማህበረሰብ ውስጥ አትገባም።,hate_speech,የጥላቻ ንግግር,belonging denial,አባልነትን መከልከል,Yes,አዎ አለ,group,ቡድን,high,ከፍተኛ,English-Amharic,Denies membership and belonging.,አባልነትን እና ተሳትፎን ይከለክላል።
2750,Everyone deserves dignity.,ሁሉም ሰው ክብር ይገባዋል።,safe,ጥሩ ንግግር,none,የለም,No,የለም,none,የለም,zero,ዜሮ,English-Amharic,"Affirms dignity, cooperation, and mutual respect.",ክብርን፣ ትብብርን እና መከባበርን ያበረታታል።
2751,Respect helps communities grow stronger.,ክብር ማህበረሰቦችን ያጠናክራል።,safe,ጥሩ ንግግር,none,የለም,No,የለም,none,የለም,zero,ዜሮ,English-Amharic,"Affirms dignity, cooperation, and mutual respect.",ክብርን፣ ትብብርን እና መከባበርን ያበረታታል።
2752,Get out of our space.,ከቦታችን ውጣ።,hate_speech,የጥላቻ ንግግር,exclusion,ማግለል,Yes,አዎ አለ,group,ቡድን,high,ከፍተኛ,English-Amharic,Pushes removal and rejection.,ማግለልን እና መከልከልን ያበረታታል።
2753,You should be pushed out.,መባረር አለብህ።,hate_speech,የጥላቻ ንግግር,exclusion,ማግለል,Yes,አዎ አለ,group,ቡድን,high,ከፍተኛ,English-Amharic,Pushes removal and rejection.,ማግለልን እና መከልከልን ያበረታታል።
2754,They threaten our safety.,ደህንነታችንን ይሸብራሉ።,hate_speech,የጥላቻ ንግግር,threat,ማስፈራሪያ,Yes,አዎ አለ,group,ቡድን,high,ከፍተኛ,English-Amharic,Frames the target as danger.,እንደ ስጋት ይቀርባል።
2755,Let us find a solution that works for everyone.,ለሁሉም የሚሰራ መፍትሄ እንፈልግ።,safe,ጥሩ ንግግር,none,የለም,No,የለም,none,የለም,zero,ዜሮ,English-Amharic,"Affirms dignity, cooperation, and mutual respect.",ክብርን፣ ትብብርን እና መከባበርን ያበረታታል።
2756,Every person should be heard.,እያንዳንዱ ሰው መሰማት አለበት።,safe,ጥሩ ንግግር,none,የለም,No,የለም,none,የለም,zero,ዜሮ,English-Amharic,"Affirms dignity, cooperation, and mutual respect.",ክብርን፣ ትብብርን እና መከባበርን ያበረታታል።
2757,Leave our community now.,ከማህበረሰባችን አሁን ውጣ።,hate_speech,የጥላቻ ንግግር,exclusion,ማግለል,Yes,አዎ አለ,group,ቡድን,high,ከፍተኛ,English-Amharic,Pushes removal and rejection.,ማግለልን እና መከልከልን ያበረታታል።
2758,Respect helps communities grow stronger.,ክብር ማህበረሰቦችን ያጠናክራል።,safe,ጥሩ ንግግር,none,የለም,No,የለም,none,የለም,zero,ዜሮ,English-Amharic,"Affirms dignity, cooperation, and mutual respect.",ክብርን፣ ትብብርን እና መከባበርን ያበረታታል።
2759,They are not real people.,እውነተኛ ሰው አይደሉም።,hate_speech,የጥላቻ ንግግር,dehumanization,ሰብዓዊነትን መንፈግ,Yes,አዎ አለ,group,ቡድን,high,ከፍተኛ,English-Amharic,Strips humanity from the target.,ሰውነትን ይክዳል።
2760,People deserve fairness and care.,ሰዎች ፍትሃዊነት እና እንክብካቤ ይገባቸዋል።,safe,ጥሩ ንግግር,none,የለም,No,የለም,none,የለም,zero,ዜሮ,English-Amharic,"Affirms dignity, cooperation, and mutual respect.",ክብርን፣ ትብብርን እና መከባበርን ያበረታታል።
2761,Your voice does not matter here.,እዚህ ድምፅሽ ዋጋ የለውም።,hate_speech,የጥላቻ ንግግር,silencing,ዝም ማሰኘት,Yes,አዎ አለ,individual,ግለሰብ,low,ዝቅተኛ,English-Amharic,Suppresses participation and recognition.,ተሳትፎን እና እውቅናን ይከልክላል።
2762,You do not belong here.,ይህ የእናንተ ቦታ አይደለም።,hate_speech,የጥላቻ ንግግር,belonging denial,አባልነትን መከልከል,Yes,አዎ አለ,group,ቡድን,high,ከፍተኛ,English-Amharic,Denies membership and belonging.,አባልነትን እና ተሳትፎን ይከለክላል።
2763,They are a danger to everyone.,እነሱ ለሁሉም ስጋት ናቸው።,hate_speech,የጥላቻ ንግግር,threat,ማስፈራሪያ,Yes,አዎ አለ,group,ቡድን,high,ከፍተኛ,English-Amharic,Frames the target as danger.,እንደ ስጋት ይቀርባል።
2764,You do not belong here.,ይህ የእናንተ ቦታ አይደለም።,hate_speech,የጥላቻ ንግግር,belonging denial,አባልነትን መከልከል,Yes,አዎ አለ,group,ቡድን,high,ከፍተኛ,English-Amharic,Denies membership and belonging.,አባልነትን እና ተሳትፎን ይከለክላል።
2765,You do not belong in this community.,በዚህ ማህበረሰብ ውስጥ አትገባም።,hate_speech,የጥላቻ ንግግር,belonging denial,አባልነትን መከልከል,Yes,አዎ አለ,group,ቡድን,high,ከፍተኛ,English-Amharic,Denies membership and belonging.,አባልነትን እና ተሳትፎን ይከለክላል።
2766,You should stay silent.,ዝም በይ።,hate_speech,የጥላቻ ንግግር,silencing,ዝም ማሰኘት,Yes,አዎ አለ,individual,ግለሰብ,low,ዝቅተኛ,English-Amharic,Suppresses participation and recognition.,ተሳትፎን እና እውቅናን ይከልክላል።
2767,People like them always cause trouble.,እንደ እነሱ ያሉ ሰዎች ሁልጊዜ ችግር ያመጣሉ።,hate_speech,የጥላቻ ንግግር,stereotyping,የተዛባ አመለካከት,Yes,አዎ አለ,group,ቡድን,low,ዝቅተኛ,English-Amharic,Uses harmful group stereotype.,ለአንድ ቡድን ያለ የተዛባ አመለካከት።
2768,You should be pushed out.,መባረር አለብህ።,hate_speech,የጥላቻ ንግግር,exclusion,ማግለል,Yes,አዎ አለ,group,ቡድን,high,ከፍተኛ,English-Amharic,Pushes removal and rejection.,ማግለልን እና መከልከልን ያበረታታል።
2769,They are not real people.,እውነተኛ ሰው አይደሉም።,hate_speech,የጥላቻ ንግግር,dehumanization,ሰብዓዊነትን መንፈግ,Yes,አዎ አለ,group,ቡድን,high,ከፍተኛ,English-Amharic,Strips humanity from the target.,ሰውነትን ይክዳል።
2770,We should treat people fairly.,ሰዎችን በፍትሃዊነት ማየት አለብን።,safe,ጥሩ ንግግር,none,የለም,No,የለም,none,የለም,zero,ዜሮ,English-Amharic,"Affirms dignity, cooperation, and mutual respect.",ክብርን፣ ትብብርን እና መከባበርን ያበረታታል።
2771,We should listen before judging.,ከመፍረድ በፊት ማዳመጥ አለብን።,safe,ጥሩ ንግግር,none,የለም,No,የለም,none,የለም,zero,ዜሮ,English-Amharic,"Affirms dignity, cooperation, and mutual respect.",ክብርን፣ ትብብርን እና መከባበርን ያበረታታል።
2772,They threaten our safety.,ደህንነታችንን ይሸብራሉ።,hate_speech,የጥላቻ ንግግር,threat,ማስፈራሪያ,Yes,አዎ አለ,group,ቡድን,high,ከፍተኛ,English-Amharic,Frames the target as danger.,እንደ ስጋት ይቀርባል።
2773,They are less than human.,ከሰው በታች ናቸው።,hate_speech,የጥላቻ ንግግር,dehumanization,ሰብዓዊነትን መንፈግ,Yes,አዎ አለ,group,ቡድን,high,ከፍተኛ,English-Amharic,Strips humanity from the target.,ሰውነትን ይክዳል።
2774,Their kind always ruins everything.,የእነሱ ዓይነት ሁልጊዜ ሁሉንም ያበላሻል።,hate_speech,የጥላቻ ንግግር,stereotyping,የተዛባ አመለካከት,Yes,አዎ አለ,group,ቡድን,low,ዝቅተኛ,English-Amharic,Uses harmful group stereotype.,ለአንድ ቡድን ያለ የተዛባ አመለካከት።
2775,You have no place among us.,ከእኛ መካከል ቦታ የለህም።,hate_speech,የጥላቻ ንግግር,belonging denial,አባልነትን መከልከል,Yes,አዎ አለ,group,ቡድን,high,ከፍተኛ,English-Amharic,Denies membership and belonging.,አባልነትን እና ተሳትፎን ይከለክላል።
2776,You have no place among us.,ከእኛ መካከል ቦታ የለህም።,hate_speech,የጥላቻ ንግግር,belonging denial,አባልነትን መከልከል,Yes,አዎ አለ,group,ቡድን,high,ከፍተኛ,English-Amharic,Denies membership and belonging.,አባልነትን እና ተሳትፎን ይከለክላል።
2777,They are less than human.,ከሰው በታች ናቸው።,hate_speech,የጥላቻ ንግግር,dehumanization,ሰብዓዊነትን መንፈግ,Yes,አዎ አለ,group,ቡድን,high,ከፍተኛ,English-Amharic,Strips humanity from the target.,ሰውነትን ይክዳል።
2778,People like them always cause trouble.,እንደ እነሱ ያሉ ሰዎች ሁልጊዜ ችግር ያመጣሉ።,hate_speech,የጥላቻ ንግግር,stereotyping,የተዛባ አመለካከት,Yes,አዎ አለ,group,ቡድን,low,ዝቅተኛ,English-Amharic,Uses harmful group stereotype.,ለአንድ ቡድን ያለ የተዛባ አመለካከት።
2779,That group is always the problem.,ያ ቡድን ሁልጊዜ ችግር ነው።,hate_speech,የጥላቻ ንግግር,stereotyping,የተዛባ አመለካከት,Yes,አዎ አለ,group,ቡድን,low,ዝቅተኛ,English-Amharic,Uses harmful group stereotype.,ለአንድ ቡድን ያለ የተዛባ አመለካከት።
2780,We can disagree without hate.,ባንስማማም አለመጣላት እንችላለን።,safe,ጥሩ ንግግር,none,የለም,No,የለም,none,የለም,zero,ዜሮ,English-Amharic,"Affirms dignity, cooperation, and mutual respect.",ክብርን፣ ትብብርን እና መከባበርን ያበረታታል።
2781,Nobody wants to hear you.,ማንም ሊሰማሽ አይፈልግም።,hate_speech,የጥላቻ ንግግር,silencing,ዝም ማሰኘት,Yes,አዎ አለ,individual,ግለሰብ,low,ዝቅተኛ,English-Amharic,Suppresses participation and recognition.,ተሳትፎን እና እውቅናን ይከልክላል።
2782,People deserve fairness and care.,ሰዎች ፍትሃዊነት እና እንክብካቤ ይገባቸዋል።,safe,ጥሩ ንግግር,none,የለም,No,የለም,none,የለም,zero,ዜሮ,English-Amharic,"Affirms dignity, cooperation, and mutual respect.",ክብርን፣ ትብብርን እና መከባበርን ያበረታታል።
2783,You do not belong here.,ይህ የእናንተ ቦታ አይደለም።,hate_speech,የጥላቻ ንግግር,belonging denial,አባልነትን መከልከል,Yes,አዎ አለ,group,ቡድን,high,ከፍተኛ,English-Amharic,Denies membership and belonging.,አባልነትን እና ተሳትፎን ይከለክላል።
2784,They are not real people.,እውነተኛ ሰው አይደሉም።,hate_speech,የጥላቻ ንግግር,dehumanization,ሰብዓዊነትን መንፈግ,Yes,አዎ አለ,group,ቡድን,high,ከፍተኛ,English-Amharic,Strips humanity from the target.,ሰውነትን ይክዳል።
2785,Nobody wants to hear you.,ማንም ሊሰማሽ አይፈልግም።,hate_speech,የጥላቻ ንግግር,silencing,ዝም ማሰኘት,Yes,አዎ አለ,individual,ግለሰብ,low,ዝቅተኛ,English-Amharic,Suppresses participation and recognition.,ተሳትፎን እና እውቅናን ይከልክላል።
2786,Respect helps communities grow stronger.,ክብር ማህበረሰቦችን ያጠናክራል።,safe,ጥሩ ንግግር,none,የለም,No,የለም,none,የለም,zero,ዜሮ,English-Amharic,"Affirms dignity, cooperation, and mutual respect.",ክብርን፣ ትብብርን እና መከባበርን ያበረታታል።
2787,We should speak respectfully.,በክብር መናገር አለብን።,safe,ጥሩ ንግግር,none,የለም,No,የለም,none,የለም,zero,ዜሮ,English-Amharic,"Affirms dignity, cooperation, and mutual respect.",ክብርን፣ ትብብርን እና መከባበርን ያበረታታል።
2788,Your voice does not matter here.,እዚህ ድምፅሽ ዋጋ የለውም።,hate_speech,የጥላቻ ንግግር,silencing,ዝም ማሰኘት,Yes,አዎ አለ,individual,ግለሰብ,low,ዝቅተኛ,English-Amharic,Suppresses participation and recognition.,ተሳትፎን እና እውቅናን ይከልክላል።
2789,We should correct mistakes without humiliation.,ሰዎችን ሳናዋርድ ስህተትን ማስተካከል አለብን።,safe,ጥሩ ንግግር,none,የለም,No,የለም,none,የለም,zero,ዜሮ,English-Amharic,"Affirms dignity, cooperation, and mutual respect.",ክብርን፣ ትብብርን እና መከባበርን ያበረታታል።
2790,They are not fully human.,እነሱ ሙሉ ሰው አይደሉም።,hate_speech,የጥላቻ ንግግር,dehumanization,ሰብዓዊነትን መንፈግ,Yes,አዎ አለ,group,ቡድን,high,ከፍተኛ,English-Amharic,Strips humanity from the target.,ሰውነትን ይክዳል።
2791,Different views can still be handled kindly.,የተለያዩ አስተያየቶች በበጎ ሊታዩ ይችላሉ።,safe,ጥሩ ንግግር,none,የለም,No,የለም,none,የለም,zero,ዜሮ,English-Amharic,"Affirms dignity, cooperation, and mutual respect.",ክብርን፣ ትብብርን እና መከባበርን ያበረታታል።
2792,We can solve this together.,ይህን በጋራ መፍታት እንችላለን።,safe,ጥሩ ንግግር,none,የለም,No,የለም,none,የለም,zero,ዜሮ,English-Amharic,"Affirms dignity, cooperation, and mutual respect.",ክብርን፣ ትብብርን እና መከባበርን ያበረታታል።
2793,They are not real people.,እውነተኛ ሰው አይደሉም።,hate_speech,የጥላቻ ንግግር,dehumanization,ሰብዓዊነትን መንፈግ,Yes,አዎ አለ,group,ቡድን,high,ከፍተኛ,English-Amharic,Strips humanity from the target.,ሰውነትን ይክዳል።
2794,You should be pushed out.,መባረር አለብህ።,hate_speech,የጥላቻ ንግግር,exclusion,ማግለል,Yes,አዎ አለ,group,ቡድን,high,ከፍተኛ,English-Amharic,Pushes removal and rejection.,ማግለልን እና መከልከልን ያበረታታል።
2795,They are not real people.,እውነተኛ ሰው አይደሉም።,hate_speech,የጥላቻ ንግግር,dehumanization,ሰብዓዊነትን መንፈግ,Yes,አዎ አለ,group,ቡድን,high,ከፍተኛ,English-Amharic,Strips humanity from the target.,ሰውነትን ይክዳል።
2796,Everyone deserves dignity.,ሁሉም ሰው ክብር ይገባዋል።,safe,ጥሩ ንግግር,none,የለም,No,የለም,none,የለም,zero,ዜሮ,English-Amharic,"Affirms dignity, cooperation, and mutual respect.",ክብርን፣ ትብብርን እና መከባበርን ያበረታታል።
2797,We should listen before judging.,ከመፍረድ በፊት ማዳመጥ አለብን።,safe,ጥሩ ንግግር,none,የለም,No,የለም,none,የለም,zero,ዜሮ,English-Amharic,"Affirms dignity, cooperation, and mutual respect.",ክብርን፣ ትብብርን እና መከባበርን ያበረታታል።
2798,You do not belong in this community.,በዚህ ማህበረሰብ ውስጥ አትገባም።,hate_speech,የጥላቻ ንግግር,belonging denial,አባልነትን መከልከል,Yes,አዎ አለ,group,ቡድን,high,ከፍተኛ,English-Amharic,Denies membership and belonging.,አባልነትን እና ተሳትፎን ይከለክላል።
2799,We should speak respectfully.,በክብር መናገር አለብን።,safe,ጥሩ ንግግር,none,የለም,No,የለም,none,የለም,zero,ዜሮ,English-Amharic,"Affirms dignity, cooperation, and mutual respect.",ክብርን፣ ትብብርን እና መከባበርን ያበረታታል።
2800,They threaten our safety.,ደህንነታችንን ይሸብራሉ።,hate_speech,የጥላቻ ንግግር,threat,ማስፈራሪያ,Yes,አዎ አለ,group,ቡድን,high,ከፍተኛ,English-Amharic,Frames the target as danger.,እንደ ስጋት ይቀርባል።
2801,Everyone has value in this room.,በዚህ ክፍል ያለ ሁሉም ሰው ዋጋ አለው።,safe,ጥሩ ንግግር,none,የለም,No,የለም,none,የለም,zero,ዜሮ,English-Amharic,"Affirms dignity, cooperation, and mutual respect.",ክብርን፣ ትብብርን እና መከባበርን ያበረታታል።
2802,Different views can still be handled kindly.,የተለያዩ አስተያየቶች በበጎ ሊታዩ ይችላሉ።,safe,ጥሩ ንግግር,none,የለም,No,የለም,none,የለም,zero,ዜሮ,English-Amharic,"Affirms dignity, cooperation, and mutual respect.",ክብርን፣ ትብብርን እና መከባበርን ያበረታታል።
2803,That group is always the problem.,ያ ቡድን ሁልጊዜ ችግር ነው።,hate_speech,የጥላቻ ንግግር,stereotyping,የተዛባ አመለካከት,Yes,አዎ አለ,group,ቡድን,low,ዝቅተኛ,English-Amharic,Uses harmful group stereotype.,ለአንድ ቡድን ያለ የተዛባ አመለካከት።
2804,Get out of our space.,ከቦታችን ውጣ።,hate_speech,የጥላቻ ንግግር,exclusion,ማግለል,Yes,አዎ አለ,group,ቡድን,high,ከፍተኛ,English-Amharic,Pushes removal and rejection.,ማግለልን እና መከልከልን ያበረታታል።
2805,Respect helps communities grow stronger.,ክብር ማህበረሰቦችን ያጠናክራል።,safe,ጥሩ ንግግር,none,የለም,No,የለም,none,የለም,zero,ዜሮ,English-Amharic,"Affirms dignity, cooperation, and mutual respect.",ክብርን፣ ትብብርን እና መከባበርን ያበረታታል።
2806,We should correct mistakes without humiliation.,ሰዎችን ሳናዋርድ ስህተትን ማስተካከል አለብን።,safe,ጥሩ ንግግር,none,የለም,No,የለም,none,የለም,zero,ዜሮ,English-Amharic,"Affirms dignity, cooperation, and mutual respect.",ክብርን፣ ትብብርን እና መከባበርን ያበረታታል።
2807,A fair discussion includes every voice.,ፍትሃዊ ውይይት ሁሉንም ድምፅ ያካትታል።,safe,ጥሩ ንግግር,none,የለም,No,የለም,none,የለም,zero,ዜሮ,English-Amharic,"Affirms dignity, cooperation, and mutual respect.",ክብርን፣ ትብብርን እና መከባበርን ያበረታታል።
2808,You do not belong here.,ይህ የእናንተ ቦታ አይደለም።,hate_speech,የጥላቻ ንግግር,belonging denial,አባልነትን መከልከል,Yes,አዎ አለ,group,ቡድን,high,ከፍተኛ,English-Amharic,Denies membership and belonging.,አባልነትን እና ተሳትፎን ይከለክላል።
2809,We should listen before judging.,ከመፍረድ በፊት ማዳመጥ አለብን።,safe,ጥሩ ንግግር,none,የለም,No,የለም,none,የለም,zero,ዜሮ,English-Amharic,"Affirms dignity, cooperation, and mutual respect.",ክብርን፣ ትብብርን እና መከባበርን ያበረታታል።
2810,They threaten our safety.,ደህንነታችንን ይሸብራሉ።,hate_speech,የጥላቻ ንግግር,threat,ማስፈራሪያ,Yes,አዎ አለ,group,ቡድን,high,ከፍተኛ,English-Amharic,Frames the target as danger.,እንደ ስጋት ይቀርባል።
2811,That group is always the problem.,ያ ቡድን ሁልጊዜ ችግር ነው።,hate_speech,የጥላቻ ንግግር,stereotyping,የተዛባ አመለካከት,Yes,አዎ አለ,group,ቡድን,low,ዝቅተኛ,English-Amharic,Uses harmful group stereotype.,ለአንድ ቡድን ያለ የተዛባ አመለካከት።
2812,We can solve this together.,ይህን በጋራ መፍታት እንችላለን።,safe,ጥሩ ንግግር,none,የለም,No,የለም,none,የለም,zero,ዜሮ,English-Amharic,"Affirms dignity, cooperation, and mutual respect.",ክብርን፣ ትብብርን እና መከባበርን ያበረታታል።
2813,Different views can still be handled kindly.,የተለያዩ አስተያየቶች በበጎ ሊታዩ ይችላሉ።,safe,ጥሩ ንግግር,none,የለም,No,የለም,none,የለም,zero,ዜሮ,English-Amharic,"Affirms dignity, cooperation, and mutual respect.",ክብርን፣ ትብብርን እና መከባበርን ያበረታታል።
2814,Their kind always ruins everything.,የእነሱ ዓይነት ሁልጊዜ ሁሉንም ያበላሻል።,hate_speech,የጥላቻ ንግግር,stereotyping,የተዛባ አመለካከት,Yes,አዎ አለ,group,ቡድን,low,ዝቅተኛ,English-Amharic,Uses harmful group stereotype.,ለአንድ ቡድን ያለ የተዛባ አመለካከት።
2815,We can solve this together.,ይህን በጋራ መፍታት እንችላለን።,safe,ጥሩ ንግግር,none,የለም,No,የለም,none,የለም,zero,ዜሮ,English-Amharic,"Affirms dignity, cooperation, and mutual respect.",ክብርን፣ ትብብርን እና መከባበርን ያበረታታል።
2816,We should correct mistakes without humiliation.,ሰዎችን ሳናዋርድ ስህተትን ማስተካከል አለብን።,safe,ጥሩ ንግግር,none,የለም,No,የለም,none,የለም,zero,ዜሮ,English-Amharic,"Affirms dignity, cooperation, and mutual respect.",ክብርን፣ ትብብርን እና መከባበርን ያበረታታል።
2817,They threaten our safety.,ደህንነታችንን ይሸብራሉ።,hate_speech,የጥላቻ ንግግር,threat,ማስፈራሪያ,Yes,አዎ አለ,group,ቡድን,high,ከፍተኛ,English-Amharic,Frames the target as danger.,እንደ ስጋት ይቀርባል።
2818,People like them always cause trouble.,እንደ እነሱ ያሉ ሰዎች ሁልጊዜ ችግር ያመጣሉ።,hate_speech,የጥላቻ ንግግር,stereotyping,የተዛባ አመለካከት,Yes,አዎ አለ,group,ቡድን,low,ዝቅተኛ,English-Amharic,Uses harmful group stereotype.,ለአንድ ቡድን ያለ የተዛባ አመለካከት።
2819,We should correct mistakes without humiliation.,ሰዎችን ሳናዋርድ ስህተትን ማስተካከል አለብን።,safe,ጥሩ ንግግር,none,የለም,No,የለም,none,የለም,zero,ዜሮ,English-Amharic,"Affirms dignity, cooperation, and mutual respect.",ክብርን፣ ትብብርን እና መከባበርን ያበረታታል።
2820,We can solve this together.,ይህን በጋራ መፍታት እንችላለን።,safe,ጥሩ ንግግር,none,የለም,No,የለም,none,የለም,zero,ዜሮ,English-Amharic,"Affirms dignity, cooperation, and mutual respect.",ክብርን፣ ትብብርን እና መከባበርን ያበረታታል።
2821,We can solve this together.,ይህን በጋራ መፍታት እንችላለን።,safe,ጥሩ ንግግር,none,የለም,No,የለም,none,የለም,zero,ዜሮ,English-Amharic,"Affirms dignity, cooperation, and mutual respect.",ክብርን፣ ትብብርን እና መከባበርን ያበረታታል።
2822,Everyone deserves dignity.,ሁሉም ሰው ክብር ይገባዋል።,safe,ጥሩ ንግግር,none,የለም,No,የለም,none,የለም,zero,ዜሮ,English-Amharic,"Affirms dignity, cooperation, and mutual respect.",ክብርን፣ ትብብርን እና መከባበርን ያበረታታል።
2823,Get out of our space.,ከቦታችን ውጣ።,hate_speech,የጥላቻ ንግግር,exclusion,ማግለል,Yes,አዎ አለ,group,ቡድን,high,ከፍተኛ,English-Amharic,Pushes removal and rejection.,ማግለልን እና መከልከልን ያበረታታል።
2824,They threaten our safety.,ደህንነታችንን ይሸብራሉ።,hate_speech,የጥላቻ ንግግር,threat,ማስፈራሪያ,Yes,አዎ አለ,group,ቡድን,high,ከፍተኛ,English-Amharic,Frames the target as danger.,እንደ ስጋት ይቀርባል።
2825,You should stay silent.,ዝም በይ።,hate_speech,የጥላቻ ንግግር,silencing,ዝም ማሰኘት,Yes,አዎ አለ,individual,ግለሰብ,low,ዝቅተኛ,English-Amharic,Suppresses participation and recognition.,ተሳትፎን እና እውቅናን ይከልክላል።
2826,A fair discussion includes every voice.,ፍትሃዊ ውይይት ሁሉንም ድምፅ ያካትታል።,safe,ጥሩ ንግግር,none,የለም,No,የለም,none,የለም,zero,ዜሮ,English-Amharic,"Affirms dignity, cooperation, and mutual respect.",ክብርን፣ ትብብርን እና መከባበርን ያበረታታል።
2827,They are less than human.,ከሰው በታች ናቸው።,hate_speech,የጥላቻ ንግግር,dehumanization,ሰብዓዊነትን መንፈግ,Yes,አዎ አለ,group,ቡድን,high,ከፍተኛ,English-Amharic,Strips humanity from the target.,ሰውነትን ይክዳል።
2828,Everyone has value in this room.,በዚህ ክፍል ያለ ሁሉም ሰው ዋጋ አለው።,safe,ጥሩ ንግግር,none,የለም,No,የለም,none,የለም,zero,ዜሮ,English-Amharic,"Affirms dignity, cooperation, and mutual respect.",ክብርን፣ ትብብርን እና መከባበርን ያበረታታል።
2829,Let us find a solution that works for everyone.,ለሁሉም የሚሰራ መፍትሄ እንፈልግ።,safe,ጥሩ ንግግር,none,የለም,No,የለም,none,የለም,zero,ዜሮ,English-Amharic,"Affirms dignity, cooperation, and mutual respect.",ክብርን፣ ትብብርን እና መከባበርን ያበረታታል።
2830,We should correct mistakes without humiliation.,ሰዎችን ሳናዋርድ ስህተትን ማስተካከል አለብን።,safe,ጥሩ ንግግር,none,የለም,No,የለም,none,የለም,zero,ዜሮ,English-Amharic,"Affirms dignity, cooperation, and mutual respect.",ክብርን፣ ትብብርን እና መከባበርን ያበረታታል።
2831,Let us work for peace.,ለሰላም በጋራ እንስራ።,safe,ጥሩ ንግግር,none,የለም,No,የለም,none,የለም,zero,ዜሮ,English-Amharic,"Affirms dignity, cooperation, and mutual respect.",ክብርን፣ ትብብርን እና መከባበርን ያበረታታል።
2832,We should fear what they will do.,ምን እንደሚያደርጉ መፍራት አለብን።,hate_speech,የጥላቻ ንግግር,threat,ማስፈራሪያ,Yes,አዎ አለ,group,ቡድን,high,ከፍተኛ,English-Amharic,Frames the target as danger.,እንደ ስጋት ይቀርባል።
2833,Your voice does not matter here.,እዚህ ድምፅሽ ዋጋ የለውም።,hate_speech,የጥላቻ ንግግር,silencing,ዝም ማሰኘት,Yes,አዎ አለ,individual,ግለሰብ,low,ዝቅተኛ,English-Amharic,Suppresses participation and recognition.,ተሳትፎን እና እውቅናን ይከልክላል።
2834,A fair discussion includes every voice.,ፍትሃዊ ውይይት ሁሉንም ድምፅ ያካትታል።,safe,ጥሩ ንግግር,none,የለም,No,የለም,none,የለም,zero,ዜሮ,English-Amharic,"Affirms dignity, cooperation, and mutual respect.",ክብርን፣ ትብብርን እና መከባበርን ያበረታታል።
2835,They are not fully human.,እነሱ ሙሉ ሰው አይደሉም።,hate_speech,የጥላቻ ንግግር,dehumanization,ሰብዓዊነትን መንፈግ,Yes,አዎ አለ,group,ቡድን,high,ከፍተኛ,English-Amharic,Strips humanity from the target.,ሰውነትን ይክዳል።
2836,Respect helps communities grow stronger.,ክብር ማህበረሰቦችን ያጠናክራል።,safe,ጥሩ ንግግር,none,የለም,No,የለም,none,የለም,zero,ዜሮ,English-Amharic,"Affirms dignity, cooperation, and mutual respect.",ክብርን፣ ትብብርን እና መከባበርን ያበረታታል።
2837,Their kind always ruins everything.,የእነሱ ዓይነት ሁልጊዜ ሁሉንም ያበላሻል።,hate_speech,የጥላቻ ንግግር,stereotyping,የተዛባ አመለካከት,Yes,አዎ አለ,group,ቡድን,low,ዝቅተኛ,English-Amharic,Uses harmful group stereotype.,ለአንድ ቡድን ያለ የተዛባ አመለካከት።
2838,We should speak respectfully.,በክብር መናገር አለብን።,safe,ጥሩ ንግግር,none,የለም,No,የለም,none,የለም,zero,ዜሮ,English-Amharic,"Affirms dignity, cooperation, and mutual respect.",ክብርን፣ ትብብርን እና መከባበርን ያበረታታል።
2839,Their kind always ruins everything.,የእነሱ ዓይነት ሁልጊዜ ሁሉንም ያበላሻል።,hate_speech,የጥላቻ ንግግር,stereotyping,የተዛባ አመለካከት,Yes,አዎ አለ,group,ቡድን,low,ዝቅተኛ,English-Amharic,Uses harmful group stereotype.,ለአንድ ቡድን ያለ የተዛባ አመለካከት።
2840,Leave our community now.,ከማህበረሰባችን አሁን ውጣ።,hate_speech,የጥላቻ ንግግር,exclusion,ማግለል,Yes,አዎ አለ,group,ቡድን,high,ከፍተኛ,English-Amharic,Pushes removal and rejection.,ማግለልን እና መከልከልን ያበረታታል።
2841,We should correct mistakes without humiliation.,ሰዎችን ሳናዋርድ ስህተትን ማስተካከል አለብን።,safe,ጥሩ ንግግር,none,የለም,No,የለም,none,የለም,zero,ዜሮ,English-Amharic,"Affirms dignity, cooperation, and mutual respect.",ክብርን፣ ትብብርን እና መከባበርን ያበረታታል።
2842,We should speak respectfully.,በክብር መናገር አለብን።,safe,ጥሩ ንግግር,none,የለም,No,የለም,none,የለም,zero,ዜሮ,English-Amharic,"Affirms dignity, cooperation, and mutual respect.",ክብርን፣ ትብብርን እና መከባበርን ያበረታታል።
2843,We should correct mistakes without humiliation.,ሰዎችን ሳናዋርድ ስህተትን ማስተካከል አለብን።,safe,ጥሩ ንግግር,none,የለም,No,የለም,none,የለም,zero,ዜሮ,English-Amharic,"Affirms dignity, cooperation, and mutual respect.",ክብርን፣ ትብብርን እና መከባበርን ያበረታታል።
2844,We should treat people fairly.,ሰዎችን በፍትሃዊነት ማየት አለብን።,safe,ጥሩ ንግግር,none,የለም,No,የለም,none,የለም,zero,ዜሮ,English-Amharic,"Affirms dignity, cooperation, and mutual respect.",ክብርን፣ ትብብርን እና መከባበርን ያበረታታል።
2845,You should stay silent.,ዝም በይ።,hate_speech,የጥላቻ ንግግር,silencing,ዝም ማሰኘት,Yes,አዎ አለ,individual,ግለሰብ,low,ዝቅተኛ,English-Amharic,Suppresses participation and recognition.,ተሳትፎን እና እውቅናን ይከልክላል።
2846,Different views can still be handled kindly.,የተለያዩ አስተያየቶች በበጎ ሊታዩ ይችላሉ።,safe,ጥሩ ንግግር,none,የለም,No,የለም,none,የለም,zero,ዜሮ,English-Amharic,"Affirms dignity, cooperation, and mutual respect.",ክብርን፣ ትብብርን እና መከባበርን ያበረታታል።
2847,Leave our community now.,ከማህበረሰባችን አሁን ውጣ።,hate_speech,የጥላቻ ንግግር,exclusion,ማግለል,Yes,አዎ አለ,group,ቡድን,high,ከፍተኛ,English-Amharic,Pushes removal and rejection.,ማግለልን እና መከልከልን ያበረታታል።
2848,You should stay silent.,ዝም በይ።,hate_speech,የጥላቻ ንግግር,silencing,ዝም ማሰኘት,Yes,አዎ አለ,individual,ግለሰብ,low,ዝቅተኛ,English-Amharic,Suppresses participation and recognition.,ተሳትፎን እና እውቅናን ይከልክላል።
2849,Everyone has value in this room.,በዚህ ክፍል ያለ ሁሉም ሰው ዋጋ አለው።,safe,ጥሩ ንግግር,none,የለም,No,የለም,none,የለም,zero,ዜሮ,English-Amharic,"Affirms dignity, cooperation, and mutual respect.",ክብርን፣ ትብብርን እና መከባበርን ያበረታታል።
2850,You do not belong here.,ይህ የእናንተ ቦታ አይደለም።,hate_speech,የጥላቻ ንግግር,belonging denial,አባልነትን መከልከል,Yes,አዎ አለ,group,ቡድን,high,ከፍተኛ,English-Amharic,Denies membership and belonging.,አባልነትን እና ተሳትፎን ይከለክላል።
2851,We can disagree without hate.,ባንስማማም አለመጣላት እንችላለን።,safe,ጥሩ ንግግር,none,የለም,No,የለም,none,የለም,zero,ዜሮ,English-Amharic,"Affirms dignity, cooperation, and mutual respect.",ክብርን፣ ትብብርን እና መከባበርን ያበረታታል።
2852,They threaten our safety.,ደህንነታችንን ይሸብራሉ።,hate_speech,የጥላቻ ንግግር,threat,ማስፈራሪያ,Yes,አዎ አለ,group,ቡድን,high,ከፍተኛ,English-Amharic,Frames the target as danger.,እንደ ስጋት ይቀርባል።
2853,We can disagree without hate.,ባንስማማም አለመጣላት እንችላለን።,safe,ጥሩ ንግግር,none,የለም,No,የለም,none,የለም,zero,ዜሮ,English-Amharic,"Affirms dignity, cooperation, and mutual respect.",ክብርን፣ ትብብርን እና መከባበርን ያበረታታል።
2854,Everyone deserves dignity.,ሁሉም ሰው ክብር ይገባዋል።,safe,ጥሩ ንግግር,none,የለም,No,የለም,none,የለም,zero,ዜሮ,English-Amharic,"Affirms dignity, cooperation, and mutual respect.",ክብርን፣ ትብብርን እና መከባበርን ያበረታታል።
2855,We should treat people fairly.,ሰዎችን በፍትሃዊነት ማየት አለብን።,safe,ጥሩ ንግግር,none,የለም,No,የለም,none,የለም,zero,ዜሮ,English-Amharic,"Affirms dignity, cooperation, and mutual respect.",ክብርን፣ ትብብርን እና መከባበርን ያበረታታል።
2856,A fair discussion includes every voice.,ፍትሃዊ ውይይት ሁሉንም ድምፅ ያካትታል።,safe,ጥሩ ንግግር,none,የለም,No,የለም,none,የለም,zero,ዜሮ,English-Amharic,"Affirms dignity, cooperation, and mutual respect.",ክብርን፣ ትብብርን እና መከባበርን ያበረታታል።
2857,We should listen before judging.,ከመፍረድ በፊት ማዳመጥ አለብን።,safe,ጥሩ ንግግር,none,የለም,No,የለም,none,የለም,zero,ዜሮ,English-Amharic,"Affirms dignity, cooperation, and mutual respect.",ክብርን፣ ትብብርን እና መከባበርን ያበረታታል።
2858,They are a danger to everyone.,እነሱ ለሁሉም ስጋት ናቸው።,hate_speech,የጥላቻ ንግግር,threat,ማስፈራሪያ,Yes,አዎ አለ,group,ቡድን,high,ከፍተኛ,English-Amharic,Frames the target as danger.,እንደ ስጋት ይቀርባል።
2859,We should speak respectfully.,በክብር መናገር አለብን።,safe,ጥሩ ንግግር,none,የለም,No,የለም,none,የለም,zero,ዜሮ,English-Amharic,"Affirms dignity, cooperation, and mutual respect.",ክብርን፣ ትብብርን እና መከባበርን ያበረታታል።
2860,You should be pushed out.,መባረር አለብህ።,hate_speech,የጥላቻ ንግግር,exclusion,ማግለል,Yes,አዎ አለ,group,ቡድን,high,ከፍተኛ,English-Amharic,Pushes removal and rejection.,ማግለልን እና መከልከልን ያበረታታል።
2861,We should listen before judging.,ከመፍረድ በፊት ማዳመጥ አለብን።,safe,ጥሩ ንግግር,none,የለም,No,የለም,none,የለም,zero,ዜሮ,English-Amharic,"Affirms dignity, cooperation, and mutual respect.",ክብርን፣ ትብብርን እና መከባበርን ያበረታታል።
2862,People deserve fairness and care.,ሰዎች ፍትሃዊነት እና እንክብካቤ ይገባቸዋል።,safe,ጥሩ ንግግር,none,የለም,No,የለም,none,የለም,zero,ዜሮ,English-Amharic,"Affirms dignity, cooperation, and mutual respect.",ክብርን፣ ትብብርን እና መከባበርን ያበረታታል።
2863,Every person should be heard.,እያንዳንዱ ሰው መሰማት አለበት።,safe,ጥሩ ንግግር,none,የለም,No,የለም,none,የለም,zero,ዜሮ,English-Amharic,"Affirms dignity, cooperation, and mutual respect.",ክብርን፣ ትብብርን እና መከባበርን ያበረታታል።
2864,They are a danger to everyone.,እነሱ ለሁሉም ስጋት ናቸው።,hate_speech,የጥላቻ ንግግር,threat,ማስፈራሪያ,Yes,አዎ አለ,group,ቡድን,high,ከፍተኛ,English-Amharic,Frames the target as danger.,እንደ ስጋት ይቀርባል።
2865,Let us find a solution that works for everyone.,ለሁሉም የሚሰራ መፍትሄ እንፈልግ።,safe,ጥሩ ንግግር,none,የለም,No,የለም,none,የለም,zero,ዜሮ,English-Amharic,"Affirms dignity, cooperation, and mutual respect.",ክብርን፣ ትብብርን እና መከባበርን ያበረታታል።
2866,We should listen before judging.,ከመፍረድ በፊት ማዳመጥ አለብን።,safe,ጥሩ ንግግር,none,የለም,No,የለም,none,የለም,zero,ዜሮ,English-Amharic,"Affirms dignity, cooperation, and mutual respect.",ክብርን፣ ትብብርን እና መከባበርን ያበረታታል።
2867,You have no place among us.,ከእኛ መካከል ቦታ የለህም።,hate_speech,የጥላቻ ንግግር,belonging denial,አባልነትን መከልከል,Yes,አዎ አለ,group,ቡድን,high,ከፍተኛ,English-Amharic,Denies membership and belonging.,አባልነትን እና ተሳትፎን ይከለክላል።
2868,Everyone has value in this room.,በዚህ ክፍል ያለ ሁሉም ሰው ዋጋ አለው።,safe,ጥሩ ንግግር,none,የለም,No,የለም,none,የለም,zero,ዜሮ,English-Amharic,"Affirms dignity, cooperation, and mutual respect.",ክብርን፣ ትብብርን እና መከባበርን ያበረታታል።
2869,They are a danger to everyone.,እነሱ ለሁሉም ስጋት ናቸው።,hate_speech,የጥላቻ ንግግር,threat,ማስፈራሪያ,Yes,አዎ አለ,group,ቡድን,high,ከፍተኛ,English-Amharic,Frames the target as danger.,እንደ ስጋት ይቀርባል።
2870,You should be pushed out.,መባረር አለብህ።,hate_speech,የጥላቻ ንግግር,exclusion,ማግለል,Yes,አዎ አለ,group,ቡድን,high,ከፍተኛ,English-Amharic,Pushes removal and rejection.,ማግለልን እና መከልከልን ያበረታታል።
2871,Their kind always ruins everything.,የእነሱ ዓይነት ሁልጊዜ ሁሉንም ያበላሻል።,hate_speech,የጥላቻ ንግግር,stereotyping,የተዛባ አመለካከት,Yes,አዎ አለ,group,ቡድን,low,ዝቅተኛ,English-Amharic,Uses harmful group stereotype.,ለአንድ ቡድን ያለ የተዛባ አመለካከት።
2872,Their kind always ruins everything.,የእነሱ ዓይነት ሁልጊዜ ሁሉንም ያበላሻል።,hate_speech,የጥላቻ ንግግር,stereotyping,የተዛባ አመለካከት,Yes,አዎ አለ,group,ቡድን,low,ዝቅተኛ,English-Amharic,Uses harmful group stereotype.,ለአንድ ቡድን ያለ የተዛባ አመለካከት።
2873,They are not real people.,እውነተኛ ሰው አይደሉም።,hate_speech,የጥላቻ ንግግር,dehumanization,ሰብዓዊነትን መንፈግ,Yes,አዎ አለ,group,ቡድን,high,ከፍተኛ,English-Amharic,Strips humanity from the target.,ሰውነትን ይክዳል።
2874,Let us work for peace.,ለሰላም በጋራ እንስራ።,safe,ጥሩ ንግግር,none,የለም,No,የለም,none,የለም,zero,ዜሮ,English-Amharic,"Affirms dignity, cooperation, and mutual respect.",ክብርን፣ ትብብርን እና መከባበርን ያበረታታል።
2875,We can solve this together.,ይህን በጋራ መፍታት እንችላለን።,safe,ጥሩ ንግግር,none,የለም,No,የለም,none,የለም,zero,ዜሮ,English-Amharic,"Affirms dignity, cooperation, and mutual respect.",ክብርን፣ ትብብርን እና መከባበርን ያበረታታል።
2876,Everyone has value in this room.,በዚህ ክፍል ያለ ሁሉም ሰው ዋጋ አለው።,safe,ጥሩ ንግግር,none,የለም,No,የለም,none,የለም,zero,ዜሮ,English-Amharic,"Affirms dignity, cooperation, and mutual respect.",ክብርን፣ ትብብርን እና መከባበርን ያበረታታል።
2877,Everyone deserves dignity.,ሁሉም ሰው ክብር ይገባዋል።,safe,ጥሩ ንግግር,none,የለም,No,የለም,none,የለም,zero,ዜሮ,English-Amharic,"Affirms dignity, cooperation, and mutual respect.",ክብርን፣ ትብብርን እና መከባበርን ያበረታታል።
2878,Get out of our space.,ከቦታችን ውጣ።,hate_speech,የጥላቻ ንግግር,exclusion,ማግለል,Yes,አዎ አለ,group,ቡድን,high,ከፍተኛ,English-Amharic,Pushes removal and rejection.,ማግለልን እና መከልከልን ያበረታታል።
2879,We should listen before judging.,ከመፍረድ በፊት ማዳመጥ አለብን።,safe,ጥሩ ንግግር,none,የለም,No,የለም,none,የለም,zero,ዜሮ,English-Amharic,"Affirms dignity, cooperation, and mutual respect.",ክብርን፣ ትብብርን እና መከባበርን ያበረታታል።
2880,Let us find a solution that works for everyone.,ለሁሉም የሚሰራ መፍትሄ እንፈልግ።,safe,ጥሩ ንግግር,none,የለም,No,የለም,none,የለም,zero,ዜሮ,English-Amharic,"Affirms dignity, cooperation, and mutual respect.",ክብርን፣ ትብብርን እና መከባበርን ያበረታታል።
2881,We should treat people fairly.,ሰዎችን በፍትሃዊነት ማየት አለብን።,safe,ጥሩ ንግግር,none,የለም,No,የለም,none,የለም,zero,ዜሮ,English-Amharic,"Affirms dignity, cooperation, and mutual respect.",ክብርን፣ ትብብርን እና መከባበርን ያበረታታል።
2882,We should treat people fairly.,ሰዎችን በፍትሃዊነት ማየት አለብን።,safe,ጥሩ ንግግር,none,የለም,No,የለም,none,የለም,zero,ዜሮ,English-Amharic,"Affirms dignity, cooperation, and mutual respect.",ክብርን፣ ትብብርን እና መከባበርን ያበረታታል።
2883,You should stay silent.,ዝም በይ።,hate_speech,የጥላቻ ንግግር,silencing,ዝም ማሰኘት,Yes,አዎ አለ,individual,ግለሰብ,low,ዝቅተኛ,English-Amharic,Suppresses participation and recognition.,ተሳትፎን እና እውቅናን ይከልክላል።
2884,You should stay silent.,ዝም በይ።,hate_speech,የጥላቻ ንግግር,silencing,ዝም ማሰኘት,Yes,አዎ አለ,individual,ግለሰብ,low,ዝቅተኛ,English-Amharic,Suppresses participation and recognition.,ተሳትፎን እና እውቅናን ይከልክላል።
2885,We should treat people fairly.,ሰዎችን በፍትሃዊነት ማየት አለብን።,safe,ጥሩ ንግግር,none,የለም,No,የለም,none,የለም,zero,ዜሮ,English-Amharic,"Affirms dignity, cooperation, and mutual respect.",ክብርን፣ ትብብርን እና መከባበርን ያበረታታል።
2886,They are not fully human.,እነሱ ሙሉ ሰው አይደሉም።,hate_speech,የጥላቻ ንግግር,dehumanization,ሰብዓዊነትን መንፈግ,Yes,አዎ አለ,group,ቡድን,high,ከፍተኛ,English-Amharic,Strips humanity from the target.,ሰውነትን ይክዳል።
2887,They threaten our safety.,ደህንነታችንን ይሸብራሉ።,hate_speech,የጥላቻ ንግግር,threat,ማስፈራሪያ,Yes,አዎ አለ,group,ቡድን,high,ከፍተኛ,English-Amharic,Frames the target as danger.,እንደ ስጋት ይቀርባል።
2888,Different views can still be handled kindly.,የተለያዩ አስተያየቶች በበጎ ሊታዩ ይችላሉ።,safe,ጥሩ ንግግር,none,የለም,No,የለም,none,የለም,zero,ዜሮ,English-Amharic,"Affirms dignity, cooperation, and mutual respect.",ክብርን፣ ትብብርን እና መከባበርን ያበረታታል።
2889,Respect helps communities grow stronger.,ክብር ማህበረሰቦችን ያጠናክራል።,safe,ጥሩ ንግግር,none,የለም,No,የለም,none,የለም,zero,ዜሮ,English-Amharic,"Affirms dignity, cooperation, and mutual respect.",ክብርን፣ ትብብርን እና መከባበርን ያበረታታል።
2890,We should listen before judging.,ከመፍረድ በፊት ማዳመጥ አለብን።,safe,ጥሩ ንግግር,none,የለም,No,የለም,none,የለም,zero,ዜሮ,English-Amharic,"Affirms dignity, cooperation, and mutual respect.",ክብርን፣ ትብብርን እና መከባበርን ያበረታታል።
2891,We should treat people fairly.,ሰዎችን በፍትሃዊነት ማየት አለብን።,safe,ጥሩ ንግግር,none,የለም,No,የለም,none,የለም,zero,ዜሮ,English-Amharic,"Affirms dignity, cooperation, and mutual respect.",ክብርን፣ ትብብርን እና መከባበርን ያበረታታል።
2892,We can disagree without hate.,ባንስማማም አለመጣላት እንችላለን።,safe,ጥሩ ንግግር,none,የለም,No,የለም,none,የለም,zero,ዜሮ,English-Amharic,"Affirms dignity, cooperation, and mutual respect.",ክብርን፣ ትብብርን እና መከባበርን ያበረታታል።
2893,Nobody wants to hear you.,ማንም ሊሰማሽ አይፈልግም።,hate_speech,የጥላቻ ንግግር,silencing,ዝም ማሰኘት,Yes,አዎ አለ,individual,ግለሰብ,low,ዝቅተኛ,English-Amharic,Suppresses participation and recognition.,ተሳትፎን እና እውቅናን ይከልክላል።
2894,You do not belong in this community.,በዚህ ማህበረሰብ ውስጥ አትገባም።,hate_speech,የጥላቻ ንግግር,belonging denial,አባልነትን መከልከል,Yes,አዎ አለ,group,ቡድን,high,ከፍተኛ,English-Amharic,Denies membership and belonging.,አባልነትን እና ተሳትፎን ይከለክላል።
2895,Get out of our space.,ከቦታችን ውጣ።,hate_speech,የጥላቻ ንግግር,exclusion,ማግለል,Yes,አዎ አለ,group,ቡድን,high,ከፍተኛ,English-Amharic,Pushes removal and rejection.,ማግለልን እና መከልከልን ያበረታታል።
2896,Every person should be heard.,እያንዳንዱ ሰው መሰማት አለበት።,safe,ጥሩ ንግግር,none,የለም,No,የለም,none,የለም,zero,ዜሮ,English-Amharic,"Affirms dignity, cooperation, and mutual respect.",ክብርን፣ ትብብርን እና መከባበርን ያበረታታል።
2897,They threaten our safety.,ደህንነታችንን ይሸብራሉ።,hate_speech,የጥላቻ ንግግር,threat,ማስፈራሪያ,Yes,አዎ አለ,group,ቡድን,high,ከፍተኛ,English-Amharic,Frames the target as danger.,እንደ ስጋት ይቀርባል።
2898,We should speak respectfully.,በክብር መናገር አለብን።,safe,ጥሩ ንግግር,none,የለም,No,የለም,none,የለም,zero,ዜሮ,English-Amharic,"Affirms dignity, cooperation, and mutual respect.",ክብርን፣ ትብብርን እና መከባበርን ያበረታታል።
2899,We should correct mistakes without humiliation.,ሰዎችን ሳናዋርድ ስህተትን ማስተካከል አለብን።,safe,ጥሩ ንግግር,none,የለም,No,የለም,none,የለም,zero,ዜሮ,English-Amharic,"Affirms dignity, cooperation, and mutual respect.",ክብርን፣ ትብብርን እና መከባበርን ያበረታታል።
2900,You should be pushed out.,መባረር አለብህ።,hate_speech,የጥላቻ ንግግር,exclusion,ማግለል,Yes,አዎ አለ,group,ቡድን,high,ከፍተኛ,English-Amharic,Pushes removal and rejection.,ማግለልን እና መከልከልን ያበረታታል።
2901,Different views can still be handled kindly.,የተለያዩ አስተያየቶች በበጎ ሊታዩ ይችላሉ።,safe,ጥሩ ንግግር,none,የለም,No,የለም,none,የለም,zero,ዜሮ,English-Amharic,"Affirms dignity, cooperation, and mutual respect.",ክብርን፣ ትብብርን እና መከባበርን ያበረታታል።
2902,Everyone deserves dignity.,ሁሉም ሰው ክብር ይገባዋል።,safe,ጥሩ ንግግር,none,የለም,No,የለም,none,የለም,zero,ዜሮ,English-Amharic,"Affirms dignity, cooperation, and mutual respect.",ክብርን፣ ትብብርን እና መከባበርን ያበረታታል።
2903,We can solve this together.,ይህን በጋራ መፍታት እንችላለን።,safe,ጥሩ ንግግር,none,የለም,No,የለም,none,የለም,zero,ዜሮ,English-Amharic,"Affirms dignity, cooperation, and mutual respect.",ክብርን፣ ትብብርን እና መከባበርን ያበረታታል።
2904,People deserve fairness and care.,ሰዎች ፍትሃዊነት እና እንክብካቤ ይገባቸዋል።,safe,ጥሩ ንግግር,none,የለም,No,የለም,none,የለም,zero,ዜሮ,English-Amharic,"Affirms dignity, cooperation, and mutual respect.",ክብርን፣ ትብብርን እና መከባበርን ያበረታታል።
2905,They are less than human.,ከሰው በታች ናቸው።,hate_speech,የጥላቻ ንግግር,dehumanization,ሰብዓዊነትን መንፈግ,Yes,አዎ አለ,group,ቡድን,high,ከፍተኛ,English-Amharic,Strips humanity from the target.,ሰውነትን ይክዳል።
2906,You should stay silent.,ዝም በይ።,hate_speech,የጥላቻ ንግግር,silencing,ዝም ማሰኘት,Yes,አዎ አለ,individual,ግለሰብ,low,ዝቅተኛ,English-Amharic,Suppresses participation and recognition.,ተሳትፎን እና እውቅናን ይከልክላል።
2907,Get out of our space.,ከቦታችን ውጣ።,hate_speech,የጥላቻ ንግግር,exclusion,ማግለል,Yes,አዎ አለ,group,ቡድን,high,ከፍተኛ,English-Amharic,Pushes removal and rejection.,ማግለልን እና መከልከልን ያበረታታል።
2908,That group is always the problem.,ያ ቡድን ሁልጊዜ ችግር ነው።,hate_speech,የጥላቻ ንግግር,stereotyping,የተዛባ አመለካከት,Yes,አዎ አለ,group,ቡድን,low,ዝቅተኛ,English-Amharic,Uses harmful group stereotype.,ለአንድ ቡድን ያለ የተዛባ አመለካከት።
2909,Their kind always ruins everything.,የእነሱ ዓይነት ሁልጊዜ ሁሉንም ያበላሻል።,hate_speech,የጥላቻ ንግግር,stereotyping,የተዛባ አመለካከት,Yes,አዎ አለ,group,ቡድን,low,ዝቅተኛ,English-Amharic,Uses harmful group stereotype.,ለአንድ ቡድን ያለ የተዛባ አመለካከት።
2910,People like them always cause trouble.,እንደ እነሱ ያሉ ሰዎች ሁልጊዜ ችግር ያመጣሉ።,hate_speech,የጥላቻ ንግግር,stereotyping,የተዛባ አመለካከት,Yes,አዎ አለ,group,ቡድን,low,ዝቅተኛ,English-Amharic,Uses harmful group stereotype.,ለአንድ ቡድን ያለ የተዛባ አመለካከት።
2911,We should treat people fairly.,ሰዎችን በፍትሃዊነት ማየት አለብን።,safe,ጥሩ ንግግር,none,የለም,No,የለም,none,የለም,zero,ዜሮ,English-Amharic,"Affirms dignity, cooperation, and mutual respect.",ክብርን፣ ትብብርን እና መከባበርን ያበረታታል።
2912,Every person should be heard.,እያንዳንዱ ሰው መሰማት አለበት።,safe,ጥሩ ንግግር,none,የለም,No,የለም,none,የለም,zero,ዜሮ,English-Amharic,"Affirms dignity, cooperation, and mutual respect.",ክብርን፣ ትብብርን እና መከባበርን ያበረታታል።
2913,We should speak respectfully.,በክብር መናገር አለብን።,safe,ጥሩ ንግግር,none,የለም,No,የለም,none,የለም,zero,ዜሮ,English-Amharic,"Affirms dignity, cooperation, and mutual respect.",ክብርን፣ ትብብርን እና መከባበርን ያበረታታል።
2914,Your voice does not matter here.,እዚህ ድምፅሽ ዋጋ የለውም።,hate_speech,የጥላቻ ንግግር,silencing,ዝም ማሰኘት,Yes,አዎ አለ,individual,ግለሰብ,low,ዝቅተኛ,English-Amharic,Suppresses participation and recognition.,ተሳትፎን እና እውቅናን ይከልክላል።
2915,Respect helps communities grow stronger.,ክብር ማህበረሰቦችን ያጠናክራል።,safe,ጥሩ ንግግር,none,የለም,No,የለም,none,የለም,zero,ዜሮ,English-Amharic,"Affirms dignity, cooperation, and mutual respect.",ክብርን፣ ትብብርን እና መከባበርን ያበረታታል።
2916,Their kind always ruins everything.,የእነሱ ዓይነት ሁልጊዜ ሁሉንም ያበላሻል።,hate_speech,የጥላቻ ንግግር,stereotyping,የተዛባ አመለካከት,Yes,አዎ አለ,group,ቡድን,low,ዝቅተኛ,English-Amharic,Uses harmful group stereotype.,ለአንድ ቡድን ያለ የተዛባ አመለካከት።
2917,Nobody wants to hear you.,ማንም ሊሰማሽ አይፈልግም።,hate_speech,የጥላቻ ንግግር,silencing,ዝም ማሰኘት,Yes,አዎ አለ,individual,ግለሰብ,low,ዝቅተኛ,English-Amharic,Suppresses participation and recognition.,ተሳትፎን እና እውቅናን ይከልክላል።
2918,People deserve fairness and care.,ሰዎች ፍትሃዊነት እና እንክብካቤ ይገባቸዋል።,safe,ጥሩ ንግግር,none,የለም,No,የለም,none,የለም,zero,ዜሮ,English-Amharic,"Affirms dignity, cooperation, and mutual respect.",ክብርን፣ ትብብርን እና መከባበርን ያበረታታል።
2919,Every person should be heard.,እያንዳንዱ ሰው መሰማት አለበት።,safe,ጥሩ ንግግር,none,የለም,No,የለም,none,የለም,zero,ዜሮ,English-Amharic,"Affirms dignity, cooperation, and mutual respect.",ክብርን፣ ትብብርን እና መከባበርን ያበረታታል።
2920,They are not real people.,እውነተኛ ሰው አይደሉም።,hate_speech,የጥላቻ ንግግር,dehumanization,ሰብዓዊነትን መንፈግ,Yes,አዎ አለ,group,ቡድን,high,ከፍተኛ,English-Amharic,Strips humanity from the target.,ሰውነትን ይክዳል።
2921,We should fear what they will do.,ምን እንደሚያደርጉ መፍራት አለብን።,hate_speech,የጥላቻ ንግግር,threat,ማስፈራሪያ,Yes,አዎ አለ,group,ቡድን,high,ከፍተኛ,English-Amharic,Frames the target as danger.,እንደ ስጋት ይቀርባል።
2922,We can disagree without hate.,ባንስማማም አለመጣላት እንችላለን።,safe,ጥሩ ንግግር,none,የለም,No,የለም,none,የለም,zero,ዜሮ,English-Amharic,"Affirms dignity, cooperation, and mutual respect.",ክብርን፣ ትብብርን እና መከባበርን ያበረታታል።
2923,Let us find a solution that works for everyone.,ለሁሉም የሚሰራ መፍትሄ እንፈልግ።,safe,ጥሩ ንግግር,none,የለም,No,የለም,none,የለም,zero,ዜሮ,English-Amharic,"Affirms dignity, cooperation, and mutual respect.",ክብርን፣ ትብብርን እና መከባበርን ያበረታታል።
2924,Let us work for peace.,ለሰላም በጋራ እንስራ።,safe,ጥሩ ንግግር,none,የለም,No,የለም,none,የለም,zero,ዜሮ,English-Amharic,"Affirms dignity, cooperation, and mutual respect.",ክብርን፣ ትብብርን እና መከባበርን ያበረታታል።
2925,They are a danger to everyone.,እነሱ ለሁሉም ስጋት ናቸው።,hate_speech,የጥላቻ ንግግር,threat,ማስፈራሪያ,Yes,አዎ አለ,group,ቡድን,high,ከፍተኛ,English-Amharic,Frames the target as danger.,እንደ ስጋት ይቀርባል።
2926,People deserve fairness and care.,ሰዎች ፍትሃዊነት እና እንክብካቤ ይገባቸዋል።,safe,ጥሩ ንግግር,none,የለም,No,የለም,none,የለም,zero,ዜሮ,English-Amharic,"Affirms dignity, cooperation, and mutual respect.",ክብርን፣ ትብብርን እና መከባበርን ያበረታታል።
2927,We should fear what they will do.,ምን እንደሚያደርጉ መፍራት አለብን።,hate_speech,የጥላቻ ንግግር,threat,ማስፈራሪያ,Yes,አዎ አለ,group,ቡድን,high,ከፍተኛ,English-Amharic,Frames the target as danger.,እንደ ስጋት ይቀርባል።
2928,They threaten our safety.,ደህንነታችንን ይሸብራሉ።,hate_speech,የጥላቻ ንግግር,threat,ማስፈራሪያ,Yes,አዎ አለ,group,ቡድን,high,ከፍተኛ,English-Amharic,Frames the target as danger.,እንደ ስጋት ይቀርባል።
2929,Everyone has value in this room.,በዚህ ክፍል ያለ ሁሉም ሰው ዋጋ አለው።,safe,ጥሩ ንግግር,none,የለም,No,የለም,none,የለም,zero,ዜሮ,English-Amharic,"Affirms dignity, cooperation, and mutual respect.",ክብርን፣ ትብብርን እና መከባበርን ያበረታታል።
2930,You should stay silent.,ዝም በይ።,hate_speech,የጥላቻ ንግግር,silencing,ዝም ማሰኘት,Yes,አዎ አለ,individual,ግለሰብ,low,ዝቅተኛ,English-Amharic,Suppresses participation and recognition.,ተሳትፎን እና እውቅናን ይከልክላል።
2931,Leave our community now.,ከማህበረሰባችን አሁን ውጣ።,hate_speech,የጥላቻ ንግግር,exclusion,ማግለል,Yes,አዎ አለ,group,ቡድን,high,ከፍተኛ,English-Amharic,Pushes removal and rejection.,ማግለልን እና መከልከልን ያበረታታል።
2932,Your voice does not matter here.,እዚህ ድምፅሽ ዋጋ የለውም።,hate_speech,የጥላቻ ንግግር,silencing,ዝም ማሰኘት,Yes,አዎ አለ,individual,ግለሰብ,low,ዝቅተኛ,English-Amharic,Suppresses participation and recognition.,ተሳትፎን እና እውቅናን ይከልክላል።
2933,They threaten our safety.,ደህንነታችንን ይሸብራሉ።,hate_speech,የጥላቻ ንግግር,threat,ማስፈራሪያ,Yes,አዎ አለ,group,ቡድን,high,ከፍተኛ,English-Amharic,Frames the target as danger.,እንደ ስጋት ይቀርባል።
2934,Nobody wants to hear you.,ማንም ሊሰማሽ አይፈልግም።,hate_speech,የጥላቻ ንግግር,silencing,ዝም ማሰኘት,Yes,አዎ አለ,individual,ግለሰብ,low,ዝቅተኛ,English-Amharic,Suppresses participation and recognition.,ተሳትፎን እና እውቅናን ይከልክላል።
2935,We should listen before judging.,ከመፍረድ በፊት ማዳመጥ አለብን።,safe,ጥሩ ንግግር,none,የለም,No,የለም,none,የለም,zero,ዜሮ,English-Amharic,"Affirms dignity, cooperation, and mutual respect.",ክብርን፣ ትብብርን እና መከባበርን ያበረታታል።
2936,We should fear what they will do.,ምን እንደሚያደርጉ መፍራት አለብን።,hate_speech,የጥላቻ ንግግር,threat,ማስፈራሪያ,Yes,አዎ አለ,group,ቡድን,high,ከፍተኛ,English-Amharic,Frames the target as danger.,እንደ ስጋት ይቀርባል።
2937,Get out of our space.,ከቦታችን ውጣ።,hate_speech,የጥላቻ ንግግር,exclusion,ማግለል,Yes,አዎ አለ,group,ቡድን,high,ከፍተኛ,English-Amharic,Pushes removal and rejection.,ማግለልን እና መከልከልን ያበረታታል።
2938,Everyone has value in this room.,በዚህ ክፍል ያለ ሁሉም ሰው ዋጋ አለው።,safe,ጥሩ ንግግር,none,የለም,No,የለም,none,የለም,zero,ዜሮ,English-Amharic,"Affirms dignity, cooperation, and mutual respect.",ክብርን፣ ትብብርን እና መከባበርን ያበረታታል።
2939,They are not real people.,እውነተኛ ሰው አይደሉም።,hate_speech,የጥላቻ ንግግር,dehumanization,ሰብዓዊነትን መንፈግ,Yes,አዎ አለ,group,ቡድን,high,ከፍተኛ,English-Amharic,Strips humanity from the target.,ሰውነትን ይክዳል።
2940,Different views can still be handled kindly.,የተለያዩ አስተያየቶች በበጎ ሊታዩ ይችላሉ።,safe,ጥሩ ንግግር,none,የለም,No,የለም,none,የለም,zero,ዜሮ,English-Amharic,"Affirms dignity, cooperation, and mutual respect.",ክብርን፣ ትብብርን እና መከባበርን ያበረታታል።
2941,A fair discussion includes every voice.,ፍትሃዊ ውይይት ሁሉንም ድምፅ ያካትታል።,safe,ጥሩ ንግግር,none,የለም,No,የለም,none,የለም,zero,ዜሮ,English-Amharic,"Affirms dignity, cooperation, and mutual respect.",ክብርን፣ ትብብርን እና መከባበርን ያበረታታል።
2942,We should correct mistakes without humiliation.,ሰዎችን ሳናዋርድ ስህተትን ማስተካከል አለብን።,safe,ጥሩ ንግግር,none,የለም,No,የለም,none,የለም,zero,ዜሮ,English-Amharic,"Affirms dignity, cooperation, and mutual respect.",ክብርን፣ ትብብርን እና መከባበርን ያበረታታል።
2943,We should listen before judging.,ከመፍረድ በፊት ማዳመጥ አለብን።,safe,ጥሩ ንግግር,none,የለም,No,የለም,none,የለም,zero,ዜሮ,English-Amharic,"Affirms dignity, cooperation, and mutual respect.",ክብርን፣ ትብብርን እና መከባበርን ያበረታታል።
2944,Every person should be heard.,እያንዳንዱ ሰው መሰማት አለበት።,safe,ጥሩ ንግግር,none,የለም,No,የለም,none,የለም,zero,ዜሮ,English-Amharic,"Affirms dignity, cooperation, and mutual respect.",ክብርን፣ ትብብርን እና መከባበርን ያበረታታል።
2945,Different views can still be handled kindly.,የተለያዩ አስተያየቶች በበጎ ሊታዩ ይችላሉ።,safe,ጥሩ ንግግር,none,የለም,No,የለም,none,የለም,zero,ዜሮ,English-Amharic,"Affirms dignity, cooperation, and mutual respect.",ክብርን፣ ትብብርን እና መከባበርን ያበረታታል።
2946,Leave our community now.,ከማህበረሰባችን አሁን ውጣ።,hate_speech,የጥላቻ ንግግር,exclusion,ማግለል,Yes,አዎ አለ,group,ቡድን,high,ከፍተኛ,English-Amharic,Pushes removal and rejection.,ማግለልን እና መከልከልን ያበረታታል።
2947,Get out of our space.,ከቦታችን ውጣ።,hate_speech,የጥላቻ ንግግር,exclusion,ማግለል,Yes,አዎ አለ,group,ቡድን,high,ከፍተኛ,English-Amharic,Pushes removal and rejection.,ማግለልን እና መከልከልን ያበረታታል።
2948,Your voice does not matter here.,እዚህ ድምፅሽ ዋጋ የለውም።,hate_speech,የጥላቻ ንግግር,silencing,ዝም ማሰኘት,Yes,አዎ አለ,individual,ግለሰብ,low,ዝቅተኛ,English-Amharic,Suppresses participation and recognition.,ተሳትፎን እና እውቅናን ይከልክላል።
2949,You do not belong in this community.,በዚህ ማህበረሰብ ውስጥ አትገባም።,hate_speech,የጥላቻ ንግግር,belonging denial,አባልነትን መከልከል,Yes,አዎ አለ,group,ቡድን,high,ከፍተኛ,English-Amharic,Denies membership and belonging.,አባልነትን እና ተሳትፎን ይከለክላል።
2950,They are less than human.,ከሰው በታች ናቸው።,hate_speech,የጥላቻ ንግግር,dehumanization,ሰብዓዊነትን መንፈግ,Yes,አዎ አለ,group,ቡድን,high,ከፍተኛ,English-Amharic,Strips humanity from the target.,ሰውነትን ይክዳል።
2951,We should correct mistakes without humiliation.,ሰዎችን ሳናዋርድ ስህተትን ማስተካከል አለብን።,safe,ጥሩ ንግግር,none,የለም,No,የለም,none,የለም,zero,ዜሮ,English-Amharic,"Affirms dignity, cooperation, and mutual respect.",ክብርን፣ ትብብርን እና መከባበርን ያበረታታል።
2952,You do not belong in this community.,በዚህ ማህበረሰብ ውስጥ አትገባም።,hate_speech,የጥላቻ ንግግር,belonging denial,አባልነትን መከልከል,Yes,አዎ አለ,group,ቡድን,high,ከፍተኛ,English-Amharic,Denies membership and belonging.,አባልነትን እና ተሳትፎን ይከለክላል።
2953,We should listen before judging.,ከመፍረድ በፊት ማዳመጥ አለብን።,safe,ጥሩ ንግግር,none,የለም,No,የለም,none,የለም,zero,ዜሮ,English-Amharic,"Affirms dignity, cooperation, and mutual respect.",ክብርን፣ ትብብርን እና መከባበርን ያበረታታል።
2954,People like them always cause trouble.,እንደ እነሱ ያሉ ሰዎች ሁልጊዜ ችግር ያመጣሉ።,hate_speech,የጥላቻ ንግግር,stereotyping,የተዛባ አመለካከት,Yes,አዎ አለ,group,ቡድን,low,ዝቅተኛ,English-Amharic,Uses harmful group stereotype.,ለአንድ ቡድን ያለ የተዛባ አመለካከት።
2955,Everyone deserves dignity.,ሁሉም ሰው ክብር ይገባዋል።,safe,ጥሩ ንግግር,none,የለም,No,የለም,none,የለም,zero,ዜሮ,English-Amharic,"Affirms dignity, cooperation, and mutual respect.",ክብርን፣ ትብብርን እና መከባበርን ያበረታታል።
2956,We can solve this together.,ይህን በጋራ መፍታት እንችላለን።,safe,ጥሩ ንግግር,none,የለም,No,የለም,none,የለም,zero,ዜሮ,English-Amharic,"Affirms dignity, cooperation, and mutual respect.",ክብርን፣ ትብብርን እና መከባበርን ያበረታታል።
2957,You do not belong in this community.,በዚህ ማህበረሰብ ውስጥ አትገባም።,hate_speech,የጥላቻ ንግግር,belonging denial,አባልነትን መከልከል,Yes,አዎ አለ,group,ቡድን,high,ከፍተኛ,English-Amharic,Denies membership and belonging.,አባልነትን እና ተሳትፎን ይከለክላል።
2958,People deserve fairness and care.,ሰዎች ፍትሃዊነት እና እንክብካቤ ይገባቸዋል።,safe,ጥሩ ንግግር,none,የለም,No,የለም,none,የለም,zero,ዜሮ,English-Amharic,"Affirms dignity, cooperation, and mutual respect.",ክብርን፣ ትብብርን እና መከባበርን ያበረታታል።
2959,They threaten our safety.,ደህንነታችንን ይሸብራሉ።,hate_speech,የጥላቻ ንግግር,threat,ማስፈራሪያ,Yes,አዎ አለ,group,ቡድን,high,ከፍተኛ,English-Amharic,Frames the target as danger.,እንደ ስጋት ይቀርባል።
2960,We should fear what they will do.,ምን እንደሚያደርጉ መፍራት አለብን።,hate_speech,የጥላቻ ንግግር,threat,ማስፈራሪያ,Yes,አዎ አለ,group,ቡድን,high,ከፍተኛ,English-Amharic,Frames the target as danger.,እንደ ስጋት ይቀርባል።
2961,A fair discussion includes every voice.,ፍትሃዊ ውይይት ሁሉንም ድምፅ ያካትታል።,safe,ጥሩ ንግግር,none,የለም,No,የለም,none,የለም,zero,ዜሮ,English-Amharic,"Affirms dignity, cooperation, and mutual respect.",ክብርን፣ ትብብርን እና መከባበርን ያበረታታል።
2962,We can solve this together.,ይህን በጋራ መፍታት እንችላለን።,safe,ጥሩ ንግግር,none,የለም,No,የለም,none,የለም,zero,ዜሮ,English-Amharic,"Affirms dignity, cooperation, and mutual respect.",ክብርን፣ ትብብርን እና መከባበርን ያበረታታል።
2963,Your voice does not matter here.,እዚህ ድምፅሽ ዋጋ የለውም።,hate_speech,የጥላቻ ንግግር,silencing,ዝም ማሰኘት,Yes,አዎ አለ,individual,ግለሰብ,low,ዝቅተኛ,English-Amharic,Suppresses participation and recognition.,ተሳትፎን እና እውቅናን ይከልክላል።
2964,We can disagree without hate.,ባንስማማም አለመጣላት እንችላለን።,safe,ጥሩ ንግግር,none,የለም,No,የለም,none,የለም,zero,ዜሮ,English-Amharic,"Affirms dignity, cooperation, and mutual respect.",ክብርን፣ ትብብርን እና መከባበርን ያበረታታል።
2965,They are not real people.,እውነተኛ ሰው አይደሉም።,hate_speech,የጥላቻ ንግግር,dehumanization,ሰብዓዊነትን መንፈግ,Yes,አዎ አለ,group,ቡድን,high,ከፍተኛ,English-Amharic,Strips humanity from the target.,ሰውነትን ይክዳል።
2966,We can disagree without hate.,ባንስማማም አለመጣላት እንችላለን።,safe,ጥሩ ንግግር,none,የለም,No,የለም,none,የለም,zero,ዜሮ,English-Amharic,"Affirms dignity, cooperation, and mutual respect.",ክብርን፣ ትብብርን እና መከባበርን ያበረታታል።
2967,They are less than human.,ከሰው በታች ናቸው።,hate_speech,የጥላቻ ንግግር,dehumanization,ሰብዓዊነትን መንፈግ,Yes,አዎ አለ,group,ቡድን,high,ከፍተኛ,English-Amharic,Strips humanity from the target.,ሰውነትን ይክዳል።
2968,Respect helps communities grow stronger.,ክብር ማህበረሰቦችን ያጠናክራል።,safe,ጥሩ ንግግር,none,የለም,No,የለም,none,የለም,zero,ዜሮ,English-Amharic,"Affirms dignity, cooperation, and mutual respect.",ክብርን፣ ትብብርን እና መከባበርን ያበረታታል።
2969,You do not belong in this community.,በዚህ ማህበረሰብ ውስጥ አትገባም።,hate_speech,የጥላቻ ንግግር,belonging denial,አባልነትን መከልከል,Yes,አዎ አለ,group,ቡድን,high,ከፍተኛ,English-Amharic,Denies membership and belonging.,አባልነትን እና ተሳትፎን ይከለክላል።
2970,Everyone has value in this room.,በዚህ ክፍል ያለ ሁሉም ሰው ዋጋ አለው።,safe,ጥሩ ንግግር,none,የለም,No,የለም,none,የለም,zero,ዜሮ,English-Amharic,"Affirms dignity, cooperation, and mutual respect.",ክብርን፣ ትብብርን እና መከባበርን ያበረታታል።
2971,Respect helps communities grow stronger.,ክብር ማህበረሰቦችን ያጠናክራል።,safe,ጥሩ ንግግር,none,የለም,No,የለም,none,የለም,zero,ዜሮ,English-Amharic,"Affirms dignity, cooperation, and mutual respect.",ክብርን፣ ትብብርን እና መከባበርን ያበረታታል።
2972,You do not belong here.,ይህ የእናንተ ቦታ አይደለም።,hate_speech,የጥላቻ ንግግር,belonging denial,አባልነትን መከልከል,Yes,አዎ አለ,group,ቡድን,high,ከፍተኛ,English-Amharic,Denies membership and belonging.,አባልነትን እና ተሳትፎን ይከለክላል።
2973,People like them always cause trouble.,እንደ እነሱ ያሉ ሰዎች ሁልጊዜ ችግር ያመጣሉ።,hate_speech,የጥላቻ ንግግር,stereotyping,የተዛባ አመለካከት,Yes,አዎ አለ,group,ቡድን,low,ዝቅተኛ,English-Amharic,Uses harmful group stereotype.,ለአንድ ቡድን ያለ የተዛባ አመለካከት።
2974,You should be pushed out.,መባረር አለብህ።,hate_speech,የጥላቻ ንግግር,exclusion,ማግለል,Yes,አዎ አለ,group,ቡድን,high,ከፍተኛ,English-Amharic,Pushes removal and rejection.,ማግለልን እና መከልከልን ያበረታታል።
2975,Everyone has value in this room.,በዚህ ክፍል ያለ ሁሉም ሰው ዋጋ አለው።,safe,ጥሩ ንግግር,none,የለም,No,የለም,none,የለም,zero,ዜሮ,English-Amharic,"Affirms dignity, cooperation, and mutual respect.",ክብርን፣ ትብብርን እና መከባበርን ያበረታታል።
2976,You have no place among us.,ከእኛ መካከል ቦታ የለህም።,hate_speech,የጥላቻ ንግግር,belonging denial,አባልነትን መከልከል,Yes,አዎ አለ,group,ቡድን,high,ከፍተኛ,English-Amharic,Denies membership and belonging.,አባልነትን እና ተሳትፎን ይከለክላል።
2977,They are less than human.,ከሰው በታች ናቸው።,hate_speech,የጥላቻ ንግግር,dehumanization,ሰብዓዊነትን መንፈግ,Yes,አዎ አለ,group,ቡድን,high,ከፍተኛ,English-Amharic,Strips humanity from the target.,ሰውነትን ይክዳል።
2978,Every person should be heard.,እያንዳንዱ ሰው መሰማት አለበት።,safe,ጥሩ ንግግር,none,የለም,No,የለም,none,የለም,zero,ዜሮ,English-Amharic,"Affirms dignity, cooperation, and mutual respect.",ክብርን፣ ትብብርን እና መከባበርን ያበረታታል።
2979,You have no place among us.,ከእኛ መካከል ቦታ የለህም።,hate_speech,የጥላቻ ንግግር,belonging denial,አባልነትን መከልከል,Yes,አዎ አለ,group,ቡድን,high,ከፍተኛ,English-Amharic,Denies membership and belonging.,አባልነትን እና ተሳትፎን ይከለክላል።
2980,Everyone deserves dignity.,ሁሉም ሰው ክብር ይገባዋል።,safe,ጥሩ ንግግር,none,የለም,No,የለም,none,የለም,zero,ዜሮ,English-Amharic,"Affirms dignity, cooperation, and mutual respect.",ክብርን፣ ትብብርን እና መከባበርን ያበረታታል።
2981,People deserve fairness and care.,ሰዎች ፍትሃዊነት እና እንክብካቤ ይገባቸዋል።,safe,ጥሩ ንግግር,none,የለም,No,የለም,none,የለም,zero,ዜሮ,English-Amharic,"Affirms dignity, cooperation, and mutual respect.",ክብርን፣ ትብብርን እና መከባበርን ያበረታታል።
2982,We should speak respectfully.,በክብር መናገር አለብን።,safe,ጥሩ ንግግር,none,የለም,No,የለም,none,የለም,zero,ዜሮ,English-Amharic,"Affirms dignity, cooperation, and mutual respect.",ክብርን፣ ትብብርን እና መከባበርን ያበረታታል።
2983,Let us find a solution that works for everyone.,ለሁሉም የሚሰራ መፍትሄ እንፈልግ።,safe,ጥሩ ንግግር,none,የለም,No,የለም,none,የለም,zero,ዜሮ,English-Amharic,"Affirms dignity, cooperation, and mutual respect.",ክብርን፣ ትብብርን እና መከባበርን ያበረታታል።
2984,Let us find a solution that works for everyone.,ለሁሉም የሚሰራ መፍትሄ እንፈልግ።,safe,ጥሩ ንግግር,none,የለም,No,የለም,none,የለም,zero,ዜሮ,English-Amharic,"Affirms dignity, cooperation, and mutual respect.",ክብርን፣ ትብብርን እና መከባበርን ያበረታታል።
2985,Get out of our space.,ከቦታችን ውጣ።,hate_speech,የጥላቻ ንግግር,exclusion,ማግለል,Yes,አዎ አለ,group,ቡድን,high,ከፍተኛ,English-Amharic,Pushes removal and rejection.,ማግለልን እና መከልከልን ያበረታታል።
2986,You do not belong in this community.,በዚህ ማህበረሰብ ውስጥ አትገባም።,hate_speech,የጥላቻ ንግግር,belonging denial,አባልነትን መከልከል,Yes,አዎ አለ,group,ቡድን,high,ከፍተኛ,English-Amharic,Denies membership and belonging.,አባልነትን እና ተሳትፎን ይከለክላል።
2987,They are a danger to everyone.,እነሱ ለሁሉም ስጋት ናቸው።,hate_speech,የጥላቻ ንግግር,threat,ማስፈራሪያ,Yes,አዎ አለ,group,ቡድን,high,ከፍተኛ,English-Amharic,Frames the target as danger.,እንደ ስጋት ይቀርባል።
2988,We can disagree without hate.,ባንስማማም አለመጣላት እንችላለን።,safe,ጥሩ ንግግር,none,የለም,No,የለም,none,የለም,zero,ዜሮ,English-Amharic,"Affirms dignity, cooperation, and mutual respect.",ክብርን፣ ትብብርን እና መከባበርን ያበረታታል።
2989,People like them always cause trouble.,እንደ እነሱ ያሉ ሰዎች ሁልጊዜ ችግር ያመጣሉ።,hate_speech,የጥላቻ ንግግር,stereotyping,የተዛባ አመለካከት,Yes,አዎ አለ,group,ቡድን,low,ዝቅተኛ,English-Amharic,Uses harmful group stereotype.,ለአንድ ቡድን ያለ የተዛባ አመለካከት።
2990,Nobody wants to hear you.,ማንም ሊሰማሽ አይፈልግም።,hate_speech,የጥላቻ ንግግር,silencing,ዝም ማሰኘት,Yes,አዎ አለ,individual,ግለሰብ,low,ዝቅተኛ,English-Amharic,Suppresses participation and recognition.,ተሳትፎን እና እውቅናን ይከልክላል።
2991,A fair discussion includes every voice.,ፍትሃዊ ውይይት ሁሉንም ድምፅ ያካትታል።,safe,ጥሩ ንግግር,none,የለም,No,የለም,none,የለም,zero,ዜሮ,English-Amharic,"Affirms dignity, cooperation, and mutual respect.",ክብርን፣ ትብብርን እና መከባበርን ያበረታታል።
2992,They are less than human.,ከሰው በታች ናቸው።,hate_speech,የጥላቻ ንግግር,dehumanization,ሰብዓዊነትን መንፈግ,Yes,አዎ አለ,group,ቡድን,high,ከፍተኛ,English-Amharic,Strips humanity from the target.,ሰውነትን ይክዳል።
2993,We should treat people fairly.,ሰዎችን በፍትሃዊነት ማየት አለብን።,safe,ጥሩ ንግግር,none,የለም,No,የለም,none,የለም,zero,ዜሮ,English-Amharic,"Affirms dignity, cooperation, and mutual respect.",ክብርን፣ ትብብርን እና መከባበርን ያበረታታል።
2994,We should listen before judging.,ከመፍረድ በፊት ማዳመጥ አለብን።,safe,ጥሩ ንግግር,none,የለም,No,የለም,none,የለም,zero,ዜሮ,English-Amharic,"Affirms dignity, cooperation, and mutual respect.",ክብርን፣ ትብብርን እና መከባበርን ያበረታታል።
2995,We can solve this together.,ይህን በጋራ መፍታት እንችላለን።,safe,ጥሩ ንግግር,none,የለም,No,የለም,none,የለም,zero,ዜሮ,English-Amharic,"Affirms dignity, cooperation, and mutual respect.",ክብርን፣ ትብብርን እና መከባበርን ያበረታታል።
2996,We can solve this together.,ይህን በጋራ መፍታት እንችላለን።,safe,ጥሩ ንግግር,none,የለም,No,የለም,none,የለም,zero,ዜሮ,English-Amharic,"Affirms dignity, cooperation, and mutual respect.",ክብርን፣ ትብብርን እና መከባበርን ያበረታታል።
2997,We should listen before judging.,ከመፍረድ በፊት ማዳመጥ አለብን።,safe,ጥሩ ንግግር,none,የለም,No,የለም,none,የለም,zero,ዜሮ,English-Amharic,"Affirms dignity, cooperation, and mutual respect.",ክብርን፣ ትብብርን እና መከባበርን ያበረታታል።
2998,Leave our community now.,ከማህበረሰባችን አሁን ውጣ።,hate_speech,የጥላቻ ንግግር,exclusion,ማግለል,Yes,አዎ አለ,group,ቡድን,high,ከፍተኛ,English-Amharic,Pushes removal and rejection.,ማግለልን እና መከልከልን ያበረታታል።
2999,We should listen before judging.,ከመፍረድ በፊት ማዳመጥ አለብን።,safe,ጥሩ ንግግር,none,የለም,No,የለም,none,የለም,zero,ዜሮ,English-Amharic,"Affirms dignity, cooperation, and mutual respect.",ክብርን፣ ትብብርን እና መከባበርን ያበረታታል።
3000,We should listen before judging.,ከመፍረድ በፊት ማዳመጥ አለብን።,safe,ጥሩ ንግግር,none,የለም,No,የለም,none,የለም,zero,ዜሮ,English-Amharic,"Affirms dignity, cooperation, and mutual respect.",ክብርን፣ ትብብርን እና መከባበርን ያበረታታል።
3001,They are less than human.,ከሰው በታች ናቸው።,hate_speech,የጥላቻ ንግግር,dehumanization,ሰብዓዊነትን መንፈግ,Yes,አዎ አለ,group,ቡድን,high,ከፍተኛ,English-Amharic,Strips humanity from the target.,ሰውነትን ይክዳል።
3002,We should fear what they will do.,ምን እንደሚያደርጉ መፍራት አለብን።,hate_speech,የጥላቻ ንግግር,threat,ማስፈራሪያ,Yes,አዎ አለ,group,ቡድን,high,ከፍተኛ,English-Amharic,Frames the target as danger.,እንደ ስጋት ይቀርባል።
3003,Let us work for peace.,ለሰላም በጋራ እንስራ።,safe,ጥሩ ንግግር,none,የለም,No,የለም,none,የለም,zero,ዜሮ,English-Amharic,"Affirms dignity, cooperation, and mutual respect.",ክብርን፣ ትብብርን እና መከባበርን ያበረታታል።
3004,You should stay silent.,ዝም በይ።,hate_speech,የጥላቻ ንግግር,silencing,ዝም ማሰኘት,Yes,አዎ አለ,individual,ግለሰብ,low,ዝቅተኛ,English-Amharic,Suppresses participation and recognition.,ተሳትፎን እና እውቅናን ይከልክላል።
3005,Everyone has value in this room.,በዚህ ክፍል ያለ ሁሉም ሰው ዋጋ አለው።,safe,ጥሩ ንግግር,none,የለም,No,የለም,none,የለም,zero,ዜሮ,English-Amharic,"Affirms dignity, cooperation, and mutual respect.",ክብርን፣ ትብብርን እና መከባበርን ያበረታታል።
3006,You have no place among us.,ከእኛ መካከል ቦታ የለህም።,hate_speech,የጥላቻ ንግግር,belonging denial,አባልነትን መከልከል,Yes,አዎ አለ,group,ቡድን,high,ከፍተኛ,English-Amharic,Denies membership and belonging.,አባልነትን እና ተሳትፎን ይከለክላል።
3007,We should speak respectfully.,በክብር መናገር አለብን።,safe,ጥሩ ንግግር,none,የለም,No,የለም,none,የለም,zero,ዜሮ,English-Amharic,"Affirms dignity, cooperation, and mutual respect.",ክብርን፣ ትብብርን እና መከባበርን ያበረታታል።
3008,You have no place among us.,ከእኛ መካከል ቦታ የለህም።,hate_speech,የጥላቻ ንግግር,belonging denial,አባልነትን መከልከል,Yes,አዎ አለ,group,ቡድን,high,ከፍተኛ,English-Amharic,Denies membership and belonging.,አባልነትን እና ተሳትፎን ይከለክላል።
3009,Everyone has value in this room.,በዚህ ክፍል ያለ ሁሉም ሰው ዋጋ አለው።,safe,ጥሩ ንግግር,none,የለም,No,የለም,none,የለም,zero,ዜሮ,English-Amharic,"Affirms dignity, cooperation, and mutual respect.",ክብርን፣ ትብብርን እና መከባበርን ያበረታታል።
3010,People like them always cause trouble.,እንደ እነሱ ያሉ ሰዎች ሁልጊዜ ችግር ያመጣሉ።,hate_speech,የጥላቻ ንግግር,stereotyping,የተዛባ አመለካከት,Yes,አዎ አለ,group,ቡድን,low,ዝቅተኛ,English-Amharic,Uses harmful group stereotype.,ለአንድ ቡድን ያለ የተዛባ አመለካከት።
3011,We should listen before judging.,ከመፍረድ በፊት ማዳመጥ አለብን።,safe,ጥሩ ንግግር,none,የለም,No,የለም,none,የለም,zero,ዜሮ,English-Amharic,"Affirms dignity, cooperation, and mutual respect.",ክብርን፣ ትብብርን እና መከባበርን ያበረታታል።
3012,You do not belong here.,ይህ የእናንተ ቦታ አይደለም።,hate_speech,የጥላቻ ንግግር,belonging denial,አባልነትን መከልከል,Yes,አዎ አለ,group,ቡድን,high,ከፍተኛ,English-Amharic,Denies membership and belonging.,አባልነትን እና ተሳትፎን ይከለክላል።
3013,Let us work for peace.,ለሰላም በጋራ እንስራ።,safe,ጥሩ ንግግር,none,የለም,No,የለም,none,የለም,zero,ዜሮ,English-Amharic,"Affirms dignity, cooperation, and mutual respect.",ክብርን፣ ትብብርን እና መከባበርን ያበረታታል።
3014,We can disagree without hate.,ባንስማማም አለመጣላት እንችላለን።,safe,ጥሩ ንግግር,none,የለም,No,የለም,none,የለም,zero,ዜሮ,English-Amharic,"Affirms dignity, cooperation, and mutual respect.",ክብርን፣ ትብብርን እና መከባበርን ያበረታታል።
3015,People deserve fairness and care.,ሰዎች ፍትሃዊነት እና እንክብካቤ ይገባቸዋል።,safe,ጥሩ ንግግር,none,የለም,No,የለም,none,የለም,zero,ዜሮ,English-Amharic,"Affirms dignity, cooperation, and mutual respect.",ክብርን፣ ትብብርን እና መከባበርን ያበረታታል።
3016,Let us work for peace.,ለሰላም በጋራ እንስራ።,safe,ጥሩ ንግግር,none,የለም,No,የለም,none,የለም,zero,ዜሮ,English-Amharic,"Affirms dignity, cooperation, and mutual respect.",ክብርን፣ ትብብርን እና መከባበርን ያበረታታል።
3017,They are not fully human.,እነሱ ሙሉ ሰው አይደሉም።,hate_speech,የጥላቻ ንግግር,dehumanization,ሰብዓዊነትን መንፈግ,Yes,አዎ አለ,group,ቡድን,high,ከፍተኛ,English-Amharic,Strips humanity from the target.,ሰውነትን ይክዳል።
3018,Their kind always ruins everything.,የእነሱ ዓይነት ሁልጊዜ ሁሉንም ያበላሻል።,hate_speech,የጥላቻ ንግግር,stereotyping,የተዛባ አመለካከት,Yes,አዎ አለ,group,ቡድን,low,ዝቅተኛ,English-Amharic,Uses harmful group stereotype.,ለአንድ ቡድን ያለ የተዛባ አመለካከት።
3019,They are not fully human.,እነሱ ሙሉ ሰው አይደሉም።,hate_speech,የጥላቻ ንግግር,dehumanization,ሰብዓዊነትን መንፈግ,Yes,አዎ አለ,group,ቡድን,high,ከፍተኛ,English-Amharic,Strips humanity from the target.,ሰውነትን ይክዳል።
3020,Get out of our space.,ከቦታችን ውጣ።,hate_speech,የጥላቻ ንግግር,exclusion,ማግለል,Yes,አዎ አለ,group,ቡድን,high,ከፍተኛ,English-Amharic,Pushes removal and rejection.,ማግለልን እና መከልከልን ያበረታታል።
3021,Everyone deserves dignity.,ሁሉም ሰው ክብር ይገባዋል።,safe,ጥሩ ንግግር,none,የለም,No,የለም,none,የለም,zero,ዜሮ,English-Amharic,"Affirms dignity, cooperation, and mutual respect.",ክብርን፣ ትብብርን እና መከባበርን ያበረታታል።
3022,We can solve this together.,ይህን በጋራ መፍታት እንችላለን።,safe,ጥሩ ንግግር,none,የለም,No,የለም,none,የለም,zero,ዜሮ,English-Amharic,"Affirms dignity, cooperation, and mutual respect.",ክብርን፣ ትብብርን እና መከባበርን ያበረታታል።
3023,Your voice does not matter here.,እዚህ ድምፅሽ ዋጋ የለውም።,hate_speech,የጥላቻ ንግግር,silencing,ዝም ማሰኘት,Yes,አዎ አለ,individual,ግለሰብ,low,ዝቅተኛ,English-Amharic,Suppresses participation and recognition.,ተሳትፎን እና እውቅናን ይከልክላል።
3024,We should listen before judging.,ከመፍረድ በፊት ማዳመጥ አለብን።,safe,ጥሩ ንግግር,none,የለም,No,የለም,none,የለም,zero,ዜሮ,English-Amharic,"Affirms dignity, cooperation, and mutual respect.",ክብርን፣ ትብብርን እና መከባበርን ያበረታታል።
3025,People like them always cause trouble.,እንደ እነሱ ያሉ ሰዎች ሁልጊዜ ችግር ያመጣሉ።,hate_speech,የጥላቻ ንግግር,stereotyping,የተዛባ አመለካከት,Yes,አዎ አለ,group,ቡድን,low,ዝቅተኛ,English-Amharic,Uses harmful group stereotype.,ለአንድ ቡድን ያለ የተዛባ አመለካከት።
3026,We can disagree without hate.,ባንስማማም አለመጣላት እንችላለን።,safe,ጥሩ ንግግር,none,የለም,No,የለም,none,የለም,zero,ዜሮ,English-Amharic,"Affirms dignity, cooperation, and mutual respect.",ክብርን፣ ትብብርን እና መከባበርን ያበረታታል።
3027,Let us work for peace.,ለሰላም በጋራ እንስራ።,safe,ጥሩ ንግግር,none,የለም,No,የለም,none,የለም,zero,ዜሮ,English-Amharic,"Affirms dignity, cooperation, and mutual respect.",ክብርን፣ ትብብርን እና መከባበርን ያበረታታል።
3028,Leave our community now.,ከማህበረሰባችን አሁን ውጣ።,hate_speech,የጥላቻ ንግግር,exclusion,ማግለል,Yes,አዎ አለ,group,ቡድን,high,ከፍተኛ,English-Amharic,Pushes removal and rejection.,ማግለልን እና መከልከልን ያበረታታል።
3029,They are a danger to everyone.,እነሱ ለሁሉም ስጋት ናቸው።,hate_speech,የጥላቻ ንግግር,threat,ማስፈራሪያ,Yes,አዎ አለ,group,ቡድን,high,ከፍተኛ,English-Amharic,Frames the target as danger.,እንደ ስጋት ይቀርባል።
3030,Get out of our space.,ከቦታችን ውጣ።,hate_speech,የጥላቻ ንግግር,exclusion,ማግለል,Yes,አዎ አለ,group,ቡድን,high,ከፍተኛ,English-Amharic,Pushes removal and rejection.,ማግለልን እና መከልከልን ያበረታታል።
3031,Get out of our space.,ከቦታችን ውጣ።,hate_speech,የጥላቻ ንግግር,exclusion,ማግለል,Yes,አዎ አለ,group,ቡድን,high,ከፍተኛ,English-Amharic,Pushes removal and rejection.,ማግለልን እና መከልከልን ያበረታታል።
3032,Different views can still be handled kindly.,የተለያዩ አስተያየቶች በበጎ ሊታዩ ይችላሉ።,safe,ጥሩ ንግግር,none,የለም,No,የለም,none,የለም,zero,ዜሮ,English-Amharic,"Affirms dignity, cooperation, and mutual respect.",ክብርን፣ ትብብርን እና መከባበርን ያበረታታል።
3033,We should listen before judging.,ከመፍረድ በፊት ማዳመጥ አለብን።,safe,ጥሩ ንግግር,none,የለም,No,የለም,none,የለም,zero,ዜሮ,English-Amharic,"Affirms dignity, cooperation, and mutual respect.",ክብርን፣ ትብብርን እና መከባበርን ያበረታታል።
3034,We should treat people fairly.,ሰዎችን በፍትሃዊነት ማየት አለብን።,safe,ጥሩ ንግግር,none,የለም,No,የለም,none,የለም,zero,ዜሮ,English-Amharic,"Affirms dignity, cooperation, and mutual respect.",ክብርን፣ ትብብርን እና መከባበርን ያበረታታል።
3035,Everyone has value in this room.,በዚህ ክፍል ያለ ሁሉም ሰው ዋጋ አለው።,safe,ጥሩ ንግግር,none,የለም,No,የለም,none,የለም,zero,ዜሮ,English-Amharic,"Affirms dignity, cooperation, and mutual respect.",ክብርን፣ ትብብርን እና መከባበርን ያበረታታል።
3036,Different views can still be handled kindly.,የተለያዩ አስተያየቶች በበጎ ሊታዩ ይችላሉ።,safe,ጥሩ ንግግር,none,የለም,No,የለም,none,የለም,zero,ዜሮ,English-Amharic,"Affirms dignity, cooperation, and mutual respect.",ክብርን፣ ትብብርን እና መከባበርን ያበረታታል።
3037,Every person should be heard.,እያንዳንዱ ሰው መሰማት አለበት።,safe,ጥሩ ንግግር,none,የለም,No,የለም,none,የለም,zero,ዜሮ,English-Amharic,"Affirms dignity, cooperation, and mutual respect.",ክብርን፣ ትብብርን እና መከባበርን ያበረታታል።
3038,You should be pushed out.,መባረር አለብህ።,hate_speech,የጥላቻ ንግግር,exclusion,ማግለል,Yes,አዎ አለ,group,ቡድን,high,ከፍተኛ,English-Amharic,Pushes removal and rejection.,ማግለልን እና መከልከልን ያበረታታል።
3039,You should be pushed out.,መባረር አለብህ።,hate_speech,የጥላቻ ንግግር,exclusion,ማግለል,Yes,አዎ አለ,group,ቡድን,high,ከፍተኛ,English-Amharic,Pushes removal and rejection.,ማግለልን እና መከልከልን ያበረታታል።
3040,They are a danger to everyone.,እነሱ ለሁሉም ስጋት ናቸው።,hate_speech,የጥላቻ ንግግር,threat,ማስፈራሪያ,Yes,አዎ አለ,group,ቡድን,high,ከፍተኛ,English-Amharic,Frames the target as danger.,እንደ ስጋት ይቀርባል።
3041,Let us work for peace.,ለሰላም በጋራ እንስራ።,safe,ጥሩ ንግግር,none,የለም,No,የለም,none,የለም,zero,ዜሮ,English-Amharic,"Affirms dignity, cooperation, and mutual respect.",ክብርን፣ ትብብርን እና መከባበርን ያበረታታል።
3042,That group is always the problem.,ያ ቡድን ሁልጊዜ ችግር ነው።,hate_speech,የጥላቻ ንግግር,stereotyping,የተዛባ አመለካከት,Yes,አዎ አለ,group,ቡድን,low,ዝቅተኛ,English-Amharic,Uses harmful group stereotype.,ለአንድ ቡድን ያለ የተዛባ አመለካከት።
3043,They threaten our safety.,ደህንነታችንን ይሸብራሉ።,hate_speech,የጥላቻ ንግግር,threat,ማስፈራሪያ,Yes,አዎ አለ,group,ቡድን,high,ከፍተኛ,English-Amharic,Frames the target as danger.,እንደ ስጋት ይቀርባል።
3044,Leave our community now.,ከማህበረሰባችን አሁን ውጣ።,hate_speech,የጥላቻ ንግግር,exclusion,ማግለል,Yes,አዎ አለ,group,ቡድን,high,ከፍተኛ,English-Amharic,Pushes removal and rejection.,ማግለልን እና መከልከልን ያበረታታል።
3045,We can disagree without hate.,ባንስማማም አለመጣላት እንችላለን።,safe,ጥሩ ንግግር,none,የለም,No,የለም,none,የለም,zero,ዜሮ,English-Amharic,"Affirms dignity, cooperation, and mutual respect.",ክብርን፣ ትብብርን እና መከባበርን ያበረታታል።
3046,Let us find a solution that works for everyone.,ለሁሉም የሚሰራ መፍትሄ እንፈልግ።,safe,ጥሩ ንግግር,none,የለም,No,የለም,none,የለም,zero,ዜሮ,English-Amharic,"Affirms dignity, cooperation, and mutual respect.",ክብርን፣ ትብብርን እና መከባበርን ያበረታታል።
3047,You have no place among us.,ከእኛ መካከል ቦታ የለህም።,hate_speech,የጥላቻ ንግግር,belonging denial,አባልነትን መከልከል,Yes,አዎ አለ,group,ቡድን,high,ከፍተኛ,English-Amharic,Denies membership and belonging.,አባልነትን እና ተሳትፎን ይከለክላል።
3048,You have no place among us.,ከእኛ መካከል ቦታ የለህም።,hate_speech,የጥላቻ ንግግር,belonging denial,አባልነትን መከልከል,Yes,አዎ አለ,group,ቡድን,high,ከፍተኛ,English-Amharic,Denies membership and belonging.,አባልነትን እና ተሳትፎን ይከለክላል።
3049,Your voice does not matter here.,እዚህ ድምፅሽ ዋጋ የለውም።,hate_speech,የጥላቻ ንግግር,silencing,ዝም ማሰኘት,Yes,አዎ አለ,individual,ግለሰብ,low,ዝቅተኛ,English-Amharic,Suppresses participation and recognition.,ተሳትፎን እና እውቅናን ይከልክላል።
3050,Let us work for peace.,ለሰላም በጋራ እንስራ።,safe,ጥሩ ንግግር,none,የለም,No,የለም,none,የለም,zero,ዜሮ,English-Amharic,"Affirms dignity, cooperation, and mutual respect.",ክብርን፣ ትብብርን እና መከባበርን ያበረታታል።
3051,They are less than human.,ከሰው በታች ናቸው።,hate_speech,የጥላቻ ንግግር,dehumanization,ሰብዓዊነትን መንፈግ,Yes,አዎ አለ,group,ቡድን,high,ከፍተኛ,English-Amharic,Strips humanity from the target.,ሰውነትን ይክዳል።
3052,Different views can still be handled kindly.,የተለያዩ አስተያየቶች በበጎ ሊታዩ ይችላሉ።,safe,ጥሩ ንግግር,none,የለም,No,የለም,none,የለም,zero,ዜሮ,English-Amharic,"Affirms dignity, cooperation, and mutual respect.",ክብርን፣ ትብብርን እና መከባበርን ያበረታታል።
3053,We should listen before judging.,ከመፍረድ በፊት ማዳመጥ አለብን።,safe,ጥሩ ንግግር,none,የለም,No,የለም,none,የለም,zero,ዜሮ,English-Amharic,"Affirms dignity, cooperation, and mutual respect.",ክብርን፣ ትብብርን እና መከባበርን ያበረታታል።
3054,They are not fully human.,እነሱ ሙሉ ሰው አይደሉም።,hate_speech,የጥላቻ ንግግር,dehumanization,ሰብዓዊነትን መንፈግ,Yes,አዎ አለ,group,ቡድን,high,ከፍተኛ,English-Amharic,Strips humanity from the target.,ሰውነትን ይክዳል።
3055,A fair discussion includes every voice.,ፍትሃዊ ውይይት ሁሉንም ድምፅ ያካትታል።,safe,ጥሩ ንግግር,none,የለም,No,የለም,none,የለም,zero,ዜሮ,English-Amharic,"Affirms dignity, cooperation, and mutual respect.",ክብርን፣ ትብብርን እና መከባበርን ያበረታታል።
3056,Get out of our space.,ከቦታችን ውጣ።,hate_speech,የጥላቻ ንግግር,exclusion,ማግለል,Yes,አዎ አለ,group,ቡድን,high,ከፍተኛ,English-Amharic,Pushes removal and rejection.,ማግለልን እና መከልከልን ያበረታታል።
3057,Every person should be heard.,እያንዳንዱ ሰው መሰማት አለበት።,safe,ጥሩ ንግግር,none,የለም,No,የለም,none,የለም,zero,ዜሮ,English-Amharic,"Affirms dignity, cooperation, and mutual respect.",ክብርን፣ ትብብርን እና መከባበርን ያበረታታል።
3058,People deserve fairness and care.,ሰዎች ፍትሃዊነት እና እንክብካቤ ይገባቸዋል።,safe,ጥሩ ንግግር,none,የለም,No,የለም,none,የለም,zero,ዜሮ,English-Amharic,"Affirms dignity, cooperation, and mutual respect.",ክብርን፣ ትብብርን እና መከባበርን ያበረታታል።
3059,Everyone has value in this room.,በዚህ ክፍል ያለ ሁሉም ሰው ዋጋ አለው።,safe,ጥሩ ንግግር,none,የለም,No,የለም,none,የለም,zero,ዜሮ,English-Amharic,"Affirms dignity, cooperation, and mutual respect.",ክብርን፣ ትብብርን እና መከባበርን ያበረታታል።
3060,We should treat people fairly.,ሰዎችን በፍትሃዊነት ማየት አለብን።,safe,ጥሩ ንግግር,none,የለም,No,የለም,none,የለም,zero,ዜሮ,English-Amharic,"Affirms dignity, cooperation, and mutual respect.",ክብርን፣ ትብብርን እና መከባበርን ያበረታታል።
3061,We can disagree without hate.,ባንስማማም አለመጣላት እንችላለን።,safe,ጥሩ ንግግር,none,የለም,No,የለም,none,የለም,zero,ዜሮ,English-Amharic,"Affirms dignity, cooperation, and mutual respect.",ክብርን፣ ትብብርን እና መከባበርን ያበረታታል።
3062,Leave our community now.,ከማህበረሰባችን አሁን ውጣ።,hate_speech,የጥላቻ ንግግር,exclusion,ማግለል,Yes,አዎ አለ,group,ቡድን,high,ከፍተኛ,English-Amharic,Pushes removal and rejection.,ማግለልን እና መከልከልን ያበረታታል።
3063,Your voice does not matter here.,እዚህ ድምፅሽ ዋጋ የለውም።,hate_speech,የጥላቻ ንግግር,silencing,ዝም ማሰኘት,Yes,አዎ አለ,individual,ግለሰብ,low,ዝቅተኛ,English-Amharic,Suppresses participation and recognition.,ተሳትፎን እና እውቅናን ይከልክላል።
3064,We can disagree without hate.,ባንስማማም አለመጣላት እንችላለን።,safe,ጥሩ ንግግር,none,የለም,No,የለም,none,የለም,zero,ዜሮ,English-Amharic,"Affirms dignity, cooperation, and mutual respect.",ክብርን፣ ትብብርን እና መከባበርን ያበረታታል።
3065,Everyone deserves dignity.,ሁሉም ሰው ክብር ይገባዋል።,safe,ጥሩ ንግግር,none,የለም,No,የለም,none,የለም,zero,ዜሮ,English-Amharic,"Affirms dignity, cooperation, and mutual respect.",ክብርን፣ ትብብርን እና መከባበርን ያበረታታል።
3066,Different views can still be handled kindly.,የተለያዩ አስተያየቶች በበጎ ሊታዩ ይችላሉ።,safe,ጥሩ ንግግር,none,የለም,No,የለም,none,የለም,zero,ዜሮ,English-Amharic,"Affirms dignity, cooperation, and mutual respect.",ክብርን፣ ትብብርን እና መከባበርን ያበረታታል።
3067,We can solve this together.,ይህን በጋራ መፍታት እንችላለን።,safe,ጥሩ ንግግር,none,የለም,No,የለም,none,የለም,zero,ዜሮ,English-Amharic,"Affirms dignity, cooperation, and mutual respect.",ክብርን፣ ትብብርን እና መከባበርን ያበረታታል።
3068,They are not real people.,እውነተኛ ሰው አይደሉም።,hate_speech,የጥላቻ ንግግር,dehumanization,ሰብዓዊነትን መንፈግ,Yes,አዎ አለ,group,ቡድን,high,ከፍተኛ,English-Amharic,Strips humanity from the target.,ሰውነትን ይክዳል።
3069,We can solve this together.,ይህን በጋራ መፍታት እንችላለን።,safe,ጥሩ ንግግር,none,የለም,No,የለም,none,የለም,zero,ዜሮ,English-Amharic,"Affirms dignity, cooperation, and mutual respect.",ክብርን፣ ትብብርን እና መከባበርን ያበረታታል።
3070,People like them always cause trouble.,እንደ እነሱ ያሉ ሰዎች ሁልጊዜ ችግር ያመጣሉ።,hate_speech,የጥላቻ ንግግር,stereotyping,የተዛባ አመለካከት,Yes,አዎ አለ,group,ቡድን,low,ዝቅተኛ,English-Amharic,Uses harmful group stereotype.,ለአንድ ቡድን ያለ የተዛባ አመለካከት።
3071,Their kind always ruins everything.,የእነሱ ዓይነት ሁልጊዜ ሁሉንም ያበላሻል።,hate_speech,የጥላቻ ንግግር,stereotyping,የተዛባ አመለካከት,Yes,አዎ አለ,group,ቡድን,low,ዝቅተኛ,English-Amharic,Uses harmful group stereotype.,ለአንድ ቡድን ያለ የተዛባ አመለካከት።
3072,A fair discussion includes every voice.,ፍትሃዊ ውይይት ሁሉንም ድምፅ ያካትታል።,safe,ጥሩ ንግግር,none,የለም,No,የለም,none,የለም,zero,ዜሮ,English-Amharic,"Affirms dignity, cooperation, and mutual respect.",ክብርን፣ ትብብርን እና መከባበርን ያበረታታል።
3073,That group is always the problem.,ያ ቡድን ሁልጊዜ ችግር ነው።,hate_speech,የጥላቻ ንግግር,stereotyping,የተዛባ አመለካከት,Yes,አዎ አለ,group,ቡድን,low,ዝቅተኛ,English-Amharic,Uses harmful group stereotype.,ለአንድ ቡድን ያለ የተዛባ አመለካከት።
3074,We can disagree without hate.,ባንስማማም አለመጣላት እንችላለን።,safe,ጥሩ ንግግር,none,የለም,No,የለም,none,የለም,zero,ዜሮ,English-Amharic,"Affirms dignity, cooperation, and mutual respect.",ክብርን፣ ትብብርን እና መከባበርን ያበረታታል።
3075,We should fear what they will do.,ምን እንደሚያደርጉ መፍራት አለብን።,hate_speech,የጥላቻ ንግግር,threat,ማስፈራሪያ,Yes,አዎ አለ,group,ቡድን,high,ከፍተኛ,English-Amharic,Frames the target as danger.,እንደ ስጋት ይቀርባል።
3076,They are not real people.,እውነተኛ ሰው አይደሉም።,hate_speech,የጥላቻ ንግግር,dehumanization,ሰብዓዊነትን መንፈግ,Yes,አዎ አለ,group,ቡድን,high,ከፍተኛ,English-Amharic,Strips humanity from the target.,ሰውነትን ይክዳል።
3077,They are a danger to everyone.,እነሱ ለሁሉም ስጋት ናቸው።,hate_speech,የጥላቻ ንግግር,threat,ማስፈራሪያ,Yes,አዎ አለ,group,ቡድን,high,ከፍተኛ,English-Amharic,Frames the target as danger.,እንደ ስጋት ይቀርባል።
3078,You should be pushed out.,መባረር አለብህ።,hate_speech,የጥላቻ ንግግር,exclusion,ማግለል,Yes,አዎ አለ,group,ቡድን,high,ከፍተኛ,English-Amharic,Pushes removal and rejection.,ማግለልን እና መከልከልን ያበረታታል።
3079,You have no place among us.,ከእኛ መካከል ቦታ የለህም።,hate_speech,የጥላቻ ንግግር,belonging denial,አባልነትን መከልከል,Yes,አዎ አለ,group,ቡድን,high,ከፍተኛ,English-Amharic,Denies membership and belonging.,አባልነትን እና ተሳትፎን ይከለክላል።
3080,That group is always the problem.,ያ ቡድን ሁልጊዜ ችግር ነው።,hate_speech,የጥላቻ ንግግር,stereotyping,የተዛባ አመለካከት,Yes,አዎ አለ,group,ቡድን,low,ዝቅተኛ,English-Amharic,Uses harmful group stereotype.,ለአንድ ቡድን ያለ የተዛባ አመለካከት።
3081,Their kind always ruins everything.,የእነሱ ዓይነት ሁልጊዜ ሁሉንም ያበላሻል።,hate_speech,የጥላቻ ንግግር,stereotyping,የተዛባ አመለካከት,Yes,አዎ አለ,group,ቡድን,low,ዝቅተኛ,English-Amharic,Uses harmful group stereotype.,ለአንድ ቡድን ያለ የተዛባ አመለካከት።
3082,They threaten our safety.,ደህንነታችንን ይሸብራሉ።,hate_speech,የጥላቻ ንግግር,threat,ማስፈራሪያ,Yes,አዎ አለ,group,ቡድን,high,ከፍተኛ,English-Amharic,Frames the target as danger.,እንደ ስጋት ይቀርባል።
3083,We should speak respectfully.,በክብር መናገር አለብን።,safe,ጥሩ ንግግር,none,የለም,No,የለም,none,የለም,zero,ዜሮ,English-Amharic,"Affirms dignity, cooperation, and mutual respect.",ክብርን፣ ትብብርን እና መከባበርን ያበረታታል።
3084,You do not belong in this community.,በዚህ ማህበረሰብ ውስጥ አትገባም።,hate_speech,የጥላቻ ንግግር,belonging denial,አባልነትን መከልከል,Yes,አዎ አለ,group,ቡድን,high,ከፍተኛ,English-Amharic,Denies membership and belonging.,አባልነትን እና ተሳትፎን ይከለክላል።
3085,That group is always the problem.,ያ ቡድን ሁልጊዜ ችግር ነው።,hate_speech,የጥላቻ ንግግር,stereotyping,የተዛባ አመለካከት,Yes,አዎ አለ,group,ቡድን,low,ዝቅተኛ,English-Amharic,Uses harmful group stereotype.,ለአንድ ቡድን ያለ የተዛባ አመለካከት።
3086,That group is always the problem.,ያ ቡድን ሁልጊዜ ችግር ነው።,hate_speech,የጥላቻ ንግግር,stereotyping,የተዛባ አመለካከት,Yes,አዎ አለ,group,ቡድን,low,ዝቅተኛ,English-Amharic,Uses harmful group stereotype.,ለአንድ ቡድን ያለ የተዛባ አመለካከት።
3087,Different views can still be handled kindly.,የተለያዩ አስተያየቶች በበጎ ሊታዩ ይችላሉ።,safe,ጥሩ ንግግር,none,የለም,No,የለም,none,የለም,zero,ዜሮ,English-Amharic,"Affirms dignity, cooperation, and mutual respect.",ክብርን፣ ትብብርን እና መከባበርን ያበረታታል።
3088,Let us work for peace.,ለሰላም በጋራ እንስራ።,safe,ጥሩ ንግግር,none,የለም,No,የለም,none,የለም,zero,ዜሮ,English-Amharic,"Affirms dignity, cooperation, and mutual respect.",ክብርን፣ ትብብርን እና መከባበርን ያበረታታል።
3089,We should listen before judging.,ከመፍረድ በፊት ማዳመጥ አለብን።,safe,ጥሩ ንግግር,none,የለም,No,የለም,none,የለም,zero,ዜሮ,English-Amharic,"Affirms dignity, cooperation, and mutual respect.",ክብርን፣ ትብብርን እና መከባበርን ያበረታታል።
3090,That group is always the problem.,ያ ቡድን ሁልጊዜ ችግር ነው።,hate_speech,የጥላቻ ንግግር,stereotyping,የተዛባ አመለካከት,Yes,አዎ አለ,group,ቡድን,low,ዝቅተኛ,English-Amharic,Uses harmful group stereotype.,ለአንድ ቡድን ያለ የተዛባ አመለካከት።
3091,You have no place among us.,ከእኛ መካከል ቦታ የለህም።,hate_speech,የጥላቻ ንግግር,belonging denial,አባልነትን መከልከል,Yes,አዎ አለ,group,ቡድን,high,ከፍተኛ,English-Amharic,Denies membership and belonging.,አባልነትን እና ተሳትፎን ይከለክላል።
3092,You should be pushed out.,መባረር አለብህ።,hate_speech,የጥላቻ ንግግር,exclusion,ማግለል,Yes,አዎ አለ,group,ቡድን,high,ከፍተኛ,English-Amharic,Pushes removal and rejection.,ማግለልን እና መከልከልን ያበረታታል።
3093,They are less than human.,ከሰው በታች ናቸው።,hate_speech,የጥላቻ ንግግር,dehumanization,ሰብዓዊነትን መንፈግ,Yes,አዎ አለ,group,ቡድን,high,ከፍተኛ,English-Amharic,Strips humanity from the target.,ሰውነትን ይክዳል።
3094,Everyone has value in this room.,በዚህ ክፍል ያለ ሁሉም ሰው ዋጋ አለው።,safe,ጥሩ ንግግር,none,የለም,No,የለም,none,የለም,zero,ዜሮ,English-Amharic,"Affirms dignity, cooperation, and mutual respect.",ክብርን፣ ትብብርን እና መከባበርን ያበረታታል።
3095,Everyone deserves dignity.,ሁሉም ሰው ክብር ይገባዋል።,safe,ጥሩ ንግግር,none,የለም,No,የለም,none,የለም,zero,ዜሮ,English-Amharic,"Affirms dignity, cooperation, and mutual respect.",ክብርን፣ ትብብርን እና መከባበርን ያበረታታል።
3096,They are not real people.,እውነተኛ ሰው አይደሉም።,hate_speech,የጥላቻ ንግግር,dehumanization,ሰብዓዊነትን መንፈግ,Yes,አዎ አለ,group,ቡድን,high,ከፍተኛ,English-Amharic,Strips humanity from the target.,ሰውነትን ይክዳል።
3097,Respect helps communities grow stronger.,ክብር ማህበረሰቦችን ያጠናክራል።,safe,ጥሩ ንግግር,none,የለም,No,የለም,none,የለም,zero,ዜሮ,English-Amharic,"Affirms dignity, cooperation, and mutual respect.",ክብርን፣ ትብብርን እና መከባበርን ያበረታታል።
3098,Nobody wants to hear you.,ማንም ሊሰማሽ አይፈልግም።,hate_speech,የጥላቻ ንግግር,silencing,ዝም ማሰኘት,Yes,አዎ አለ,individual,ግለሰብ,low,ዝቅተኛ,English-Amharic,Suppresses participation and recognition.,ተሳትፎን እና እውቅናን ይከልክላል።
3099,They are not real people.,እውነተኛ ሰው አይደሉም።,hate_speech,የጥላቻ ንግግር,dehumanization,ሰብዓዊነትን መንፈግ,Yes,አዎ አለ,group,ቡድን,high,ከፍተኛ,English-Amharic,Strips humanity from the target.,ሰውነትን ይክዳል።
3100,Leave our community now.,ከማህበረሰባችን አሁን ውጣ።,hate_speech,የጥላቻ ንግግር,exclusion,ማግለል,Yes,አዎ አለ,group,ቡድን,high,ከፍተኛ,English-Amharic,Pushes removal and rejection.,ማግለልን እና መከልከልን ያበረታታል።
3101,You do not belong in this community.,በዚህ ማህበረሰብ ውስጥ አትገባም።,hate_speech,የጥላቻ ንግግር,belonging denial,አባልነትን መከልከል,Yes,አዎ አለ,group,ቡድን,high,ከፍተኛ,English-Amharic,Denies membership and belonging.,አባልነትን እና ተሳትፎን ይከለክላል።
3102,You do not belong in this community.,በዚህ ማህበረሰብ ውስጥ አትገባም።,hate_speech,የጥላቻ ንግግር,belonging denial,አባልነትን መከልከል,Yes,አዎ አለ,group,ቡድን,high,ከፍተኛ,English-Amharic,Denies membership and belonging.,አባልነትን እና ተሳትፎን ይከለክላል።
3103,Nobody wants to hear you.,ማንም ሊሰማሽ አይፈልግም።,hate_speech,የጥላቻ ንግግር,silencing,ዝም ማሰኘት,Yes,አዎ አለ,individual,ግለሰብ,low,ዝቅተኛ,English-Amharic,Suppresses participation and recognition.,ተሳትፎን እና እውቅናን ይከልክላል።
3104,Get out of our space.,ከቦታችን ውጣ።,hate_speech,የጥላቻ ንግግር,exclusion,ማግለል,Yes,አዎ አለ,group,ቡድን,high,ከፍተኛ,English-Amharic,Pushes removal and rejection.,ማግለልን እና መከልከልን ያበረታታል።
3105,Everyone has value in this room.,በዚህ ክፍል ያለ ሁሉም ሰው ዋጋ አለው።,safe,ጥሩ ንግግር,none,የለም,No,የለም,none,የለም,zero,ዜሮ,English-Amharic,"Affirms dignity, cooperation, and mutual respect.",ክብርን፣ ትብብርን እና መከባበርን ያበረታታል።
3106,We should speak respectfully.,በክብር መናገር አለብን።,safe,ጥሩ ንግግር,none,የለም,No,የለም,none,የለም,zero,ዜሮ,English-Amharic,"Affirms dignity, cooperation, and mutual respect.",ክብርን፣ ትብብርን እና መከባበርን ያበረታታል።
3107,Everyone has value in this room.,በዚህ ክፍል ያለ ሁሉም ሰው ዋጋ አለው።,safe,ጥሩ ንግግር,none,የለም,No,የለም,none,የለም,zero,ዜሮ,English-Amharic,"Affirms dignity, cooperation, and mutual respect.",ክብርን፣ ትብብርን እና መከባበርን ያበረታታል።
3108,You have no place among us.,ከእኛ መካከል ቦታ የለህም።,hate_speech,የጥላቻ ንግግር,belonging denial,አባልነትን መከልከል,Yes,አዎ አለ,group,ቡድን,high,ከፍተኛ,English-Amharic,Denies membership and belonging.,አባልነትን እና ተሳትፎን ይከለክላል።
3109,They are not real people.,እውነተኛ ሰው አይደሉም።,hate_speech,የጥላቻ ንግግር,dehumanization,ሰብዓዊነትን መንፈግ,Yes,አዎ አለ,group,ቡድን,high,ከፍተኛ,English-Amharic,Strips humanity from the target.,ሰውነትን ይክዳል።
3110,That group is always the problem.,ያ ቡድን ሁልጊዜ ችግር ነው።,hate_speech,የጥላቻ ንግግር,stereotyping,የተዛባ አመለካከት,Yes,አዎ አለ,group,ቡድን,low,ዝቅተኛ,English-Amharic,Uses harmful group stereotype.,ለአንድ ቡድን ያለ የተዛባ አመለካከት።
3111,That group is always the problem.,ያ ቡድን ሁልጊዜ ችግር ነው።,hate_speech,የጥላቻ ንግግር,stereotyping,የተዛባ አመለካከት,Yes,አዎ አለ,group,ቡድን,low,ዝቅተኛ,English-Amharic,Uses harmful group stereotype.,ለአንድ ቡድን ያለ የተዛባ አመለካከት።
3112,Everyone deserves dignity.,ሁሉም ሰው ክብር ይገባዋል።,safe,ጥሩ ንግግር,none,የለም,No,የለም,none,የለም,zero,ዜሮ,English-Amharic,"Affirms dignity, cooperation, and mutual respect.",ክብርን፣ ትብብርን እና መከባበርን ያበረታታል።
3113,Respect helps communities grow stronger.,ክብር ማህበረሰቦችን ያጠናክራል።,safe,ጥሩ ንግግር,none,የለም,No,የለም,none,የለም,zero,ዜሮ,English-Amharic,"Affirms dignity, cooperation, and mutual respect.",ክብርን፣ ትብብርን እና መከባበርን ያበረታታል።
3114,We should treat people fairly.,ሰዎችን በፍትሃዊነት ማየት አለብን።,safe,ጥሩ ንግግር,none,የለም,No,የለም,none,የለም,zero,ዜሮ,English-Amharic,"Affirms dignity, cooperation, and mutual respect.",ክብርን፣ ትብብርን እና መከባበርን ያበረታታል።
3115,Let us work for peace.,ለሰላም በጋራ እንስራ።,safe,ጥሩ ንግግር,none,የለም,No,የለም,none,የለም,zero,ዜሮ,English-Amharic,"Affirms dignity, cooperation, and mutual respect.",ክብርን፣ ትብብርን እና መከባበርን ያበረታታል።
3116,You do not belong here.,ይህ የእናንተ ቦታ አይደለም።,hate_speech,የጥላቻ ንግግር,belonging denial,አባልነትን መከልከል,Yes,አዎ አለ,group,ቡድን,high,ከፍተኛ,English-Amharic,Denies membership and belonging.,አባልነትን እና ተሳትፎን ይከለክላል።
3117,You should be pushed out.,መባረር አለብህ።,hate_speech,የጥላቻ ንግግር,exclusion,ማግለል,Yes,አዎ አለ,group,ቡድን,high,ከፍተኛ,English-Amharic,Pushes removal and rejection.,ማግለልን እና መከልከልን ያበረታታል።
3118,You have no place among us.,ከእኛ መካከል ቦታ የለህም።,hate_speech,የጥላቻ ንግግር,belonging denial,አባልነትን መከልከል,Yes,አዎ አለ,group,ቡድን,high,ከፍተኛ,English-Amharic,Denies membership and belonging.,አባልነትን እና ተሳትፎን ይከለክላል።
3119,We should listen before judging.,ከመፍረድ በፊት ማዳመጥ አለብን።,safe,ጥሩ ንግግር,none,የለም,No,የለም,none,የለም,zero,ዜሮ,English-Amharic,"Affirms dignity, cooperation, and mutual respect.",ክብርን፣ ትብብርን እና መከባበርን ያበረታታል።
3120,Leave our community now.,ከማህበረሰባችን አሁን ውጣ።,hate_speech,የጥላቻ ንግግር,exclusion,ማግለል,Yes,አዎ አለ,group,ቡድን,high,ከፍተኛ,English-Amharic,Pushes removal and rejection.,ማግለልን እና መከልከልን ያበረታታል።
3121,A fair discussion includes every voice.,ፍትሃዊ ውይይት ሁሉንም ድምፅ ያካትታል።,safe,ጥሩ ንግግር,none,የለም,No,የለም,none,የለም,zero,ዜሮ,English-Amharic,"Affirms dignity, cooperation, and mutual respect.",ክብርን፣ ትብብርን እና መከባበርን ያበረታታል።
3122,We can solve this together.,ይህን በጋራ መፍታት እንችላለን።,safe,ጥሩ ንግግር,none,የለም,No,የለም,none,የለም,zero,ዜሮ,English-Amharic,"Affirms dignity, cooperation, and mutual respect.",ክብርን፣ ትብብርን እና መከባበርን ያበረታታል።
3123,Respect helps communities grow stronger.,ክብር ማህበረሰቦችን ያጠናክራል።,safe,ጥሩ ንግግር,none,የለም,No,የለም,none,የለም,zero,ዜሮ,English-Amharic,"Affirms dignity, cooperation, and mutual respect.",ክብርን፣ ትብብርን እና መከባበርን ያበረታታል።
3124,They are not real people.,እውነተኛ ሰው አይደሉም።,hate_speech,የጥላቻ ንግግር,dehumanization,ሰብዓዊነትን መንፈግ,Yes,አዎ አለ,group,ቡድን,high,ከፍተኛ,English-Amharic,Strips humanity from the target.,ሰውነትን ይክዳል።
3125,You do not belong here.,ይህ የእናንተ ቦታ አይደለም።,hate_speech,የጥላቻ ንግግር,belonging denial,አባልነትን መከልከል,Yes,አዎ አለ,group,ቡድን,high,ከፍተኛ,English-Amharic,Denies membership and belonging.,አባልነትን እና ተሳትፎን ይከለክላል።
3126,Everyone deserves dignity.,ሁሉም ሰው ክብር ይገባዋል።,safe,ጥሩ ንግግር,none,የለም,No,የለም,none,የለም,zero,ዜሮ,English-Amharic,"Affirms dignity, cooperation, and mutual respect.",ክብርን፣ ትብብርን እና መከባበርን ያበረታታል።
3127,People deserve fairness and care.,ሰዎች ፍትሃዊነት እና እንክብካቤ ይገባቸዋል።,safe,ጥሩ ንግግር,none,የለም,No,የለም,none,የለም,zero,ዜሮ,English-Amharic,"Affirms dignity, cooperation, and mutual respect.",ክብርን፣ ትብብርን እና መከባበርን ያበረታታል።
3128,You do not belong in this community.,በዚህ ማህበረሰብ ውስጥ አትገባም።,hate_speech,የጥላቻ ንግግር,belonging denial,አባልነትን መከልከል,Yes,አዎ አለ,group,ቡድን,high,ከፍተኛ,English-Amharic,Denies membership and belonging.,አባልነትን እና ተሳትፎን ይከለክላል።
3129,That group is always the problem.,ያ ቡድን ሁልጊዜ ችግር ነው።,hate_speech,የጥላቻ ንግግር,stereotyping,የተዛባ አመለካከት,Yes,አዎ አለ,group,ቡድን,low,ዝቅተኛ,English-Amharic,Uses harmful group stereotype.,ለአንድ ቡድን ያለ የተዛባ አመለካከት።
3130,Everyone deserves dignity.,ሁሉም ሰው ክብር ይገባዋል።,safe,ጥሩ ንግግር,none,የለም,No,የለም,none,የለም,zero,ዜሮ,English-Amharic,"Affirms dignity, cooperation, and mutual respect.",ክብርን፣ ትብብርን እና መከባበርን ያበረታታል።
3131,You do not belong in this community.,በዚህ ማህበረሰብ ውስጥ አትገባም።,hate_speech,የጥላቻ ንግግር,belonging denial,አባልነትን መከልከል,Yes,አዎ አለ,group,ቡድን,high,ከፍተኛ,English-Amharic,Denies membership and belonging.,አባልነትን እና ተሳትፎን ይከለክላል።
3132,Nobody wants to hear you.,ማንም ሊሰማሽ አይፈልግም።,hate_speech,የጥላቻ ንግግር,silencing,ዝም ማሰኘት,Yes,አዎ አለ,individual,ግለሰብ,low,ዝቅተኛ,English-Amharic,Suppresses participation and recognition.,ተሳትፎን እና እውቅናን ይከልክላል።
3133,We can solve this together.,ይህን በጋራ መፍታት እንችላለን።,safe,ጥሩ ንግግር,none,የለም,No,የለም,none,የለም,zero,ዜሮ,English-Amharic,"Affirms dignity, cooperation, and mutual respect.",ክብርን፣ ትብብርን እና መከባበርን ያበረታታል።
3134,Leave our community now.,ከማህበረሰባችን አሁን ውጣ።,hate_speech,የጥላቻ ንግግር,exclusion,ማግለል,Yes,አዎ አለ,group,ቡድን,high,ከፍተኛ,English-Amharic,Pushes removal and rejection.,ማግለልን እና መከልከልን ያበረታታል።
3135,Let us find a solution that works for everyone.,ለሁሉም የሚሰራ መፍትሄ እንፈልግ።,safe,ጥሩ ንግግር,none,የለም,No,የለም,none,የለም,zero,ዜሮ,English-Amharic,"Affirms dignity, cooperation, and mutual respect.",ክብርን፣ ትብብርን እና መከባበርን ያበረታታል።
3136,They are not fully human.,እነሱ ሙሉ ሰው አይደሉም።,hate_speech,የጥላቻ ንግግር,dehumanization,ሰብዓዊነትን መንፈግ,Yes,አዎ አለ,group,ቡድን,high,ከፍተኛ,English-Amharic,Strips humanity from the target.,ሰውነትን ይክዳል።
3137,They are less than human.,ከሰው በታች ናቸው።,hate_speech,የጥላቻ ንግግር,dehumanization,ሰብዓዊነትን መንፈግ,Yes,አዎ አለ,group,ቡድን,high,ከፍተኛ,English-Amharic,Strips humanity from the target.,ሰውነትን ይክዳል።
3138,Let us find a solution that works for everyone.,ለሁሉም የሚሰራ መፍትሄ እንፈልግ።,safe,ጥሩ ንግግር,none,የለም,No,የለም,none,የለም,zero,ዜሮ,English-Amharic,"Affirms dignity, cooperation, and mutual respect.",ክብርን፣ ትብብርን እና መከባበርን ያበረታታል።
3139,We can solve this together.,ይህን በጋራ መፍታት እንችላለን።,safe,ጥሩ ንግግር,none,የለም,No,የለም,none,የለም,zero,ዜሮ,English-Amharic,"Affirms dignity, cooperation, and mutual respect.",ክብርን፣ ትብብርን እና መከባበርን ያበረታታል።
3140,We should listen before judging.,ከመፍረድ በፊት ማዳመጥ አለብን።,safe,ጥሩ ንግግር,none,የለም,No,የለም,none,የለም,zero,ዜሮ,English-Amharic,"Affirms dignity, cooperation, and mutual respect.",ክብርን፣ ትብብርን እና መከባበርን ያበረታታል።
3141,Your voice does not matter here.,እዚህ ድምፅሽ ዋጋ የለውም።,hate_speech,የጥላቻ ንግግር,silencing,ዝም ማሰኘት,Yes,አዎ አለ,individual,ግለሰብ,low,ዝቅተኛ,English-Amharic,Suppresses participation and recognition.,ተሳትፎን እና እውቅናን ይከልክላል።
3142,We should correct mistakes without humiliation.,ሰዎችን ሳናዋርድ ስህተትን ማስተካከል አለብን።,safe,ጥሩ ንግግር,none,የለም,No,የለም,none,የለም,zero,ዜሮ,English-Amharic,"Affirms dignity, cooperation, and mutual respect.",ክብርን፣ ትብብርን እና መከባበርን ያበረታታል።
3143,Respect helps communities grow stronger.,ክብር ማህበረሰቦችን ያጠናክራል።,safe,ጥሩ ንግግር,none,የለም,No,የለም,none,የለም,zero,ዜሮ,English-Amharic,"Affirms dignity, cooperation, and mutual respect.",ክብርን፣ ትብብርን እና መከባበርን ያበረታታል።
3144,Every person should be heard.,እያንዳንዱ ሰው መሰማት አለበት።,safe,ጥሩ ንግግር,none,የለም,No,የለም,none,የለም,zero,ዜሮ,English-Amharic,"Affirms dignity, cooperation, and mutual respect.",ክብርን፣ ትብብርን እና መከባበርን ያበረታታል።
3145,We can disagree without hate.,ባንስማማም አለመጣላት እንችላለን።,safe,ጥሩ ንግግር,none,የለም,No,የለም,none,የለም,zero,ዜሮ,English-Amharic,"Affirms dignity, cooperation, and mutual respect.",ክብርን፣ ትብብርን እና መከባበርን ያበረታታል።
3146,You do not belong here.,ይህ የእናንተ ቦታ አይደለም።,hate_speech,የጥላቻ ንግግር,belonging denial,አባልነትን መከልከል,Yes,አዎ አለ,group,ቡድን,high,ከፍተኛ,English-Amharic,Denies membership and belonging.,አባልነትን እና ተሳትፎን ይከለክላል።
3147,Let us work for peace.,ለሰላም በጋራ እንስራ።,safe,ጥሩ ንግግር,none,የለም,No,የለም,none,የለም,zero,ዜሮ,English-Amharic,"Affirms dignity, cooperation, and mutual respect.",ክብርን፣ ትብብርን እና መከባበርን ያበረታታል።
3148,Let us find a solution that works for everyone.,ለሁሉም የሚሰራ መፍትሄ እንፈልግ።,safe,ጥሩ ንግግር,none,የለም,No,የለም,none,የለም,zero,ዜሮ,English-Amharic,"Affirms dignity, cooperation, and mutual respect.",ክብርን፣ ትብብርን እና መከባበርን ያበረታታል።
3149,A fair discussion includes every voice.,ፍትሃዊ ውይይት ሁሉንም ድምፅ ያካትታል።,safe,ጥሩ ንግግር,none,የለም,No,የለም,none,የለም,zero,ዜሮ,English-Amharic,"Affirms dignity, cooperation, and mutual respect.",ክብርን፣ ትብብርን እና መከባበርን ያበረታታል።
3150,Let us work for peace.,ለሰላም በጋራ እንስራ።,safe,ጥሩ ንግግር,none,የለም,No,የለም,none,የለም,zero,ዜሮ,English-Amharic,"Affirms dignity, cooperation, and mutual respect.",ክብርን፣ ትብብርን እና መከባበርን ያበረታታል።
3151,We can disagree without hate.,ባንስማማም አለመጣላት እንችላለን።,safe,ጥሩ ንግግር,none,የለም,No,የለም,none,የለም,zero,ዜሮ,English-Amharic,"Affirms dignity, cooperation, and mutual respect.",ክብርን፣ ትብብርን እና መከባበርን ያበረታታል።
3152,We should correct mistakes without humiliation.,ሰዎችን ሳናዋርድ ስህተትን ማስተካከል አለብን።,safe,ጥሩ ንግግር,none,የለም,No,የለም,none,የለም,zero,ዜሮ,English-Amharic,"Affirms dignity, cooperation, and mutual respect.",ክብርን፣ ትብብርን እና መከባበርን ያበረታታል።
3153,We should speak respectfully.,በክብር መናገር አለብን።,safe,ጥሩ ንግግር,none,የለም,No,የለም,none,የለም,zero,ዜሮ,English-Amharic,"Affirms dignity, cooperation, and mutual respect.",ክብርን፣ ትብብርን እና መከባበርን ያበረታታል።
3154,We should listen before judging.,ከመፍረድ በፊት ማዳመጥ አለብን።,safe,ጥሩ ንግግር,none,የለም,No,የለም,none,የለም,zero,ዜሮ,English-Amharic,"Affirms dignity, cooperation, and mutual respect.",ክብርን፣ ትብብርን እና መከባበርን ያበረታታል።
3155,You should stay silent.,ዝም በይ።,hate_speech,የጥላቻ ንግግር,silencing,ዝም ማሰኘት,Yes,አዎ አለ,individual,ግለሰብ,low,ዝቅተኛ,English-Amharic,Suppresses participation and recognition.,ተሳትፎን እና እውቅናን ይከልክላል።
3156,Leave our community now.,ከማህበረሰባችን አሁን ውጣ።,hate_speech,የጥላቻ ንግግር,exclusion,ማግለል,Yes,አዎ አለ,group,ቡድን,high,ከፍተኛ,English-Amharic,Pushes removal and rejection.,ማግለልን እና መከልከልን ያበረታታል።
3157,Everyone has value in this room.,በዚህ ክፍል ያለ ሁሉም ሰው ዋጋ አለው።,safe,ጥሩ ንግግር,none,የለም,No,የለም,none,የለም,zero,ዜሮ,English-Amharic,"Affirms dignity, cooperation, and mutual respect.",ክብርን፣ ትብብርን እና መከባበርን ያበረታታል።
3158,They are less than human.,ከሰው በታች ናቸው።,hate_speech,የጥላቻ ንግግር,dehumanization,ሰብዓዊነትን መንፈግ,Yes,አዎ አለ,group,ቡድን,high,ከፍተኛ,English-Amharic,Strips humanity from the target.,ሰውነትን ይክዳል።
3159,Get out of our space.,ከቦታችን ውጣ።,hate_speech,የጥላቻ ንግግር,exclusion,ማግለል,Yes,አዎ አለ,group,ቡድን,high,ከፍተኛ,English-Amharic,Pushes removal and rejection.,ማግለልን እና መከልከልን ያበረታታል።
3160,Let us find a solution that works for everyone.,ለሁሉም የሚሰራ መፍትሄ እንፈልግ።,safe,ጥሩ ንግግር,none,የለም,No,የለም,none,የለም,zero,ዜሮ,English-Amharic,"Affirms dignity, cooperation, and mutual respect.",ክብርን፣ ትብብርን እና መከባበርን ያበረታታል።
3161,People like them always cause trouble.,እንደ እነሱ ያሉ ሰዎች ሁልጊዜ ችግር ያመጣሉ።,hate_speech,የጥላቻ ንግግር,stereotyping,የተዛባ አመለካከት,Yes,አዎ አለ,group,ቡድን,low,ዝቅተኛ,English-Amharic,Uses harmful group stereotype.,ለአንድ ቡድን ያለ የተዛባ አመለካከት።
3162,You should stay silent.,ዝም በይ።,hate_speech,የጥላቻ ንግግር,silencing,ዝም ማሰኘት,Yes,አዎ አለ,individual,ግለሰብ,low,ዝቅተኛ,English-Amharic,Suppresses participation and recognition.,ተሳትፎን እና እውቅናን ይከልክላል።
3163,Different views can still be handled kindly.,የተለያዩ አስተያየቶች በበጎ ሊታዩ ይችላሉ።,safe,ጥሩ ንግግር,none,የለም,No,የለም,none,የለም,zero,ዜሮ,English-Amharic,"Affirms dignity, cooperation, and mutual respect.",ክብርን፣ ትብብርን እና መከባበርን ያበረታታል።
3164,Nobody wants to hear you.,ማንም ሊሰማሽ አይፈልግም።,hate_speech,የጥላቻ ንግግር,silencing,ዝም ማሰኘት,Yes,አዎ አለ,individual,ግለሰብ,low,ዝቅተኛ,English-Amharic,Suppresses participation and recognition.,ተሳትፎን እና እውቅናን ይከልክላል።
3165,Leave our community now.,ከማህበረሰባችን አሁን ውጣ።,hate_speech,የጥላቻ ንግግር,exclusion,ማግለል,Yes,አዎ አለ,group,ቡድን,high,ከፍተኛ,English-Amharic,Pushes removal and rejection.,ማግለልን እና መከልከልን ያበረታታል።
3166,Let us find a solution that works for everyone.,ለሁሉም የሚሰራ መፍትሄ እንፈልግ።,safe,ጥሩ ንግግር,none,የለም,No,የለም,none,የለም,zero,ዜሮ,English-Amharic,"Affirms dignity, cooperation, and mutual respect.",ክብርን፣ ትብብርን እና መከባበርን ያበረታታል።
3167,They are not fully human.,እነሱ ሙሉ ሰው አይደሉም።,hate_speech,የጥላቻ ንግግር,dehumanization,ሰብዓዊነትን መንፈግ,Yes,አዎ አለ,group,ቡድን,high,ከፍተኛ,English-Amharic,Strips humanity from the target.,ሰውነትን ይክዳል።
3168,Their kind always ruins everything.,የእነሱ ዓይነት ሁልጊዜ ሁሉንም ያበላሻል።,hate_speech,የጥላቻ ንግግር,stereotyping,የተዛባ አመለካከት,Yes,አዎ አለ,group,ቡድን,low,ዝቅተኛ,English-Amharic,Uses harmful group stereotype.,ለአንድ ቡድን ያለ የተዛባ አመለካከት።
3169,That group is always the problem.,ያ ቡድን ሁልጊዜ ችግር ነው።,hate_speech,የጥላቻ ንግግር,stereotyping,የተዛባ አመለካከት,Yes,አዎ አለ,group,ቡድን,low,ዝቅተኛ,English-Amharic,Uses harmful group stereotype.,ለአንድ ቡድን ያለ የተዛባ አመለካከት።
3170,We should correct mistakes without humiliation.,ሰዎችን ሳናዋርድ ስህተትን ማስተካከል አለብን።,safe,ጥሩ ንግግር,none,የለም,No,የለም,none,የለም,zero,ዜሮ,English-Amharic,"Affirms dignity, cooperation, and mutual respect.",ክብርን፣ ትብብርን እና መከባበርን ያበረታታል።
3171,Let us find a solution that works for everyone.,ለሁሉም የሚሰራ መፍትሄ እንፈልግ።,safe,ጥሩ ንግግር,none,የለም,No,የለም,none,የለም,zero,ዜሮ,English-Amharic,"Affirms dignity, cooperation, and mutual respect.",ክብርን፣ ትብብርን እና መከባበርን ያበረታታል።
3172,Their kind always ruins everything.,የእነሱ ዓይነት ሁልጊዜ ሁሉንም ያበላሻል።,hate_speech,የጥላቻ ንግግር,stereotyping,የተዛባ አመለካከት,Yes,አዎ አለ,group,ቡድን,low,ዝቅተኛ,English-Amharic,Uses harmful group stereotype.,ለአንድ ቡድን ያለ የተዛባ አመለካከት።
3173,We should fear what they will do.,ምን እንደሚያደርጉ መፍራት አለብን።,hate_speech,የጥላቻ ንግግር,threat,ማስፈራሪያ,Yes,አዎ አለ,group,ቡድን,high,ከፍተኛ,English-Amharic,Frames the target as danger.,እንደ ስጋት ይቀርባል።
3174,They are less than human.,ከሰው በታች ናቸው።,hate_speech,የጥላቻ ንግግር,dehumanization,ሰብዓዊነትን መንፈግ,Yes,አዎ አለ,group,ቡድን,high,ከፍተኛ,English-Amharic,Strips humanity from the target.,ሰውነትን ይክዳል።
3175,You have no place among us.,ከእኛ መካከል ቦታ የለህም።,hate_speech,የጥላቻ ንግግር,belonging denial,አባልነትን መከልከል,Yes,አዎ አለ,group,ቡድን,high,ከፍተኛ,English-Amharic,Denies membership and belonging.,አባልነትን እና ተሳትፎን ይከለክላል።
3176,Let us find a solution that works for everyone.,ለሁሉም የሚሰራ መፍትሄ እንፈልግ።,safe,ጥሩ ንግግር,none,የለም,No,የለም,none,የለም,zero,ዜሮ,English-Amharic,"Affirms dignity, cooperation, and mutual respect.",ክብርን፣ ትብብርን እና መከባበርን ያበረታታል።
3177,You should be pushed out.,መባረር አለብህ።,hate_speech,የጥላቻ ንግግር,exclusion,ማግለል,Yes,አዎ አለ,group,ቡድን,high,ከፍተኛ,English-Amharic,Pushes removal and rejection.,ማግለልን እና መከልከልን ያበረታታል።
3178,Every person should be heard.,እያንዳንዱ ሰው መሰማት አለበት።,safe,ጥሩ ንግግር,none,የለም,No,የለም,none,የለም,zero,ዜሮ,English-Amharic,"Affirms dignity, cooperation, and mutual respect.",ክብርን፣ ትብብርን እና መከባበርን ያበረታታል።
3179,Everyone has value in this room.,በዚህ ክፍል ያለ ሁሉም ሰው ዋጋ አለው።,safe,ጥሩ ንግግር,none,የለም,No,የለም,none,የለም,zero,ዜሮ,English-Amharic,"Affirms dignity, cooperation, and mutual respect.",ክብርን፣ ትብብርን እና መከባበርን ያበረታታል።
3180,You have no place among us.,ከእኛ መካከል ቦታ የለህም።,hate_speech,የጥላቻ ንግግር,belonging denial,አባልነትን መከልከል,Yes,አዎ አለ,group,ቡድን,high,ከፍተኛ,English-Amharic,Denies membership and belonging.,አባልነትን እና ተሳትፎን ይከለክላል።
3181,We should speak respectfully.,በክብር መናገር አለብን።,safe,ጥሩ ንግግር,none,የለም,No,የለም,none,የለም,zero,ዜሮ,English-Amharic,"Affirms dignity, cooperation, and mutual respect.",ክብርን፣ ትብብርን እና መከባበርን ያበረታታል።
3182,They are not real people.,እውነተኛ ሰው አይደሉም።,hate_speech,የጥላቻ ንግግር,dehumanization,ሰብዓዊነትን መንፈግ,Yes,አዎ አለ,group,ቡድን,high,ከፍተኛ,English-Amharic,Strips humanity from the target.,ሰውነትን ይክዳል።
3183,Everyone has value in this room.,በዚህ ክፍል ያለ ሁሉም ሰው ዋጋ አለው።,safe,ጥሩ ንግግር,none,የለም,No,የለም,none,የለም,zero,ዜሮ,English-Amharic,"Affirms dignity, cooperation, and mutual respect.",ክብርን፣ ትብብርን እና መከባበርን ያበረታታል።
3184,Everyone deserves dignity.,ሁሉም ሰው ክብር ይገባዋል።,safe,ጥሩ ንግግር,none,የለም,No,የለም,none,የለም,zero,ዜሮ,English-Amharic,"Affirms dignity, cooperation, and mutual respect.",ክብርን፣ ትብብርን እና መከባበርን ያበረታታል።
3185,Get out of our space.,ከቦታችን ውጣ።,hate_speech,የጥላቻ ንግግር,exclusion,ማግለል,Yes,አዎ አለ,group,ቡድን,high,ከፍተኛ,English-Amharic,Pushes removal and rejection.,ማግለልን እና መከልከልን ያበረታታል።
3186,You do not belong in this community.,በዚህ ማህበረሰብ ውስጥ አትገባም።,hate_speech,የጥላቻ ንግግር,belonging denial,አባልነትን መከልከል,Yes,አዎ አለ,group,ቡድን,high,ከፍተኛ,English-Amharic,Denies membership and belonging.,አባልነትን እና ተሳትፎን ይከለክላል።
3187,Respect helps communities grow stronger.,ክብር ማህበረሰቦችን ያጠናክራል።,safe,ጥሩ ንግግር,none,የለም,No,የለም,none,የለም,zero,ዜሮ,English-Amharic,"Affirms dignity, cooperation, and mutual respect.",ክብርን፣ ትብብርን እና መከባበርን ያበረታታል።
3188,Different views can still be handled kindly.,የተለያዩ አስተያየቶች በበጎ ሊታዩ ይችላሉ።,safe,ጥሩ ንግግር,none,የለም,No,የለም,none,የለም,zero,ዜሮ,English-Amharic,"Affirms dignity, cooperation, and mutual respect.",ክብርን፣ ትብብርን እና መከባበርን ያበረታታል።
3189,They are not fully human.,እነሱ ሙሉ ሰው አይደሉም።,hate_speech,የጥላቻ ንግግር,dehumanization,ሰብዓዊነትን መንፈግ,Yes,አዎ አለ,group,ቡድን,high,ከፍተኛ,English-Amharic,Strips humanity from the target.,ሰውነትን ይክዳል።
3190,They threaten our safety.,ደህንነታችንን ይሸብራሉ።,hate_speech,የጥላቻ ንግግር,threat,ማስፈራሪያ,Yes,አዎ አለ,group,ቡድን,high,ከፍተኛ,English-Amharic,Frames the target as danger.,እንደ ስጋት ይቀርባል።
3191,You do not belong here.,ይህ የእናንተ ቦታ አይደለም።,hate_speech,የጥላቻ ንግግር,belonging denial,አባልነትን መከልከል,Yes,አዎ አለ,group,ቡድን,high,ከፍተኛ,English-Amharic,Denies membership and belonging.,አባልነትን እና ተሳትፎን ይከለክላል።
3192,Get out of our space.,ከቦታችን ውጣ።,hate_speech,የጥላቻ ንግግር,exclusion,ማግለል,Yes,አዎ አለ,group,ቡድን,high,ከፍተኛ,English-Amharic,Pushes removal and rejection.,ማግለልን እና መከልከልን ያበረታታል።
3193,They are less than human.,ከሰው በታች ናቸው።,hate_speech,የጥላቻ ንግግር,dehumanization,ሰብዓዊነትን መንፈግ,Yes,አዎ አለ,group,ቡድን,high,ከፍተኛ,English-Amharic,Strips humanity from the target.,ሰውነትን ይክዳል።
3194,You should stay silent.,ዝም በይ።,hate_speech,የጥላቻ ንግግር,silencing,ዝም ማሰኘት,Yes,አዎ አለ,individual,ግለሰብ,low,ዝቅተኛ,English-Amharic,Suppresses participation and recognition.,ተሳትፎን እና እውቅናን ይከልክላል።
3195,You have no place among us.,ከእኛ መካከል ቦታ የለህም።,hate_speech,የጥላቻ ንግግር,belonging denial,አባልነትን መከልከል,Yes,አዎ አለ,group,ቡድን,high,ከፍተኛ,English-Amharic,Denies membership and belonging.,አባልነትን እና ተሳትፎን ይከለክላል።
3196,We should treat people fairly.,ሰዎችን በፍትሃዊነት ማየት አለብን።,safe,ጥሩ ንግግር,none,የለም,No,የለም,none,የለም,zero,ዜሮ,English-Amharic,"Affirms dignity, cooperation, and mutual respect.",ክብርን፣ ትብብርን እና መከባበርን ያበረታታል።
3197,We should speak respectfully.,በክብር መናገር አለብን።,safe,ጥሩ ንግግር,none,የለም,No,የለም,none,የለም,zero,ዜሮ,English-Amharic,"Affirms dignity, cooperation, and mutual respect.",ክብርን፣ ትብብርን እና መከባበርን ያበረታታል።
3198,We should speak respectfully.,በክብር መናገር አለብን።,safe,ጥሩ ንግግር,none,የለም,No,የለም,none,የለም,zero,ዜሮ,English-Amharic,"Affirms dignity, cooperation, and mutual respect.",ክብርን፣ ትብብርን እና መከባበርን ያበረታታል።
3199,Get out of our space.,ከቦታችን ውጣ።,hate_speech,የጥላቻ ንግግር,exclusion,ማግለል,Yes,አዎ አለ,group,ቡድን,high,ከፍተኛ,English-Amharic,Pushes removal and rejection.,ማግለልን እና መከልከልን ያበረታታል።
3200,Different views can still be handled kindly.,የተለያዩ አስተያየቶች በበጎ ሊታዩ ይችላሉ።,safe,ጥሩ ንግግር,none,የለም,No,የለም,none,የለም,zero,ዜሮ,English-Amharic,"Affirms dignity, cooperation, and mutual respect.",ክብርን፣ ትብብርን እና መከባበርን ያበረታታል።
3201,They threaten our safety.,ደህንነታችንን ይሸብራሉ።,hate_speech,የጥላቻ ንግግር,threat,ማስፈራሪያ,Yes,አዎ አለ,group,ቡድን,high,ከፍተኛ,English-Amharic,Frames the target as danger.,እንደ ስጋት ይቀርባል።
3202,They are not real people.,እውነተኛ ሰው አይደሉም።,hate_speech,የጥላቻ ንግግር,dehumanization,ሰብዓዊነትን መንፈግ,Yes,አዎ አለ,group,ቡድን,high,ከፍተኛ,English-Amharic,Strips humanity from the target.,ሰውነትን ይክዳል።
3203,They are not real people.,እውነተኛ ሰው አይደሉም።,hate_speech,የጥላቻ ንግግር,dehumanization,ሰብዓዊነትን መንፈግ,Yes,አዎ አለ,group,ቡድን,high,ከፍተኛ,English-Amharic,Strips humanity from the target.,ሰውነትን ይክዳል።
3204,People deserve fairness and care.,ሰዎች ፍትሃዊነት እና እንክብካቤ ይገባቸዋል።,safe,ጥሩ ንግግር,none,የለም,No,የለም,none,የለም,zero,ዜሮ,English-Amharic,"Affirms dignity, cooperation, and mutual respect.",ክብርን፣ ትብብርን እና መከባበርን ያበረታታል።
3205,Leave our community now.,ከማህበረሰባችን አሁን ውጣ።,hate_speech,የጥላቻ ንግግር,exclusion,ማግለል,Yes,አዎ አለ,group,ቡድን,high,ከፍተኛ,English-Amharic,Pushes removal and rejection.,ማግለልን እና መከልከልን ያበረታታል።
3206,We should fear what they will do.,ምን እንደሚያደርጉ መፍራት አለብን።,hate_speech,የጥላቻ ንግግር,threat,ማስፈራሪያ,Yes,አዎ አለ,group,ቡድን,high,ከፍተኛ,English-Amharic,Frames the target as danger.,እንደ ስጋት ይቀርባል።
3207,We should correct mistakes without humiliation.,ሰዎችን ሳናዋርድ ስህተትን ማስተካከል አለብን።,safe,ጥሩ ንግግር,none,የለም,No,የለም,none,የለም,zero,ዜሮ,English-Amharic,"Affirms dignity, cooperation, and mutual respect.",ክብርን፣ ትብብርን እና መከባበርን ያበረታታል።
3208,Your voice does not matter here.,እዚህ ድምፅሽ ዋጋ የለውም።,hate_speech,የጥላቻ ንግግር,silencing,ዝም ማሰኘት,Yes,አዎ አለ,individual,ግለሰብ,low,ዝቅተኛ,English-Amharic,Suppresses participation and recognition.,ተሳትፎን እና እውቅናን ይከልክላል።
3209,Every person should be heard.,እያንዳንዱ ሰው መሰማት አለበት።,safe,ጥሩ ንግግር,none,የለም,No,የለም,none,የለም,zero,ዜሮ,English-Amharic,"Affirms dignity, cooperation, and mutual respect.",ክብርን፣ ትብብርን እና መከባበርን ያበረታታል።
3210,Every person should be heard.,እያንዳንዱ ሰው መሰማት አለበት።,safe,ጥሩ ንግግር,none,የለም,No,የለም,none,የለም,zero,ዜሮ,English-Amharic,"Affirms dignity, cooperation, and mutual respect.",ክብርን፣ ትብብርን እና መከባበርን ያበረታታል።
3211,Everyone has value in this room.,በዚህ ክፍል ያለ ሁሉም ሰው ዋጋ አለው።,safe,ጥሩ ንግግር,none,የለም,No,የለም,none,የለም,zero,ዜሮ,English-Amharic,"Affirms dignity, cooperation, and mutual respect.",ክብርን፣ ትብብርን እና መከባበርን ያበረታታል።
3212,We should treat people fairly.,ሰዎችን በፍትሃዊነት ማየት አለብን።,safe,ጥሩ ንግግር,none,የለም,No,የለም,none,የለም,zero,ዜሮ,English-Amharic,"Affirms dignity, cooperation, and mutual respect.",ክብርን፣ ትብብርን እና መከባበርን ያበረታታል።
3213,Get out of our space.,ከቦታችን ውጣ።,hate_speech,የጥላቻ ንግግር,exclusion,ማግለል,Yes,አዎ አለ,group,ቡድን,high,ከፍተኛ,English-Amharic,Pushes removal and rejection.,ማግለልን እና መከልከልን ያበረታታል።
3214,Respect helps communities grow stronger.,ክብር ማህበረሰቦችን ያጠናክራል።,safe,ጥሩ ንግግር,none,የለም,No,የለም,none,የለም,zero,ዜሮ,English-Amharic,"Affirms dignity, cooperation, and mutual respect.",ክብርን፣ ትብብርን እና መከባበርን ያበረታታል።
3215,A fair discussion includes every voice.,ፍትሃዊ ውይይት ሁሉንም ድምፅ ያካትታል።,safe,ጥሩ ንግግር,none,የለም,No,የለም,none,የለም,zero,ዜሮ,English-Amharic,"Affirms dignity, cooperation, and mutual respect.",ክብርን፣ ትብብርን እና መከባበርን ያበረታታል።
3216,We should listen before judging.,ከመፍረድ በፊት ማዳመጥ አለብን።,safe,ጥሩ ንግግር,none,የለም,No,የለም,none,የለም,zero,ዜሮ,English-Amharic,"Affirms dignity, cooperation, and mutual respect.",ክብርን፣ ትብብርን እና መከባበርን ያበረታታል።
3217,They are not real people.,እውነተኛ ሰው አይደሉም።,hate_speech,የጥላቻ ንግግር,dehumanization,ሰብዓዊነትን መንፈግ,Yes,አዎ አለ,group,ቡድን,high,ከፍተኛ,English-Amharic,Strips humanity from the target.,ሰውነትን ይክዳል።
3218,You do not belong here.,ይህ የእናንተ ቦታ አይደለም።,hate_speech,የጥላቻ ንግግር,belonging denial,አባልነትን መከልከል,Yes,አዎ አለ,group,ቡድን,high,ከፍተኛ,English-Amharic,Denies membership and belonging.,አባልነትን እና ተሳትፎን ይከለክላል።
3219,Your voice does not matter here.,እዚህ ድምፅሽ ዋጋ የለውም።,hate_speech,የጥላቻ ንግግር,silencing,ዝም ማሰኘት,Yes,አዎ አለ,individual,ግለሰብ,low,ዝቅተኛ,English-Amharic,Suppresses participation and recognition.,ተሳትፎን እና እውቅናን ይከልክላል።
3220,You do not belong in this community.,በዚህ ማህበረሰብ ውስጥ አትገባም።,hate_speech,የጥላቻ ንግግር,belonging denial,አባልነትን መከልከል,Yes,አዎ አለ,group,ቡድን,high,ከፍተኛ,English-Amharic,Denies membership and belonging.,አባልነትን እና ተሳትፎን ይከለክላል።
3221,Let us find a solution that works for everyone.,ለሁሉም የሚሰራ መፍትሄ እንፈልግ።,safe,ጥሩ ንግግር,none,የለም,No,የለም,none,የለም,zero,ዜሮ,English-Amharic,"Affirms dignity, cooperation, and mutual respect.",ክብርን፣ ትብብርን እና መከባበርን ያበረታታል።
3222,We should fear what they will do.,ምን እንደሚያደርጉ መፍራት አለብን።,hate_speech,የጥላቻ ንግግር,threat,ማስፈራሪያ,Yes,አዎ አለ,group,ቡድን,high,ከፍተኛ,English-Amharic,Frames the target as danger.,እንደ ስጋት ይቀርባል።
3223,People like them always cause trouble.,እንደ እነሱ ያሉ ሰዎች ሁልጊዜ ችግር ያመጣሉ።,hate_speech,የጥላቻ ንግግር,stereotyping,የተዛባ አመለካከት,Yes,አዎ አለ,group,ቡድን,low,ዝቅተኛ,English-Amharic,Uses harmful group stereotype.,ለአንድ ቡድን ያለ የተዛባ አመለካከት።
3224,Their kind always ruins everything.,የእነሱ ዓይነት ሁልጊዜ ሁሉንም ያበላሻል።,hate_speech,የጥላቻ ንግግር,stereotyping,የተዛባ አመለካከት,Yes,አዎ አለ,group,ቡድን,low,ዝቅተኛ,English-Amharic,Uses harmful group stereotype.,ለአንድ ቡድን ያለ የተዛባ አመለካከት።
3225,Let us find a solution that works for everyone.,ለሁሉም የሚሰራ መፍትሄ እንፈልግ።,safe,ጥሩ ንግግር,none,የለም,No,የለም,none,የለም,zero,ዜሮ,English-Amharic,"Affirms dignity, cooperation, and mutual respect.",ክብርን፣ ትብብርን እና መከባበርን ያበረታታል።
3226,They are a danger to everyone.,እነሱ ለሁሉም ስጋት ናቸው።,hate_speech,የጥላቻ ንግግር,threat,ማስፈራሪያ,Yes,አዎ አለ,group,ቡድን,high,ከፍተኛ,English-Amharic,Frames the target as danger.,እንደ ስጋት ይቀርባል።
3227,Respect helps communities grow stronger.,ክብር ማህበረሰቦችን ያጠናክራል።,safe,ጥሩ ንግግር,none,የለም,No,የለም,none,የለም,zero,ዜሮ,English-Amharic,"Affirms dignity, cooperation, and mutual respect.",ክብርን፣ ትብብርን እና መከባበርን ያበረታታል።
3228,You do not belong in this community.,በዚህ ማህበረሰብ ውስጥ አትገባም።,hate_speech,የጥላቻ ንግግር,belonging denial,አባልነትን መከልከል,Yes,አዎ አለ,group,ቡድን,high,ከፍተኛ,English-Amharic,Denies membership and belonging.,አባልነትን እና ተሳትፎን ይከለክላል።
3229,They are less than human.,ከሰው በታች ናቸው።,hate_speech,የጥላቻ ንግግር,dehumanization,ሰብዓዊነትን መንፈግ,Yes,አዎ አለ,group,ቡድን,high,ከፍተኛ,English-Amharic,Strips humanity from the target.,ሰውነትን ይክዳል።
3230,People deserve fairness and care.,ሰዎች ፍትሃዊነት እና እንክብካቤ ይገባቸዋል።,safe,ጥሩ ንግግር,none,የለም,No,የለም,none,የለም,zero,ዜሮ,English-Amharic,"Affirms dignity, cooperation, and mutual respect.",ክብርን፣ ትብብርን እና መከባበርን ያበረታታል።
3231,We can disagree without hate.,ባንስማማም አለመጣላት እንችላለን።,safe,ጥሩ ንግግር,none,የለም,No,የለም,none,የለም,zero,ዜሮ,English-Amharic,"Affirms dignity, cooperation, and mutual respect.",ክብርን፣ ትብብርን እና መከባበርን ያበረታታል።
3232,Leave our community now.,ከማህበረሰባችን አሁን ውጣ።,hate_speech,የጥላቻ ንግግር,exclusion,ማግለል,Yes,አዎ አለ,group,ቡድን,high,ከፍተኛ,English-Amharic,Pushes removal and rejection.,ማግለልን እና መከልከልን ያበረታታል።
3233,We should correct mistakes without humiliation.,ሰዎችን ሳናዋርድ ስህተትን ማስተካከል አለብን።,safe,ጥሩ ንግግር,none,የለም,No,የለም,none,የለም,zero,ዜሮ,English-Amharic,"Affirms dignity, cooperation, and mutual respect.",ክብርን፣ ትብብርን እና መከባበርን ያበረታታል።
3234,You do not belong in this community.,በዚህ ማህበረሰብ ውስጥ አትገባም።,hate_speech,የጥላቻ ንግግር,belonging denial,አባልነትን መከልከል,Yes,አዎ አለ,group,ቡድን,high,ከፍተኛ,English-Amharic,Denies membership and belonging.,አባልነትን እና ተሳትፎን ይከለክላል።
3235,A fair discussion includes every voice.,ፍትሃዊ ውይይት ሁሉንም ድምፅ ያካትታል።,safe,ጥሩ ንግግር,none,የለም,No,የለም,none,የለም,zero,ዜሮ,English-Amharic,"Affirms dignity, cooperation, and mutual respect.",ክብርን፣ ትብብርን እና መከባበርን ያበረታታል።
3236,Respect helps communities grow stronger.,ክብር ማህበረሰቦችን ያጠናክራል።,safe,ጥሩ ንግግር,none,የለም,No,የለም,none,የለም,zero,ዜሮ,English-Amharic,"Affirms dignity, cooperation, and mutual respect.",ክብርን፣ ትብብርን እና መከባበርን ያበረታታል።
3237,That group is always the problem.,ያ ቡድን ሁልጊዜ ችግር ነው።,hate_speech,የጥላቻ ንግግር,stereotyping,የተዛባ አመለካከት,Yes,አዎ አለ,group,ቡድን,low,ዝቅተኛ,English-Amharic,Uses harmful group stereotype.,ለአንድ ቡድን ያለ የተዛባ አመለካከት።
3238,A fair discussion includes every voice.,ፍትሃዊ ውይይት ሁሉንም ድምፅ ያካትታል።,safe,ጥሩ ንግግር,none,የለም,No,የለም,none,የለም,zero,ዜሮ,English-Amharic,"Affirms dignity, cooperation, and mutual respect.",ክብርን፣ ትብብርን እና መከባበርን ያበረታታል።
3239,Nobody wants to hear you.,ማንም ሊሰማሽ አይፈልግም።,hate_speech,የጥላቻ ንግግር,silencing,ዝም ማሰኘት,Yes,አዎ አለ,individual,ግለሰብ,low,ዝቅተኛ,English-Amharic,Suppresses participation and recognition.,ተሳትፎን እና እውቅናን ይከልክላል።
3240,Their kind always ruins everything.,የእነሱ ዓይነት ሁልጊዜ ሁሉንም ያበላሻል።,hate_speech,የጥላቻ ንግግር,stereotyping,የተዛባ አመለካከት,Yes,አዎ አለ,group,ቡድን,low,ዝቅተኛ,English-Amharic,Uses harmful group stereotype.,ለአንድ ቡድን ያለ የተዛባ አመለካከት።
3241,Let us find a solution that works for everyone.,ለሁሉም የሚሰራ መፍትሄ እንፈልግ።,safe,ጥሩ ንግግር,none,የለም,No,የለም,none,የለም,zero,ዜሮ,English-Amharic,"Affirms dignity, cooperation, and mutual respect.",ክብርን፣ ትብብርን እና መከባበርን ያበረታታል።
3242,We should correct mistakes without humiliation.,ሰዎችን ሳናዋርድ ስህተትን ማስተካከል አለብን።,safe,ጥሩ ንግግር,none,የለም,No,የለም,none,የለም,zero,ዜሮ,English-Amharic,"Affirms dignity, cooperation, and mutual respect.",ክብርን፣ ትብብርን እና መከባበርን ያበረታታል።
3243,Different views can still be handled kindly.,የተለያዩ አስተያየቶች በበጎ ሊታዩ ይችላሉ።,safe,ጥሩ ንግግር,none,የለም,No,የለም,none,የለም,zero,ዜሮ,English-Amharic,"Affirms dignity, cooperation, and mutual respect.",ክብርን፣ ትብብርን እና መከባበርን ያበረታታል።
3244,Their kind always ruins everything.,የእነሱ ዓይነት ሁልጊዜ ሁሉንም ያበላሻል።,hate_speech,የጥላቻ ንግግር,stereotyping,የተዛባ አመለካከት,Yes,አዎ አለ,group,ቡድን,low,ዝቅተኛ,English-Amharic,Uses harmful group stereotype.,ለአንድ ቡድን ያለ የተዛባ አመለካከት።
3245,Different views can still be handled kindly.,የተለያዩ አስተያየቶች በበጎ ሊታዩ ይችላሉ።,safe,ጥሩ ንግግር,none,የለም,No,የለም,none,የለም,zero,ዜሮ,English-Amharic,"Affirms dignity, cooperation, and mutual respect.",ክብርን፣ ትብብርን እና መከባበርን ያበረታታል።
3246,You should stay silent.,ዝም በይ።,hate_speech,የጥላቻ ንግግር,silencing,ዝም ማሰኘት,Yes,አዎ አለ,individual,ግለሰብ,low,ዝቅተኛ,English-Amharic,Suppresses participation and recognition.,ተሳትፎን እና እውቅናን ይከልክላል።
3247,Every person should be heard.,እያንዳንዱ ሰው መሰማት አለበት።,safe,ጥሩ ንግግር,none,የለም,No,የለም,none,የለም,zero,ዜሮ,English-Amharic,"Affirms dignity, cooperation, and mutual respect.",ክብርን፣ ትብብርን እና መከባበርን ያበረታታል።
3248,Your voice does not matter here.,እዚህ ድምፅሽ ዋጋ የለውም።,hate_speech,የጥላቻ ንግግር,silencing,ዝም ማሰኘት,Yes,አዎ አለ,individual,ግለሰብ,low,ዝቅተኛ,English-Amharic,Suppresses participation and recognition.,ተሳትፎን እና እውቅናን ይከልክላል።
3249,You do not belong here.,ይህ የእናንተ ቦታ አይደለም።,hate_speech,የጥላቻ ንግግር,belonging denial,አባልነትን መከልከል,Yes,አዎ አለ,group,ቡድን,high,ከፍተኛ,English-Amharic,Denies membership and belonging.,አባልነትን እና ተሳትፎን ይከለክላል።
3250,They are not real people.,እውነተኛ ሰው አይደሉም።,hate_speech,የጥላቻ ንግግር,dehumanization,ሰብዓዊነትን መንፈግ,Yes,አዎ አለ,group,ቡድን,high,ከፍተኛ,English-Amharic,Strips humanity from the target.,ሰውነትን ይክዳል።
3251,You should stay silent.,ዝም በይ።,hate_speech,የጥላቻ ንግግር,silencing,ዝም ማሰኘት,Yes,አዎ አለ,individual,ግለሰብ,low,ዝቅተኛ,English-Amharic,Suppresses participation and recognition.,ተሳትፎን እና እውቅናን ይከልክላል።
3252,They are not real people.,እውነተኛ ሰው አይደሉም።,hate_speech,የጥላቻ ንግግር,dehumanization,ሰብዓዊነትን መንፈግ,Yes,አዎ አለ,group,ቡድን,high,ከፍተኛ,English-Amharic,Strips humanity from the target.,ሰውነትን ይክዳል።
3253,We can solve this together.,ይህን በጋራ መፍታት እንችላለን።,safe,ጥሩ ንግግር,none,የለም,No,የለም,none,የለም,zero,ዜሮ,English-Amharic,"Affirms dignity, cooperation, and mutual respect.",ክብርን፣ ትብብርን እና መከባበርን ያበረታታል።
3254,We should listen before judging.,ከመፍረድ በፊት ማዳመጥ አለብን።,safe,ጥሩ ንግግር,none,የለም,No,የለም,none,የለም,zero,ዜሮ,English-Amharic,"Affirms dignity, cooperation, and mutual respect.",ክብርን፣ ትብብርን እና መከባበርን ያበረታታል።
3255,Your voice does not matter here.,እዚህ ድምፅሽ ዋጋ የለውም።,hate_speech,የጥላቻ ንግግር,silencing,ዝም ማሰኘት,Yes,አዎ አለ,individual,ግለሰብ,low,ዝቅተኛ,English-Amharic,Suppresses participation and recognition.,ተሳትፎን እና እውቅናን ይከልክላል።
3256,We should treat people fairly.,ሰዎችን በፍትሃዊነት ማየት አለብን።,safe,ጥሩ ንግግር,none,የለም,No,የለም,none,የለም,zero,ዜሮ,English-Amharic,"Affirms dignity, cooperation, and mutual respect.",ክብርን፣ ትብብርን እና መከባበርን ያበረታታል።
3257,We should listen before judging.,ከመፍረድ በፊት ማዳመጥ አለብን።,safe,ጥሩ ንግግር,none,የለም,No,የለም,none,የለም,zero,ዜሮ,English-Amharic,"Affirms dignity, cooperation, and mutual respect.",ክብርን፣ ትብብርን እና መከባበርን ያበረታታል።
3258,That group is always the problem.,ያ ቡድን ሁልጊዜ ችግር ነው።,hate_speech,የጥላቻ ንግግር,stereotyping,የተዛባ አመለካከት,Yes,አዎ አለ,group,ቡድን,low,ዝቅተኛ,English-Amharic,Uses harmful group stereotype.,ለአንድ ቡድን ያለ የተዛባ አመለካከት።
3259,Nobody wants to hear you.,ማንም ሊሰማሽ አይፈልግም።,hate_speech,የጥላቻ ንግግር,silencing,ዝም ማሰኘት,Yes,አዎ አለ,individual,ግለሰብ,low,ዝቅተኛ,English-Amharic,Suppresses participation and recognition.,ተሳትፎን እና እውቅናን ይከልክላል።
3260,You do not belong here.,ይህ የእናንተ ቦታ አይደለም።,hate_speech,የጥላቻ ንግግር,belonging denial,አባልነትን መከልከል,Yes,አዎ አለ,group,ቡድን,high,ከፍተኛ,English-Amharic,Denies membership and belonging.,አባልነትን እና ተሳትፎን ይከለክላል።
3261,A fair discussion includes every voice.,ፍትሃዊ ውይይት ሁሉንም ድምፅ ያካትታል።,safe,ጥሩ ንግግር,none,የለም,No,የለም,none,የለም,zero,ዜሮ,English-Amharic,"Affirms dignity, cooperation, and mutual respect.",ክብርን፣ ትብብርን እና መከባበርን ያበረታታል።
3262,You should stay silent.,ዝም በይ።,hate_speech,የጥላቻ ንግግር,silencing,ዝም ማሰኘት,Yes,አዎ አለ,individual,ግለሰብ,low,ዝቅተኛ,English-Amharic,Suppresses participation and recognition.,ተሳትፎን እና እውቅናን ይከልክላል።
3263,They are not real people.,እውነተኛ ሰው አይደሉም።,hate_speech,የጥላቻ ንግግር,dehumanization,ሰብዓዊነትን መንፈግ,Yes,አዎ አለ,group,ቡድን,high,ከፍተኛ,English-Amharic,Strips humanity from the target.,ሰውነትን ይክዳል።
3264,They threaten our safety.,ደህንነታችንን ይሸብራሉ።,hate_speech,የጥላቻ ንግግር,threat,ማስፈራሪያ,Yes,አዎ አለ,group,ቡድን,high,ከፍተኛ,English-Amharic,Frames the target as danger.,እንደ ስጋት ይቀርባል።
3265,Different views can still be handled kindly.,የተለያዩ አስተያየቶች በበጎ ሊታዩ ይችላሉ።,safe,ጥሩ ንግግር,none,የለም,No,የለም,none,የለም,zero,ዜሮ,English-Amharic,"Affirms dignity, cooperation, and mutual respect.",ክብርን፣ ትብብርን እና መከባበርን ያበረታታል።
3266,You do not belong in this community.,በዚህ ማህበረሰብ ውስጥ አትገባም።,hate_speech,የጥላቻ ንግግር,belonging denial,አባልነትን መከልከል,Yes,አዎ አለ,group,ቡድን,high,ከፍተኛ,English-Amharic,Denies membership and belonging.,አባልነትን እና ተሳትፎን ይከለክላል።
3267,They are not real people.,እውነተኛ ሰው አይደሉም።,hate_speech,የጥላቻ ንግግር,dehumanization,ሰብዓዊነትን መንፈግ,Yes,አዎ አለ,group,ቡድን,high,ከፍተኛ,English-Amharic,Strips humanity from the target.,ሰውነትን ይክዳል።
3268,Leave our community now.,ከማህበረሰባችን አሁን ውጣ።,hate_speech,የጥላቻ ንግግር,exclusion,ማግለል,Yes,አዎ አለ,group,ቡድን,high,ከፍተኛ,English-Amharic,Pushes removal and rejection.,ማግለልን እና መከልከልን ያበረታታል።
3269,That group is always the problem.,ያ ቡድን ሁልጊዜ ችግር ነው።,hate_speech,የጥላቻ ንግግር,stereotyping,የተዛባ አመለካከት,Yes,አዎ አለ,group,ቡድን,low,ዝቅተኛ,English-Amharic,Uses harmful group stereotype.,ለአንድ ቡድን ያለ የተዛባ አመለካከት።
3270,People like them always cause trouble.,እንደ እነሱ ያሉ ሰዎች ሁልጊዜ ችግር ያመጣሉ።,hate_speech,የጥላቻ ንግግር,stereotyping,የተዛባ አመለካከት,Yes,አዎ አለ,group,ቡድን,low,ዝቅተኛ,English-Amharic,Uses harmful group stereotype.,ለአንድ ቡድን ያለ የተዛባ አመለካከት።
3271,We should correct mistakes without humiliation.,ሰዎችን ሳናዋርድ ስህተትን ማስተካከል አለብን።,safe,ጥሩ ንግግር,none,የለም,No,የለም,none,የለም,zero,ዜሮ,English-Amharic,"Affirms dignity, cooperation, and mutual respect.",ክብርን፣ ትብብርን እና መከባበርን ያበረታታል።
3272,Respect helps communities grow stronger.,ክብር ማህበረሰቦችን ያጠናክራል።,safe,ጥሩ ንግግር,none,የለም,No,የለም,none,የለም,zero,ዜሮ,English-Amharic,"Affirms dignity, cooperation, and mutual respect.",ክብርን፣ ትብብርን እና መከባበርን ያበረታታል።
3273,They threaten our safety.,ደህንነታችንን ይሸብራሉ።,hate_speech,የጥላቻ ንግግር,threat,ማስፈራሪያ,Yes,አዎ አለ,group,ቡድን,high,ከፍተኛ,English-Amharic,Frames the target as danger.,እንደ ስጋት ይቀርባል።
3274,They threaten our safety.,ደህንነታችንን ይሸብራሉ።,hate_speech,የጥላቻ ንግግር,threat,ማስፈራሪያ,Yes,አዎ አለ,group,ቡድን,high,ከፍተኛ,English-Amharic,Frames the target as danger.,እንደ ስጋት ይቀርባል።
3275,A fair discussion includes every voice.,ፍትሃዊ ውይይት ሁሉንም ድምፅ ያካትታል።,safe,ጥሩ ንግግር,none,የለም,No,የለም,none,የለም,zero,ዜሮ,English-Amharic,"Affirms dignity, cooperation, and mutual respect.",ክብርን፣ ትብብርን እና መከባበርን ያበረታታል።
3276,Let us work for peace.,ለሰላም በጋራ እንስራ።,safe,ጥሩ ንግግር,none,የለም,No,የለም,none,የለም,zero,ዜሮ,English-Amharic,"Affirms dignity, cooperation, and mutual respect.",ክብርን፣ ትብብርን እና መከባበርን ያበረታታል።
3277,Your voice does not matter here.,እዚህ ድምፅሽ ዋጋ የለውም።,hate_speech,የጥላቻ ንግግር,silencing,ዝም ማሰኘት,Yes,አዎ አለ,individual,ግለሰብ,low,ዝቅተኛ,English-Amharic,Suppresses participation and recognition.,ተሳትፎን እና እውቅናን ይከልክላል።
3278,You have no place among us.,ከእኛ መካከል ቦታ የለህም።,hate_speech,የጥላቻ ንግግር,belonging denial,አባልነትን መከልከል,Yes,አዎ አለ,group,ቡድን,high,ከፍተኛ,English-Amharic,Denies membership and belonging.,አባልነትን እና ተሳትፎን ይከለክላል።
3279,We should listen before judging.,ከመፍረድ በፊት ማዳመጥ አለብን።,safe,ጥሩ ንግግር,none,የለም,No,የለም,none,የለም,zero,ዜሮ,English-Amharic,"Affirms dignity, cooperation, and mutual respect.",ክብርን፣ ትብብርን እና መከባበርን ያበረታታል።
3280,Their kind always ruins everything.,የእነሱ ዓይነት ሁልጊዜ ሁሉንም ያበላሻል።,hate_speech,የጥላቻ ንግግር,stereotyping,የተዛባ አመለካከት,Yes,አዎ አለ,group,ቡድን,low,ዝቅተኛ,English-Amharic,Uses harmful group stereotype.,ለአንድ ቡድን ያለ የተዛባ አመለካከት።
3281,Every person should be heard.,እያንዳንዱ ሰው መሰማት አለበት።,safe,ጥሩ ንግግር,none,የለም,No,የለም,none,የለም,zero,ዜሮ,English-Amharic,"Affirms dignity, cooperation, and mutual respect.",ክብርን፣ ትብብርን እና መከባበርን ያበረታታል።
3282,Respect helps communities grow stronger.,ክብር ማህበረሰቦችን ያጠናክራል።,safe,ጥሩ ንግግር,none,የለም,No,የለም,none,የለም,zero,ዜሮ,English-Amharic,"Affirms dignity, cooperation, and mutual respect.",ክብርን፣ ትብብርን እና መከባበርን ያበረታታል።
3283,They are not fully human.,እነሱ ሙሉ ሰው አይደሉም።,hate_speech,የጥላቻ ንግግር,dehumanization,ሰብዓዊነትን መንፈግ,Yes,አዎ አለ,group,ቡድን,high,ከፍተኛ,English-Amharic,Strips humanity from the target.,ሰውነትን ይክዳል።
3284,Nobody wants to hear you.,ማንም ሊሰማሽ አይፈልግም።,hate_speech,የጥላቻ ንግግር,silencing,ዝም ማሰኘት,Yes,አዎ አለ,individual,ግለሰብ,low,ዝቅተኛ,English-Amharic,Suppresses participation and recognition.,ተሳትፎን እና እውቅናን ይከልክላል።
3285,Nobody wants to hear you.,ማንም ሊሰማሽ አይፈልግም።,hate_speech,የጥላቻ ንግግር,silencing,ዝም ማሰኘት,Yes,አዎ አለ,individual,ግለሰብ,low,ዝቅተኛ,English-Amharic,Suppresses participation and recognition.,ተሳትፎን እና እውቅናን ይከልክላል።
3286,You do not belong in this community.,በዚህ ማህበረሰብ ውስጥ አትገባም።,hate_speech,የጥላቻ ንግግር,belonging denial,አባልነትን መከልከል,Yes,አዎ አለ,group,ቡድን,high,ከፍተኛ,English-Amharic,Denies membership and belonging.,አባልነትን እና ተሳትፎን ይከለክላል።
3287,We should listen before judging.,ከመፍረድ በፊት ማዳመጥ አለብን።,safe,ጥሩ ንግግር,none,የለም,No,የለም,none,የለም,zero,ዜሮ,English-Amharic,"Affirms dignity, cooperation, and mutual respect.",ክብርን፣ ትብብርን እና መከባበርን ያበረታታል።
3288,We should listen before judging.,ከመፍረድ በፊት ማዳመጥ አለብን።,safe,ጥሩ ንግግር,none,የለም,No,የለም,none,የለም,zero,ዜሮ,English-Amharic,"Affirms dignity, cooperation, and mutual respect.",ክብርን፣ ትብብርን እና መከባበርን ያበረታታል።
3289,Everyone has value in this room.,በዚህ ክፍል ያለ ሁሉም ሰው ዋጋ አለው።,safe,ጥሩ ንግግር,none,የለም,No,የለም,none,የለም,zero,ዜሮ,English-Amharic,"Affirms dignity, cooperation, and mutual respect.",ክብርን፣ ትብብርን እና መከባበርን ያበረታታል።
3290,Different views can still be handled kindly.,የተለያዩ አስተያየቶች በበጎ ሊታዩ ይችላሉ።,safe,ጥሩ ንግግር,none,የለም,No,የለም,none,የለም,zero,ዜሮ,English-Amharic,"Affirms dignity, cooperation, and mutual respect.",ክብርን፣ ትብብርን እና መከባበርን ያበረታታል።
3291,We should treat people fairly.,ሰዎችን በፍትሃዊነት ማየት አለብን።,safe,ጥሩ ንግግር,none,የለም,No,የለም,none,የለም,zero,ዜሮ,English-Amharic,"Affirms dignity, cooperation, and mutual respect.",ክብርን፣ ትብብርን እና መከባበርን ያበረታታል።
3292,You do not belong here.,ይህ የእናንተ ቦታ አይደለም።,hate_speech,የጥላቻ ንግግር,belonging denial,አባልነትን መከልከል,Yes,አዎ አለ,group,ቡድን,high,ከፍተኛ,English-Amharic,Denies membership and belonging.,አባልነትን እና ተሳትፎን ይከለክላል።
3293,Respect helps communities grow stronger.,ክብር ማህበረሰቦችን ያጠናክራል።,safe,ጥሩ ንግግር,none,የለም,No,የለም,none,የለም,zero,ዜሮ,English-Amharic,"Affirms dignity, cooperation, and mutual respect.",ክብርን፣ ትብብርን እና መከባበርን ያበረታታል።
3294,People like them always cause trouble.,እንደ እነሱ ያሉ ሰዎች ሁልጊዜ ችግር ያመጣሉ።,hate_speech,የጥላቻ ንግግር,stereotyping,የተዛባ አመለካከት,Yes,አዎ አለ,group,ቡድን,low,ዝቅተኛ,English-Amharic,Uses harmful group stereotype.,ለአንድ ቡድን ያለ የተዛባ አመለካከት።
3295,A fair discussion includes every voice.,ፍትሃዊ ውይይት ሁሉንም ድምፅ ያካትታል።,safe,ጥሩ ንግግር,none,የለም,No,የለም,none,የለም,zero,ዜሮ,English-Amharic,"Affirms dignity, cooperation, and mutual respect.",ክብርን፣ ትብብርን እና መከባበርን ያበረታታል።
3296,You do not belong in this community.,በዚህ ማህበረሰብ ውስጥ አትገባም።,hate_speech,የጥላቻ ንግግር,belonging denial,አባልነትን መከልከል,Yes,አዎ አለ,group,ቡድን,high,ከፍተኛ,English-Amharic,Denies membership and belonging.,አባልነትን እና ተሳትፎን ይከለክላል።
3297,We should fear what they will do.,ምን እንደሚያደርጉ መፍራት አለብን።,hate_speech,የጥላቻ ንግግር,threat,ማስፈራሪያ,Yes,አዎ አለ,group,ቡድን,high,ከፍተኛ,English-Amharic,Frames the target as danger.,እንደ ስጋት ይቀርባል።
3298,You do not belong here.,ይህ የእናንተ ቦታ አይደለም።,hate_speech,የጥላቻ ንግግር,belonging denial,አባልነትን መከልከል,Yes,አዎ አለ,group,ቡድን,high,ከፍተኛ,English-Amharic,Denies membership and belonging.,አባልነትን እና ተሳትፎን ይከለክላል።
3299,You do not belong here.,ይህ የእናንተ ቦታ አይደለም።,hate_speech,የጥላቻ ንግግር,belonging denial,አባልነትን መከልከል,Yes,አዎ አለ,group,ቡድን,high,ከፍተኛ,English-Amharic,Denies membership and belonging.,አባልነትን እና ተሳትፎን ይከለክላል።
3300,Different views can still be handled kindly.,የተለያዩ አስተያየቶች በበጎ ሊታዩ ይችላሉ።,safe,ጥሩ ንግግር,none,የለም,No,የለም,none,የለም,zero,ዜሮ,English-Amharic,"Affirms dignity, cooperation, and mutual respect.",ክብርን፣ ትብብርን እና መከባበርን ያበረታታል።
3301,They threaten our safety.,ደህንነታችንን ይሸብራሉ።,hate_speech,የጥላቻ ንግግር,threat,ማስፈራሪያ,Yes,አዎ አለ,group,ቡድን,high,ከፍተኛ,English-Amharic,Frames the target as danger.,እንደ ስጋት ይቀርባል።
3302,They are not fully human.,እነሱ ሙሉ ሰው አይደሉም።,hate_speech,የጥላቻ ንግግር,dehumanization,ሰብዓዊነትን መንፈግ,Yes,አዎ አለ,group,ቡድን,high,ከፍተኛ,English-Amharic,Strips humanity from the target.,ሰውነትን ይክዳል።
3303,Everyone has value in this room.,በዚህ ክፍል ያለ ሁሉም ሰው ዋጋ አለው።,safe,ጥሩ ንግግር,none,የለም,No,የለም,none,የለም,zero,ዜሮ,English-Amharic,"Affirms dignity, cooperation, and mutual respect.",ክብርን፣ ትብብርን እና መከባበርን ያበረታታል።
3304,Respect helps communities grow stronger.,ክብር ማህበረሰቦችን ያጠናክራል።,safe,ጥሩ ንግግር,none,የለም,No,የለም,none,የለም,zero,ዜሮ,English-Amharic,"Affirms dignity, cooperation, and mutual respect.",ክብርን፣ ትብብርን እና መከባበርን ያበረታታል።
3305,People deserve fairness and care.,ሰዎች ፍትሃዊነት እና እንክብካቤ ይገባቸዋል።,safe,ጥሩ ንግግር,none,የለም,No,የለም,none,የለም,zero,ዜሮ,English-Amharic,"Affirms dignity, cooperation, and mutual respect.",ክብርን፣ ትብብርን እና መከባበርን ያበረታታል።
3306,We can disagree without hate.,ባንስማማም አለመጣላት እንችላለን።,safe,ጥሩ ንግግር,none,የለም,No,የለም,none,የለም,zero,ዜሮ,English-Amharic,"Affirms dignity, cooperation, and mutual respect.",ክብርን፣ ትብብርን እና መከባበርን ያበረታታል።
3307,Your voice does not matter here.,እዚህ ድምፅሽ ዋጋ የለውም።,hate_speech,የጥላቻ ንግግር,silencing,ዝም ማሰኘት,Yes,አዎ አለ,individual,ግለሰብ,low,ዝቅተኛ,English-Amharic,Suppresses participation and recognition.,ተሳትፎን እና እውቅናን ይከልክላል።
3308,Leave our community now.,ከማህበረሰባችን አሁን ውጣ።,hate_speech,የጥላቻ ንግግር,exclusion,ማግለል,Yes,አዎ አለ,group,ቡድን,high,ከፍተኛ,English-Amharic,Pushes removal and rejection.,ማግለልን እና መከልከልን ያበረታታል።
3309,Let us find a solution that works for everyone.,ለሁሉም የሚሰራ መፍትሄ እንፈልግ።,safe,ጥሩ ንግግር,none,የለም,No,የለም,none,የለም,zero,ዜሮ,English-Amharic,"Affirms dignity, cooperation, and mutual respect.",ክብርን፣ ትብብርን እና መከባበርን ያበረታታል።
3310,A fair discussion includes every voice.,ፍትሃዊ ውይይት ሁሉንም ድምፅ ያካትታል።,safe,ጥሩ ንግግር,none,የለም,No,የለም,none,የለም,zero,ዜሮ,English-Amharic,"Affirms dignity, cooperation, and mutual respect.",ክብርን፣ ትብብርን እና መከባበርን ያበረታታል።
3311,That group is always the problem.,ያ ቡድን ሁልጊዜ ችግር ነው።,hate_speech,የጥላቻ ንግግር,stereotyping,የተዛባ አመለካከት,Yes,አዎ አለ,group,ቡድን,low,ዝቅተኛ,English-Amharic,Uses harmful group stereotype.,ለአንድ ቡድን ያለ የተዛባ አመለካከት።
3312,People like them always cause trouble.,እንደ እነሱ ያሉ ሰዎች ሁልጊዜ ችግር ያመጣሉ።,hate_speech,የጥላቻ ንግግር,stereotyping,የተዛባ አመለካከት,Yes,አዎ አለ,group,ቡድን,low,ዝቅተኛ,English-Amharic,Uses harmful group stereotype.,ለአንድ ቡድን ያለ የተዛባ አመለካከት።
3313,We should listen before judging.,ከመፍረድ በፊት ማዳመጥ አለብን።,safe,ጥሩ ንግግር,none,የለም,No,የለም,none,የለም,zero,ዜሮ,English-Amharic,"Affirms dignity, cooperation, and mutual respect.",ክብርን፣ ትብብርን እና መከባበርን ያበረታታል።
3314,You have no place among us.,ከእኛ መካከል ቦታ የለህም።,hate_speech,የጥላቻ ንግግር,belonging denial,አባልነትን መከልከል,Yes,አዎ አለ,group,ቡድን,high,ከፍተኛ,English-Amharic,Denies membership and belonging.,አባልነትን እና ተሳትፎን ይከለክላል።
3315,That group is always the problem.,ያ ቡድን ሁልጊዜ ችግር ነው።,hate_speech,የጥላቻ ንግግር,stereotyping,የተዛባ አመለካከት,Yes,አዎ አለ,group,ቡድን,low,ዝቅተኛ,English-Amharic,Uses harmful group stereotype.,ለአንድ ቡድን ያለ የተዛባ አመለካከት።
3316,Their kind always ruins everything.,የእነሱ ዓይነት ሁልጊዜ ሁሉንም ያበላሻል።,hate_speech,የጥላቻ ንግግር,stereotyping,የተዛባ አመለካከት,Yes,አዎ አለ,group,ቡድን,low,ዝቅተኛ,English-Amharic,Uses harmful group stereotype.,ለአንድ ቡድን ያለ የተዛባ አመለካከት።
3317,They are less than human.,ከሰው በታች ናቸው።,hate_speech,የጥላቻ ንግግር,dehumanization,ሰብዓዊነትን መንፈግ,Yes,አዎ አለ,group,ቡድን,high,ከፍተኛ,English-Amharic,Strips humanity from the target.,ሰውነትን ይክዳል።
3318,You should be pushed out.,መባረር አለብህ።,hate_speech,የጥላቻ ንግግር,exclusion,ማግለል,Yes,አዎ አለ,group,ቡድን,high,ከፍተኛ,English-Amharic,Pushes removal and rejection.,ማግለልን እና መከልከልን ያበረታታል።
3319,They are less than human.,ከሰው በታች ናቸው።,hate_speech,የጥላቻ ንግግር,dehumanization,ሰብዓዊነትን መንፈግ,Yes,አዎ አለ,group,ቡድን,high,ከፍተኛ,English-Amharic,Strips humanity from the target.,ሰውነትን ይክዳል።
3320,We can solve this together.,ይህን በጋራ መፍታት እንችላለን።,safe,ጥሩ ንግግር,none,የለም,No,የለም,none,የለም,zero,ዜሮ,English-Amharic,"Affirms dignity, cooperation, and mutual respect.",ክብርን፣ ትብብርን እና መከባበርን ያበረታታል።
3321,We should listen before judging.,ከመፍረድ በፊት ማዳመጥ አለብን።,safe,ጥሩ ንግግር,none,የለም,No,የለም,none,የለም,zero,ዜሮ,English-Amharic,"Affirms dignity, cooperation, and mutual respect.",ክብርን፣ ትብብርን እና መከባበርን ያበረታታል።
3322,A fair discussion includes every voice.,ፍትሃዊ ውይይት ሁሉንም ድምፅ ያካትታል።,safe,ጥሩ ንግግር,none,የለም,No,የለም,none,የለም,zero,ዜሮ,English-Amharic,"Affirms dignity, cooperation, and mutual respect.",ክብርን፣ ትብብርን እና መከባበርን ያበረታታል።
3323,They are not fully human.,እነሱ ሙሉ ሰው አይደሉም።,hate_speech,የጥላቻ ንግግር,dehumanization,ሰብዓዊነትን መንፈግ,Yes,አዎ አለ,group,ቡድን,high,ከፍተኛ,English-Amharic,Strips humanity from the target.,ሰውነትን ይክዳል።
3324,Nobody wants to hear you.,ማንም ሊሰማሽ አይፈልግም።,hate_speech,የጥላቻ ንግግር,silencing,ዝም ማሰኘት,Yes,አዎ አለ,individual,ግለሰብ,low,ዝቅተኛ,English-Amharic,Suppresses participation and recognition.,ተሳትፎን እና እውቅናን ይከልክላል።
3325,A fair discussion includes every voice.,ፍትሃዊ ውይይት ሁሉንም ድምፅ ያካትታል።,safe,ጥሩ ንግግር,none,የለም,No,የለም,none,የለም,zero,ዜሮ,English-Amharic,"Affirms dignity, cooperation, and mutual respect.",ክብርን፣ ትብብርን እና መከባበርን ያበረታታል።
3326,We should treat people fairly.,ሰዎችን በፍትሃዊነት ማየት አለብን።,safe,ጥሩ ንግግር,none,የለም,No,የለም,none,የለም,zero,ዜሮ,English-Amharic,"Affirms dignity, cooperation, and mutual respect.",ክብርን፣ ትብብርን እና መከባበርን ያበረታታል።
3327,Every person should be heard.,እያንዳንዱ ሰው መሰማት አለበት።,safe,ጥሩ ንግግር,none,የለም,No,የለም,none,የለም,zero,ዜሮ,English-Amharic,"Affirms dignity, cooperation, and mutual respect.",ክብርን፣ ትብብርን እና መከባበርን ያበረታታል።
3328,People deserve fairness and care.,ሰዎች ፍትሃዊነት እና እንክብካቤ ይገባቸዋል።,safe,ጥሩ ንግግር,none,የለም,No,የለም,none,የለም,zero,ዜሮ,English-Amharic,"Affirms dignity, cooperation, and mutual respect.",ክብርን፣ ትብብርን እና መከባበርን ያበረታታል።
3329,You have no place among us.,ከእኛ መካከል ቦታ የለህም።,hate_speech,የጥላቻ ንግግር,belonging denial,አባልነትን መከልከል,Yes,አዎ አለ,group,ቡድን,high,ከፍተኛ,English-Amharic,Denies membership and belonging.,አባልነትን እና ተሳትፎን ይከለክላል።
3330,They are less than human.,ከሰው በታች ናቸው።,hate_speech,የጥላቻ ንግግር,dehumanization,ሰብዓዊነትን መንፈግ,Yes,አዎ አለ,group,ቡድን,high,ከፍተኛ,English-Amharic,Strips humanity from the target.,ሰውነትን ይክዳል።
3331,We can solve this together.,ይህን በጋራ መፍታት እንችላለን።,safe,ጥሩ ንግግር,none,የለም,No,የለም,none,የለም,zero,ዜሮ,English-Amharic,"Affirms dignity, cooperation, and mutual respect.",ክብርን፣ ትብብርን እና መከባበርን ያበረታታል።
3332,They are not real people.,እውነተኛ ሰው አይደሉም።,hate_speech,የጥላቻ ንግግር,dehumanization,ሰብዓዊነትን መንፈግ,Yes,አዎ አለ,group,ቡድን,high,ከፍተኛ,English-Amharic,Strips humanity from the target.,ሰውነትን ይክዳል።
3333,You have no place among us.,ከእኛ መካከል ቦታ የለህም።,hate_speech,የጥላቻ ንግግር,belonging denial,አባልነትን መከልከል,Yes,አዎ አለ,group,ቡድን,high,ከፍተኛ,English-Amharic,Denies membership and belonging.,አባልነትን እና ተሳትፎን ይከለክላል።
3334,Nobody wants to hear you.,ማንም ሊሰማሽ አይፈልግም።,hate_speech,የጥላቻ ንግግር,silencing,ዝም ማሰኘት,Yes,አዎ አለ,individual,ግለሰብ,low,ዝቅተኛ,English-Amharic,Suppresses participation and recognition.,ተሳትፎን እና እውቅናን ይከልክላል።
3335,We should speak respectfully.,በክብር መናገር አለብን።,safe,ጥሩ ንግግር,none,የለም,No,የለም,none,የለም,zero,ዜሮ,English-Amharic,"Affirms dignity, cooperation, and mutual respect.",ክብርን፣ ትብብርን እና መከባበርን ያበረታታል።
3336,Get out of our space.,ከቦታችን ውጣ።,hate_speech,የጥላቻ ንግግር,exclusion,ማግለል,Yes,አዎ አለ,group,ቡድን,high,ከፍተኛ,English-Amharic,Pushes removal and rejection.,ማግለልን እና መከልከልን ያበረታታል።
3337,You have no place among us.,ከእኛ መካከል ቦታ የለህም።,hate_speech,የጥላቻ ንግግር,belonging denial,አባልነትን መከልከል,Yes,አዎ አለ,group,ቡድን,high,ከፍተኛ,English-Amharic,Denies membership and belonging.,አባልነትን እና ተሳትፎን ይከለክላል።
3338,They threaten our safety.,ደህንነታችንን ይሸብራሉ።,hate_speech,የጥላቻ ንግግር,threat,ማስፈራሪያ,Yes,አዎ አለ,group,ቡድን,high,ከፍተኛ,English-Amharic,Frames the target as danger.,እንደ ስጋት ይቀርባል።
3339,We can disagree without hate.,ባንስማማም አለመጣላት እንችላለን።,safe,ጥሩ ንግግር,none,የለም,No,የለም,none,የለም,zero,ዜሮ,English-Amharic,"Affirms dignity, cooperation, and mutual respect.",ክብርን፣ ትብብርን እና መከባበርን ያበረታታል።
3340,People like them always cause trouble.,እንደ እነሱ ያሉ ሰዎች ሁልጊዜ ችግር ያመጣሉ።,hate_speech,የጥላቻ ንግግር,stereotyping,የተዛባ አመለካከት,Yes,አዎ አለ,group,ቡድን,low,ዝቅተኛ,English-Amharic,Uses harmful group stereotype.,ለአንድ ቡድን ያለ የተዛባ አመለካከት።
3341,Their kind always ruins everything.,የእነሱ ዓይነት ሁልጊዜ ሁሉንም ያበላሻል።,hate_speech,የጥላቻ ንግግር,stereotyping,የተዛባ አመለካከት,Yes,አዎ አለ,group,ቡድን,low,ዝቅተኛ,English-Amharic,Uses harmful group stereotype.,ለአንድ ቡድን ያለ የተዛባ አመለካከት።
3342,They are a danger to everyone.,እነሱ ለሁሉም ስጋት ናቸው።,hate_speech,የጥላቻ ንግግር,threat,ማስፈራሪያ,Yes,አዎ አለ,group,ቡድን,high,ከፍተኛ,English-Amharic,Frames the target as danger.,እንደ ስጋት ይቀርባል።
3343,Respect helps communities grow stronger.,ክብር ማህበረሰቦችን ያጠናክራል።,safe,ጥሩ ንግግር,none,የለም,No,የለም,none,የለም,zero,ዜሮ,English-Amharic,"Affirms dignity, cooperation, and mutual respect.",ክብርን፣ ትብብርን እና መከባበርን ያበረታታል።
3344,You do not belong here.,ይህ የእናንተ ቦታ አይደለም።,hate_speech,የጥላቻ ንግግር,belonging denial,አባልነትን መከልከል,Yes,አዎ አለ,group,ቡድን,high,ከፍተኛ,English-Amharic,Denies membership and belonging.,አባልነትን እና ተሳትፎን ይከለክላል።
3345,Respect helps communities grow stronger.,ክብር ማህበረሰቦችን ያጠናክራል።,safe,ጥሩ ንግግር,none,የለም,No,የለም,none,የለም,zero,ዜሮ,English-Amharic,"Affirms dignity, cooperation, and mutual respect.",ክብርን፣ ትብብርን እና መከባበርን ያበረታታል።
3346,We should fear what they will do.,ምን እንደሚያደርጉ መፍራት አለብን።,hate_speech,የጥላቻ ንግግር,threat,ማስፈራሪያ,Yes,አዎ አለ,group,ቡድን,high,ከፍተኛ,English-Amharic,Frames the target as danger.,እንደ ስጋት ይቀርባል።
3347,Leave our community now.,ከማህበረሰባችን አሁን ውጣ።,hate_speech,የጥላቻ ንግግር,exclusion,ማግለል,Yes,አዎ አለ,group,ቡድን,high,ከፍተኛ,English-Amharic,Pushes removal and rejection.,ማግለልን እና መከልከልን ያበረታታል።
3348,Every person should be heard.,እያንዳንዱ ሰው መሰማት አለበት።,safe,ጥሩ ንግግር,none,የለም,No,የለም,none,የለም,zero,ዜሮ,English-Amharic,"Affirms dignity, cooperation, and mutual respect.",ክብርን፣ ትብብርን እና መከባበርን ያበረታታል።
3349,Their kind always ruins everything.,የእነሱ ዓይነት ሁልጊዜ ሁሉንም ያበላሻል።,hate_speech,የጥላቻ ንግግር,stereotyping,የተዛባ አመለካከት,Yes,አዎ አለ,group,ቡድን,low,ዝቅተኛ,English-Amharic,Uses harmful group stereotype.,ለአንድ ቡድን ያለ የተዛባ አመለካከት።
3350,A fair discussion includes every voice.,ፍትሃዊ ውይይት ሁሉንም ድምፅ ያካትታል።,safe,ጥሩ ንግግር,none,የለም,No,የለም,none,የለም,zero,ዜሮ,English-Amharic,"Affirms dignity, cooperation, and mutual respect.",ክብርን፣ ትብብርን እና መከባበርን ያበረታታል።
3351,Let us work for peace.,ለሰላም በጋራ እንስራ።,safe,ጥሩ ንግግር,none,የለም,No,የለም,none,የለም,zero,ዜሮ,English-Amharic,"Affirms dignity, cooperation, and mutual respect.",ክብርን፣ ትብብርን እና መከባበርን ያበረታታል።
3352,We should speak respectfully.,በክብር መናገር አለብን።,safe,ጥሩ ንግግር,none,የለም,No,የለም,none,የለም,zero,ዜሮ,English-Amharic,"Affirms dignity, cooperation, and mutual respect.",ክብርን፣ ትብብርን እና መከባበርን ያበረታታል።
3353,Let us work for peace.,ለሰላም በጋራ እንስራ።,safe,ጥሩ ንግግር,none,የለም,No,የለም,none,የለም,zero,ዜሮ,English-Amharic,"Affirms dignity, cooperation, and mutual respect.",ክብርን፣ ትብብርን እና መከባበርን ያበረታታል።
3354,We can disagree without hate.,ባንስማማም አለመጣላት እንችላለን።,safe,ጥሩ ንግግር,none,የለም,No,የለም,none,የለም,zero,ዜሮ,English-Amharic,"Affirms dignity, cooperation, and mutual respect.",ክብርን፣ ትብብርን እና መከባበርን ያበረታታል።
3355,People deserve fairness and care.,ሰዎች ፍትሃዊነት እና እንክብካቤ ይገባቸዋል።,safe,ጥሩ ንግግር,none,የለም,No,የለም,none,የለም,zero,ዜሮ,English-Amharic,"Affirms dignity, cooperation, and mutual respect.",ክብርን፣ ትብብርን እና መከባበርን ያበረታታል።
3356,Different views can still be handled kindly.,የተለያዩ አስተያየቶች በበጎ ሊታዩ ይችላሉ።,safe,ጥሩ ንግግር,none,የለም,No,የለም,none,የለም,zero,ዜሮ,English-Amharic,"Affirms dignity, cooperation, and mutual respect.",ክብርን፣ ትብብርን እና መከባበርን ያበረታታል።
3357,They are not fully human.,እነሱ ሙሉ ሰው አይደሉም።,hate_speech,የጥላቻ ንግግር,dehumanization,ሰብዓዊነትን መንፈግ,Yes,አዎ አለ,group,ቡድን,high,ከፍተኛ,English-Amharic,Strips humanity from the target.,ሰውነትን ይክዳል።
3358,Different views can still be handled kindly.,የተለያዩ አስተያየቶች በበጎ ሊታዩ ይችላሉ።,safe,ጥሩ ንግግር,none,የለም,No,የለም,none,የለም,zero,ዜሮ,English-Amharic,"Affirms dignity, cooperation, and mutual respect.",ክብርን፣ ትብብርን እና መከባበርን ያበረታታል።
3359,Your voice does not matter here.,እዚህ ድምፅሽ ዋጋ የለውም።,hate_speech,የጥላቻ ንግግር,silencing,ዝም ማሰኘት,Yes,አዎ አለ,individual,ግለሰብ,low,ዝቅተኛ,English-Amharic,Suppresses participation and recognition.,ተሳትፎን እና እውቅናን ይከልክላል።
3360,Every person should be heard.,እያንዳንዱ ሰው መሰማት አለበት።,safe,ጥሩ ንግግር,none,የለም,No,የለም,none,የለም,zero,ዜሮ,English-Amharic,"Affirms dignity, cooperation, and mutual respect.",ክብርን፣ ትብብርን እና መከባበርን ያበረታታል።
3361,Let us find a solution that works for everyone.,ለሁሉም የሚሰራ መፍትሄ እንፈልግ።,safe,ጥሩ ንግግር,none,የለም,No,የለም,none,የለም,zero,ዜሮ,English-Amharic,"Affirms dignity, cooperation, and mutual respect.",ክብርን፣ ትብብርን እና መከባበርን ያበረታታል።
3362,A fair discussion includes every voice.,ፍትሃዊ ውይይት ሁሉንም ድምፅ ያካትታል።,safe,ጥሩ ንግግር,none,የለም,No,የለም,none,የለም,zero,ዜሮ,English-Amharic,"Affirms dignity, cooperation, and mutual respect.",ክብርን፣ ትብብርን እና መከባበርን ያበረታታል።
3363,Every person should be heard.,እያንዳንዱ ሰው መሰማት አለበት።,safe,ጥሩ ንግግር,none,የለም,No,የለም,none,የለም,zero,ዜሮ,English-Amharic,"Affirms dignity, cooperation, and mutual respect.",ክብርን፣ ትብብርን እና መከባበርን ያበረታታል።
3364,They are less than human.,ከሰው በታች ናቸው።,hate_speech,የጥላቻ ንግግር,dehumanization,ሰብዓዊነትን መንፈግ,Yes,አዎ አለ,group,ቡድን,high,ከፍተኛ,English-Amharic,Strips humanity from the target.,ሰውነትን ይክዳል።
3365,Different views can still be handled kindly.,የተለያዩ አስተያየቶች በበጎ ሊታዩ ይችላሉ።,safe,ጥሩ ንግግር,none,የለም,No,የለም,none,የለም,zero,ዜሮ,English-Amharic,"Affirms dignity, cooperation, and mutual respect.",ክብርን፣ ትብብርን እና መከባበርን ያበረታታል።
3366,People like them always cause trouble.,እንደ እነሱ ያሉ ሰዎች ሁልጊዜ ችግር ያመጣሉ።,hate_speech,የጥላቻ ንግግር,stereotyping,የተዛባ አመለካከት,Yes,አዎ አለ,group,ቡድን,low,ዝቅተኛ,English-Amharic,Uses harmful group stereotype.,ለአንድ ቡድን ያለ የተዛባ አመለካከት።
3367,You do not belong here.,ይህ የእናንተ ቦታ አይደለም።,hate_speech,የጥላቻ ንግግር,belonging denial,አባልነትን መከልከል,Yes,አዎ አለ,group,ቡድን,high,ከፍተኛ,English-Amharic,Denies membership and belonging.,አባልነትን እና ተሳትፎን ይከለክላል።
3368,People deserve fairness and care.,ሰዎች ፍትሃዊነት እና እንክብካቤ ይገባቸዋል።,safe,ጥሩ ንግግር,none,የለም,No,የለም,none,የለም,zero,ዜሮ,English-Amharic,"Affirms dignity, cooperation, and mutual respect.",ክብርን፣ ትብብርን እና መከባበርን ያበረታታል።
3369,Let us find a solution that works for everyone.,ለሁሉም የሚሰራ መፍትሄ እንፈልግ።,safe,ጥሩ ንግግር,none,የለም,No,የለም,none,የለም,zero,ዜሮ,English-Amharic,"Affirms dignity, cooperation, and mutual respect.",ክብርን፣ ትብብርን እና መከባበርን ያበረታታል።
3370,You should stay silent.,ዝም በይ።,hate_speech,የጥላቻ ንግግር,silencing,ዝም ማሰኘት,Yes,አዎ አለ,individual,ግለሰብ,low,ዝቅተኛ,English-Amharic,Suppresses participation and recognition.,ተሳትፎን እና እውቅናን ይከልክላል።
3371,We can disagree without hate.,ባንስማማም አለመጣላት እንችላለን።,safe,ጥሩ ንግግር,none,የለም,No,የለም,none,የለም,zero,ዜሮ,English-Amharic,"Affirms dignity, cooperation, and mutual respect.",ክብርን፣ ትብብርን እና መከባበርን ያበረታታል።
3372,You should be pushed out.,መባረር አለብህ።,hate_speech,የጥላቻ ንግግር,exclusion,ማግለል,Yes,አዎ አለ,group,ቡድን,high,ከፍተኛ,English-Amharic,Pushes removal and rejection.,ማግለልን እና መከልከልን ያበረታታል።
3373,We should correct mistakes without humiliation.,ሰዎችን ሳናዋርድ ስህተትን ማስተካከል አለብን።,safe,ጥሩ ንግግር,none,የለም,No,የለም,none,የለም,zero,ዜሮ,English-Amharic,"Affirms dignity, cooperation, and mutual respect.",ክብርን፣ ትብብርን እና መከባበርን ያበረታታል።
3374,We can disagree without hate.,ባንስማማም አለመጣላት እንችላለን።,safe,ጥሩ ንግግር,none,የለም,No,የለም,none,የለም,zero,ዜሮ,English-Amharic,"Affirms dignity, cooperation, and mutual respect.",ክብርን፣ ትብብርን እና መከባበርን ያበረታታል።
3375,Let us find a solution that works for everyone.,ለሁሉም የሚሰራ መፍትሄ እንፈልግ።,safe,ጥሩ ንግግር,none,የለም,No,የለም,none,የለም,zero,ዜሮ,English-Amharic,"Affirms dignity, cooperation, and mutual respect.",ክብርን፣ ትብብርን እና መከባበርን ያበረታታል።
3376,We should listen before judging.,ከመፍረድ በፊት ማዳመጥ አለብን።,safe,ጥሩ ንግግር,none,የለም,No,የለም,none,የለም,zero,ዜሮ,English-Amharic,"Affirms dignity, cooperation, and mutual respect.",ክብርን፣ ትብብርን እና መከባበርን ያበረታታል።
3377,You should stay silent.,ዝም በይ።,hate_speech,የጥላቻ ንግግር,silencing,ዝም ማሰኘት,Yes,አዎ አለ,individual,ግለሰብ,low,ዝቅተኛ,English-Amharic,Suppresses participation and recognition.,ተሳትፎን እና እውቅናን ይከልክላል።
3378,That group is always the problem.,ያ ቡድን ሁልጊዜ ችግር ነው።,hate_speech,የጥላቻ ንግግር,stereotyping,የተዛባ አመለካከት,Yes,አዎ አለ,group,ቡድን,low,ዝቅተኛ,English-Amharic,Uses harmful group stereotype.,ለአንድ ቡድን ያለ የተዛባ አመለካከት።
3379,Respect helps communities grow stronger.,ክብር ማህበረሰቦችን ያጠናክራል።,safe,ጥሩ ንግግር,none,የለም,No,የለም,none,የለም,zero,ዜሮ,English-Amharic,"Affirms dignity, cooperation, and mutual respect.",ክብርን፣ ትብብርን እና መከባበርን ያበረታታል።
3380,Different views can still be handled kindly.,የተለያዩ አስተያየቶች በበጎ ሊታዩ ይችላሉ።,safe,ጥሩ ንግግር,none,የለም,No,የለም,none,የለም,zero,ዜሮ,English-Amharic,"Affirms dignity, cooperation, and mutual respect.",ክብርን፣ ትብብርን እና መከባበርን ያበረታታል።
3381,They are not fully human.,እነሱ ሙሉ ሰው አይደሉም።,hate_speech,የጥላቻ ንግግር,dehumanization,ሰብዓዊነትን መንፈግ,Yes,አዎ አለ,group,ቡድን,high,ከፍተኛ,English-Amharic,Strips humanity from the target.,ሰውነትን ይክዳል።
3382,We should listen before judging.,ከመፍረድ በፊት ማዳመጥ አለብን።,safe,ጥሩ ንግግር,none,የለም,No,የለም,none,የለም,zero,ዜሮ,English-Amharic,"Affirms dignity, cooperation, and mutual respect.",ክብርን፣ ትብብርን እና መከባበርን ያበረታታል።
3383,They threaten our safety.,ደህንነታችንን ይሸብራሉ።,hate_speech,የጥላቻ ንግግር,threat,ማስፈራሪያ,Yes,አዎ አለ,group,ቡድን,high,ከፍተኛ,English-Amharic,Frames the target as danger.,እንደ ስጋት ይቀርባል።
3384,You have no place among us.,ከእኛ መካከል ቦታ የለህም።,hate_speech,የጥላቻ ንግግር,belonging denial,አባልነትን መከልከል,Yes,አዎ አለ,group,ቡድን,high,ከፍተኛ,English-Amharic,Denies membership and belonging.,አባልነትን እና ተሳትፎን ይከለክላል።
3385,Let us find a solution that works for everyone.,ለሁሉም የሚሰራ መፍትሄ እንፈልግ።,safe,ጥሩ ንግግር,none,የለም,No,የለም,none,የለም,zero,ዜሮ,English-Amharic,"Affirms dignity, cooperation, and mutual respect.",ክብርን፣ ትብብርን እና መከባበርን ያበረታታል።
3386,Everyone deserves dignity.,ሁሉም ሰው ክብር ይገባዋል።,safe,ጥሩ ንግግር,none,የለም,No,የለም,none,የለም,zero,ዜሮ,English-Amharic,"Affirms dignity, cooperation, and mutual respect.",ክብርን፣ ትብብርን እና መከባበርን ያበረታታል።
3387,We should listen before judging.,ከመፍረድ በፊት ማዳመጥ አለብን።,safe,ጥሩ ንግግር,none,የለም,No,የለም,none,የለም,zero,ዜሮ,English-Amharic,"Affirms dignity, cooperation, and mutual respect.",ክብርን፣ ትብብርን እና መከባበርን ያበረታታል።
3388,Let us find a solution that works for everyone.,ለሁሉም የሚሰራ መፍትሄ እንፈልግ።,safe,ጥሩ ንግግር,none,የለም,No,የለም,none,የለም,zero,ዜሮ,English-Amharic,"Affirms dignity, cooperation, and mutual respect.",ክብርን፣ ትብብርን እና መከባበርን ያበረታታል።
3389,A fair discussion includes every voice.,ፍትሃዊ ውይይት ሁሉንም ድምፅ ያካትታል።,safe,ጥሩ ንግግር,none,የለም,No,የለም,none,የለም,zero,ዜሮ,English-Amharic,"Affirms dignity, cooperation, and mutual respect.",ክብርን፣ ትብብርን እና መከባበርን ያበረታታል።
3390,You should be pushed out.,መባረር አለብህ።,hate_speech,የጥላቻ ንግግር,exclusion,ማግለል,Yes,አዎ አለ,group,ቡድን,high,ከፍተኛ,English-Amharic,Pushes removal and rejection.,ማግለልን እና መከልከልን ያበረታታል።
3391,We can solve this together.,ይህን በጋራ መፍታት እንችላለን።,safe,ጥሩ ንግግር,none,የለም,No,የለም,none,የለም,zero,ዜሮ,English-Amharic,"Affirms dignity, cooperation, and mutual respect.",ክብርን፣ ትብብርን እና መከባበርን ያበረታታል።
3392,A fair discussion includes every voice.,ፍትሃዊ ውይይት ሁሉንም ድምፅ ያካትታል።,safe,ጥሩ ንግግር,none,የለም,No,የለም,none,የለም,zero,ዜሮ,English-Amharic,"Affirms dignity, cooperation, and mutual respect.",ክብርን፣ ትብብርን እና መከባበርን ያበረታታል።
3393,We should speak respectfully.,በክብር መናገር አለብን።,safe,ጥሩ ንግግር,none,የለም,No,የለም,none,የለም,zero,ዜሮ,English-Amharic,"Affirms dignity, cooperation, and mutual respect.",ክብርን፣ ትብብርን እና መከባበርን ያበረታታል።
3394,We can disagree without hate.,ባንስማማም አለመጣላት እንችላለን።,safe,ጥሩ ንግግር,none,የለም,No,የለም,none,የለም,zero,ዜሮ,English-Amharic,"Affirms dignity, cooperation, and mutual respect.",ክብርን፣ ትብብርን እና መከባበርን ያበረታታል።
3395,You do not belong here.,ይህ የእናንተ ቦታ አይደለም።,hate_speech,የጥላቻ ንግግር,belonging denial,አባልነትን መከልከል,Yes,አዎ አለ,group,ቡድን,high,ከፍተኛ,English-Amharic,Denies membership and belonging.,አባልነትን እና ተሳትፎን ይከለክላል።
3396,They threaten our safety.,ደህንነታችንን ይሸብራሉ።,hate_speech,የጥላቻ ንግግር,threat,ማስፈራሪያ,Yes,አዎ አለ,group,ቡድን,high,ከፍተኛ,English-Amharic,Frames the target as danger.,እንደ ስጋት ይቀርባል።
3397,You do not belong in this community.,በዚህ ማህበረሰብ ውስጥ አትገባም።,hate_speech,የጥላቻ ንግግር,belonging denial,አባልነትን መከልከል,Yes,አዎ አለ,group,ቡድን,high,ከፍተኛ,English-Amharic,Denies membership and belonging.,አባልነትን እና ተሳትፎን ይከለክላል።
3398,People deserve fairness and care.,ሰዎች ፍትሃዊነት እና እንክብካቤ ይገባቸዋል።,safe,ጥሩ ንግግር,none,የለም,No,የለም,none,የለም,zero,ዜሮ,English-Amharic,"Affirms dignity, cooperation, and mutual respect.",ክብርን፣ ትብብርን እና መከባበርን ያበረታታል።
3399,That group is always the problem.,ያ ቡድን ሁልጊዜ ችግር ነው።,hate_speech,የጥላቻ ንግግር,stereotyping,የተዛባ አመለካከት,Yes,አዎ አለ,group,ቡድን,low,ዝቅተኛ,English-Amharic,Uses harmful group stereotype.,ለአንድ ቡድን ያለ የተዛባ አመለካከት።
3400,Their kind always ruins everything.,የእነሱ ዓይነት ሁልጊዜ ሁሉንም ያበላሻል።,hate_speech,የጥላቻ ንግግር,stereotyping,የተዛባ አመለካከት,Yes,አዎ አለ,group,ቡድን,low,ዝቅተኛ,English-Amharic,Uses harmful group stereotype.,ለአንድ ቡድን ያለ የተዛባ አመለካከት።
3401,That group is always the problem.,ያ ቡድን ሁልጊዜ ችግር ነው።,hate_speech,የጥላቻ ንግግር,stereotyping,የተዛባ አመለካከት,Yes,አዎ አለ,group,ቡድን,low,ዝቅተኛ,English-Amharic,Uses harmful group stereotype.,ለአንድ ቡድን ያለ የተዛባ አመለካከት።
3402,You do not belong here.,ይህ የእናንተ ቦታ አይደለም።,hate_speech,የጥላቻ ንግግር,belonging denial,አባልነትን መከልከል,Yes,አዎ አለ,group,ቡድን,high,ከፍተኛ,English-Amharic,Denies membership and belonging.,አባልነትን እና ተሳትፎን ይከለክላል።
3403,We can solve this together.,ይህን በጋራ መፍታት እንችላለን።,safe,ጥሩ ንግግር,none,የለም,No,የለም,none,የለም,zero,ዜሮ,English-Amharic,"Affirms dignity, cooperation, and mutual respect.",ክብርን፣ ትብብርን እና መከባበርን ያበረታታል።
3404,We should speak respectfully.,በክብር መናገር አለብን።,safe,ጥሩ ንግግር,none,የለም,No,የለም,none,የለም,zero,ዜሮ,English-Amharic,"Affirms dignity, cooperation, and mutual respect.",ክብርን፣ ትብብርን እና መከባበርን ያበረታታል።
3405,A fair discussion includes every voice.,ፍትሃዊ ውይይት ሁሉንም ድምፅ ያካትታል።,safe,ጥሩ ንግግር,none,የለም,No,የለም,none,የለም,zero,ዜሮ,English-Amharic,"Affirms dignity, cooperation, and mutual respect.",ክብርን፣ ትብብርን እና መከባበርን ያበረታታል።
3406,People deserve fairness and care.,ሰዎች ፍትሃዊነት እና እንክብካቤ ይገባቸዋል።,safe,ጥሩ ንግግር,none,የለም,No,የለም,none,የለም,zero,ዜሮ,English-Amharic,"Affirms dignity, cooperation, and mutual respect.",ክብርን፣ ትብብርን እና መከባበርን ያበረታታል።
3407,They are not real people.,እውነተኛ ሰው አይደሉም።,hate_speech,የጥላቻ ንግግር,dehumanization,ሰብዓዊነትን መንፈግ,Yes,አዎ አለ,group,ቡድን,high,ከፍተኛ,English-Amharic,Strips humanity from the target.,ሰውነትን ይክዳል።
3408,People deserve fairness and care.,ሰዎች ፍትሃዊነት እና እንክብካቤ ይገባቸዋል።,safe,ጥሩ ንግግር,none,የለም,No,የለም,none,የለም,zero,ዜሮ,English-Amharic,"Affirms dignity, cooperation, and mutual respect.",ክብርን፣ ትብብርን እና መከባበርን ያበረታታል።
3409,They are not fully human.,እነሱ ሙሉ ሰው አይደሉም።,hate_speech,የጥላቻ ንግግር,dehumanization,ሰብዓዊነትን መንፈግ,Yes,አዎ አለ,group,ቡድን,high,ከፍተኛ,English-Amharic,Strips humanity from the target.,ሰውነትን ይክዳል።
3410,Nobody wants to hear you.,ማንም ሊሰማሽ አይፈልግም።,hate_speech,የጥላቻ ንግግር,silencing,ዝም ማሰኘት,Yes,አዎ አለ,individual,ግለሰብ,low,ዝቅተኛ,English-Amharic,Suppresses participation and recognition.,ተሳትፎን እና እውቅናን ይከልክላል።
3411,Everyone has value in this room.,በዚህ ክፍል ያለ ሁሉም ሰው ዋጋ አለው።,safe,ጥሩ ንግግር,none,የለም,No,የለም,none,የለም,zero,ዜሮ,English-Amharic,"Affirms dignity, cooperation, and mutual respect.",ክብርን፣ ትብብርን እና መከባበርን ያበረታታል።
3412,You have no place among us.,ከእኛ መካከል ቦታ የለህም።,hate_speech,የጥላቻ ንግግር,belonging denial,አባልነትን መከልከል,Yes,አዎ አለ,group,ቡድን,high,ከፍተኛ,English-Amharic,Denies membership and belonging.,አባልነትን እና ተሳትፎን ይከለክላል።
3413,Everyone has value in this room.,በዚህ ክፍል ያለ ሁሉም ሰው ዋጋ አለው።,safe,ጥሩ ንግግር,none,የለም,No,የለም,none,የለም,zero,ዜሮ,English-Amharic,"Affirms dignity, cooperation, and mutual respect.",ክብርን፣ ትብብርን እና መከባበርን ያበረታታል።
3414,People like them always cause trouble.,እንደ እነሱ ያሉ ሰዎች ሁልጊዜ ችግር ያመጣሉ።,hate_speech,የጥላቻ ንግግር,stereotyping,የተዛባ አመለካከት,Yes,አዎ አለ,group,ቡድን,low,ዝቅተኛ,English-Amharic,Uses harmful group stereotype.,ለአንድ ቡድን ያለ የተዛባ አመለካከት።
3415,People like them always cause trouble.,እንደ እነሱ ያሉ ሰዎች ሁልጊዜ ችግር ያመጣሉ።,hate_speech,የጥላቻ ንግግር,stereotyping,የተዛባ አመለካከት,Yes,አዎ አለ,group,ቡድን,low,ዝቅተኛ,English-Amharic,Uses harmful group stereotype.,ለአንድ ቡድን ያለ የተዛባ አመለካከት።
3416,Let us work for peace.,ለሰላም በጋራ እንስራ።,safe,ጥሩ ንግግር,none,የለም,No,የለም,none,የለም,zero,ዜሮ,English-Amharic,"Affirms dignity, cooperation, and mutual respect.",ክብርን፣ ትብብርን እና መከባበርን ያበረታታል።
3417,Let us find a solution that works for everyone.,ለሁሉም የሚሰራ መፍትሄ እንፈልግ።,safe,ጥሩ ንግግር,none,የለም,No,የለም,none,የለም,zero,ዜሮ,English-Amharic,"Affirms dignity, cooperation, and mutual respect.",ክብርን፣ ትብብርን እና መከባበርን ያበረታታል።
3418,Everyone deserves dignity.,ሁሉም ሰው ክብር ይገባዋል።,safe,ጥሩ ንግግር,none,የለም,No,የለም,none,የለም,zero,ዜሮ,English-Amharic,"Affirms dignity, cooperation, and mutual respect.",ክብርን፣ ትብብርን እና መከባበርን ያበረታታል።
3419,We should treat people fairly.,ሰዎችን በፍትሃዊነት ማየት አለብን።,safe,ጥሩ ንግግር,none,የለም,No,የለም,none,የለም,zero,ዜሮ,English-Amharic,"Affirms dignity, cooperation, and mutual respect.",ክብርን፣ ትብብርን እና መከባበርን ያበረታታል።
3420,We can solve this together.,ይህን በጋራ መፍታት እንችላለን።,safe,ጥሩ ንግግር,none,የለም,No,የለም,none,የለም,zero,ዜሮ,English-Amharic,"Affirms dignity, cooperation, and mutual respect.",ክብርን፣ ትብብርን እና መከባበርን ያበረታታል።
3421,People like them always cause trouble.,እንደ እነሱ ያሉ ሰዎች ሁልጊዜ ችግር ያመጣሉ።,hate_speech,የጥላቻ ንግግር,stereotyping,የተዛባ አመለካከት,Yes,አዎ አለ,group,ቡድን,low,ዝቅተኛ,English-Amharic,Uses harmful group stereotype.,ለአንድ ቡድን ያለ የተዛባ አመለካከት።
3422,We should speak respectfully.,በክብር መናገር አለብን።,safe,ጥሩ ንግግር,none,የለም,No,የለም,none,የለም,zero,ዜሮ,English-Amharic,"Affirms dignity, cooperation, and mutual respect.",ክብርን፣ ትብብርን እና መከባበርን ያበረታታል።
3423,Everyone has value in this room.,በዚህ ክፍል ያለ ሁሉም ሰው ዋጋ አለው።,safe,ጥሩ ንግግር,none,የለም,No,የለም,none,የለም,zero,ዜሮ,English-Amharic,"Affirms dignity, cooperation, and mutual respect.",ክብርን፣ ትብብርን እና መከባበርን ያበረታታል።
3424,People like them always cause trouble.,እንደ እነሱ ያሉ ሰዎች ሁልጊዜ ችግር ያመጣሉ።,hate_speech,የጥላቻ ንግግር,stereotyping,የተዛባ አመለካከት,Yes,አዎ አለ,group,ቡድን,low,ዝቅተኛ,English-Amharic,Uses harmful group stereotype.,ለአንድ ቡድን ያለ የተዛባ አመለካከት።
3425,They are less than human.,ከሰው በታች ናቸው።,hate_speech,የጥላቻ ንግግር,dehumanization,ሰብዓዊነትን መንፈግ,Yes,አዎ አለ,group,ቡድን,high,ከፍተኛ,English-Amharic,Strips humanity from the target.,ሰውነትን ይክዳል።
3426,We can disagree without hate.,ባንስማማም አለመጣላት እንችላለን።,safe,ጥሩ ንግግር,none,የለም,No,የለም,none,የለም,zero,ዜሮ,English-Amharic,"Affirms dignity, cooperation, and mutual respect.",ክብርን፣ ትብብርን እና መከባበርን ያበረታታል።
3427,They threaten our safety.,ደህንነታችንን ይሸብራሉ።,hate_speech,የጥላቻ ንግግር,threat,ማስፈራሪያ,Yes,አዎ አለ,group,ቡድን,high,ከፍተኛ,English-Amharic,Frames the target as danger.,እንደ ስጋት ይቀርባል።
3428,You should stay silent.,ዝም በይ።,hate_speech,የጥላቻ ንግግር,silencing,ዝም ማሰኘት,Yes,አዎ አለ,individual,ግለሰብ,low,ዝቅተኛ,English-Amharic,Suppresses participation and recognition.,ተሳትፎን እና እውቅናን ይከልክላል።
3429,Let us find a solution that works for everyone.,ለሁሉም የሚሰራ መፍትሄ እንፈልግ።,safe,ጥሩ ንግግር,none,የለም,No,የለም,none,የለም,zero,ዜሮ,English-Amharic,"Affirms dignity, cooperation, and mutual respect.",ክብርን፣ ትብብርን እና መከባበርን ያበረታታል።
3430,Their kind always ruins everything.,የእነሱ ዓይነት ሁልጊዜ ሁሉንም ያበላሻል።,hate_speech,የጥላቻ ንግግር,stereotyping,የተዛባ አመለካከት,Yes,አዎ አለ,group,ቡድን,low,ዝቅተኛ,English-Amharic,Uses harmful group stereotype.,ለአንድ ቡድን ያለ የተዛባ አመለካከት።
3431,That group is always the problem.,ያ ቡድን ሁልጊዜ ችግር ነው።,hate_speech,የጥላቻ ንግግር,stereotyping,የተዛባ አመለካከት,Yes,አዎ አለ,group,ቡድን,low,ዝቅተኛ,English-Amharic,Uses harmful group stereotype.,ለአንድ ቡድን ያለ የተዛባ አመለካከት።
3432,They are less than human.,ከሰው በታች ናቸው።,hate_speech,የጥላቻ ንግግር,dehumanization,ሰብዓዊነትን መንፈግ,Yes,አዎ አለ,group,ቡድን,high,ከፍተኛ,English-Amharic,Strips humanity from the target.,ሰውነትን ይክዳል።
3433,Nobody wants to hear you.,ማንም ሊሰማሽ አይፈልግም።,hate_speech,የጥላቻ ንግግር,silencing,ዝም ማሰኘት,Yes,አዎ አለ,individual,ግለሰብ,low,ዝቅተኛ,English-Amharic,Suppresses participation and recognition.,ተሳትፎን እና እውቅናን ይከልክላል።
3434,Everyone deserves dignity.,ሁሉም ሰው ክብር ይገባዋል።,safe,ጥሩ ንግግር,none,የለም,No,የለም,none,የለም,zero,ዜሮ,English-Amharic,"Affirms dignity, cooperation, and mutual respect.",ክብርን፣ ትብብርን እና መከባበርን ያበረታታል።
3435,They threaten our safety.,ደህንነታችንን ይሸብራሉ።,hate_speech,የጥላቻ ንግግር,threat,ማስፈራሪያ,Yes,አዎ አለ,group,ቡድን,high,ከፍተኛ,English-Amharic,Frames the target as danger.,እንደ ስጋት ይቀርባል።
3436,Get out of our space.,ከቦታችን ውጣ።,hate_speech,የጥላቻ ንግግር,exclusion,ማግለል,Yes,አዎ አለ,group,ቡድን,high,ከፍተኛ,English-Amharic,Pushes removal and rejection.,ማግለልን እና መከልከልን ያበረታታል።
3437,We can solve this together.,ይህን በጋራ መፍታት እንችላለን።,safe,ጥሩ ንግግር,none,የለም,No,የለም,none,የለም,zero,ዜሮ,English-Amharic,"Affirms dignity, cooperation, and mutual respect.",ክብርን፣ ትብብርን እና መከባበርን ያበረታታል።
3438,That group is always the problem.,ያ ቡድን ሁልጊዜ ችግር ነው።,hate_speech,የጥላቻ ንግግር,stereotyping,የተዛባ አመለካከት,Yes,አዎ አለ,group,ቡድን,low,ዝቅተኛ,English-Amharic,Uses harmful group stereotype.,ለአንድ ቡድን ያለ የተዛባ አመለካከት።
3439,They threaten our safety.,ደህንነታችንን ይሸብራሉ።,hate_speech,የጥላቻ ንግግር,threat,ማስፈራሪያ,Yes,አዎ አለ,group,ቡድን,high,ከፍተኛ,English-Amharic,Frames the target as danger.,እንደ ስጋት ይቀርባል።
3440,That group is always the problem.,ያ ቡድን ሁልጊዜ ችግር ነው።,hate_speech,የጥላቻ ንግግር,stereotyping,የተዛባ አመለካከት,Yes,አዎ አለ,group,ቡድን,low,ዝቅተኛ,English-Amharic,Uses harmful group stereotype.,ለአንድ ቡድን ያለ የተዛባ አመለካከት።
3441,Every person should be heard.,እያንዳንዱ ሰው መሰማት አለበት።,safe,ጥሩ ንግግር,none,የለም,No,የለም,none,የለም,zero,ዜሮ,English-Amharic,"Affirms dignity, cooperation, and mutual respect.",ክብርን፣ ትብብርን እና መከባበርን ያበረታታል።
3442,Every person should be heard.,እያንዳንዱ ሰው መሰማት አለበት።,safe,ጥሩ ንግግር,none,የለም,No,የለም,none,የለም,zero,ዜሮ,English-Amharic,"Affirms dignity, cooperation, and mutual respect.",ክብርን፣ ትብብርን እና መከባበርን ያበረታታል።
3443,We should treat people fairly.,ሰዎችን በፍትሃዊነት ማየት አለብን።,safe,ጥሩ ንግግር,none,የለም,No,የለም,none,የለም,zero,ዜሮ,English-Amharic,"Affirms dignity, cooperation, and mutual respect.",ክብርን፣ ትብብርን እና መከባበርን ያበረታታል።
3444,They are not real people.,እውነተኛ ሰው አይደሉም።,hate_speech,የጥላቻ ንግግር,dehumanization,ሰብዓዊነትን መንፈግ,Yes,አዎ አለ,group,ቡድን,high,ከፍተኛ,English-Amharic,Strips humanity from the target.,ሰውነትን ይክዳል።
3445,We should speak respectfully.,በክብር መናገር አለብን።,safe,ጥሩ ንግግር,none,የለም,No,የለም,none,የለም,zero,ዜሮ,English-Amharic,"Affirms dignity, cooperation, and mutual respect.",ክብርን፣ ትብብርን እና መከባበርን ያበረታታል።
3446,Everyone has value in this room.,በዚህ ክፍል ያለ ሁሉም ሰው ዋጋ አለው።,safe,ጥሩ ንግግር,none,የለም,No,የለም,none,የለም,zero,ዜሮ,English-Amharic,"Affirms dignity, cooperation, and mutual respect.",ክብርን፣ ትብብርን እና መከባበርን ያበረታታል።
3447,Get out of our space.,ከቦታችን ውጣ።,hate_speech,የጥላቻ ንግግር,exclusion,ማግለል,Yes,አዎ አለ,group,ቡድን,high,ከፍተኛ,English-Amharic,Pushes removal and rejection.,ማግለልን እና መከልከልን ያበረታታል።
3448,They threaten our safety.,ደህንነታችንን ይሸብራሉ።,hate_speech,የጥላቻ ንግግር,threat,ማስፈራሪያ,Yes,አዎ አለ,group,ቡድን,high,ከፍተኛ,English-Amharic,Frames the target as danger.,እንደ ስጋት ይቀርባል።
3449,They are a danger to everyone.,እነሱ ለሁሉም ስጋት ናቸው።,hate_speech,የጥላቻ ንግግር,threat,ማስፈራሪያ,Yes,አዎ አለ,group,ቡድን,high,ከፍተኛ,English-Amharic,Frames the target as danger.,እንደ ስጋት ይቀርባል።
3450,Everyone deserves dignity.,ሁሉም ሰው ክብር ይገባዋል።,safe,ጥሩ ንግግር,none,የለም,No,የለም,none,የለም,zero,ዜሮ,English-Amharic,"Affirms dignity, cooperation, and mutual respect.",ክብርን፣ ትብብርን እና መከባበርን ያበረታታል።
3451,Let us work for peace.,ለሰላም በጋራ እንስራ።,safe,ጥሩ ንግግር,none,የለም,No,የለም,none,የለም,zero,ዜሮ,English-Amharic,"Affirms dignity, cooperation, and mutual respect.",ክብርን፣ ትብብርን እና መከባበርን ያበረታታል።
3452,Everyone deserves dignity.,ሁሉም ሰው ክብር ይገባዋል።,safe,ጥሩ ንግግር,none,የለም,No,የለም,none,የለም,zero,ዜሮ,English-Amharic,"Affirms dignity, cooperation, and mutual respect.",ክብርን፣ ትብብርን እና መከባበርን ያበረታታል።
3453,You do not belong here.,ይህ የእናንተ ቦታ አይደለም።,hate_speech,የጥላቻ ንግግር,belonging denial,አባልነትን መከልከል,Yes,አዎ አለ,group,ቡድን,high,ከፍተኛ,English-Amharic,Denies membership and belonging.,አባልነትን እና ተሳትፎን ይከለክላል።
3454,We should correct mistakes without humiliation.,ሰዎችን ሳናዋርድ ስህተትን ማስተካከል አለብን።,safe,ጥሩ ንግግር,none,የለም,No,የለም,none,የለም,zero,ዜሮ,English-Amharic,"Affirms dignity, cooperation, and mutual respect.",ክብርን፣ ትብብርን እና መከባበርን ያበረታታል።
3455,Let us find a solution that works for everyone.,ለሁሉም የሚሰራ መፍትሄ እንፈልግ።,safe,ጥሩ ንግግር,none,የለም,No,የለም,none,የለም,zero,ዜሮ,English-Amharic,"Affirms dignity, cooperation, and mutual respect.",ክብርን፣ ትብብርን እና መከባበርን ያበረታታል።
3456,They threaten our safety.,ደህንነታችንን ይሸብራሉ።,hate_speech,የጥላቻ ንግግር,threat,ማስፈራሪያ,Yes,አዎ አለ,group,ቡድን,high,ከፍተኛ,English-Amharic,Frames the target as danger.,እንደ ስጋት ይቀርባል።
3457,They are not fully human.,እነሱ ሙሉ ሰው አይደሉም።,hate_speech,የጥላቻ ንግግር,dehumanization,ሰብዓዊነትን መንፈግ,Yes,አዎ አለ,group,ቡድን,high,ከፍተኛ,English-Amharic,Strips humanity from the target.,ሰውነትን ይክዳል።
3458,Respect helps communities grow stronger.,ክብር ማህበረሰቦችን ያጠናክራል።,safe,ጥሩ ንግግር,none,የለም,No,የለም,none,የለም,zero,ዜሮ,English-Amharic,"Affirms dignity, cooperation, and mutual respect.",ክብርን፣ ትብብርን እና መከባበርን ያበረታታል።
3459,Every person should be heard.,እያንዳንዱ ሰው መሰማት አለበት።,safe,ጥሩ ንግግር,none,የለም,No,የለም,none,የለም,zero,ዜሮ,English-Amharic,"Affirms dignity, cooperation, and mutual respect.",ክብርን፣ ትብብርን እና መከባበርን ያበረታታል።
3460,They are not fully human.,እነሱ ሙሉ ሰው አይደሉም።,hate_speech,የጥላቻ ንግግር,dehumanization,ሰብዓዊነትን መንፈግ,Yes,አዎ አለ,group,ቡድን,high,ከፍተኛ,English-Amharic,Strips humanity from the target.,ሰውነትን ይክዳል።
3461,Everyone deserves dignity.,ሁሉም ሰው ክብር ይገባዋል።,safe,ጥሩ ንግግር,none,የለም,No,የለም,none,የለም,zero,ዜሮ,English-Amharic,"Affirms dignity, cooperation, and mutual respect.",ክብርን፣ ትብብርን እና መከባበርን ያበረታታል።
3462,They are not fully human.,እነሱ ሙሉ ሰው አይደሉም።,hate_speech,የጥላቻ ንግግር,dehumanization,ሰብዓዊነትን መንፈግ,Yes,አዎ አለ,group,ቡድን,high,ከፍተኛ,English-Amharic,Strips humanity from the target.,ሰውነትን ይክዳል።
3463,People deserve fairness and care.,ሰዎች ፍትሃዊነት እና እንክብካቤ ይገባቸዋል።,safe,ጥሩ ንግግር,none,የለም,No,የለም,none,የለም,zero,ዜሮ,English-Amharic,"Affirms dignity, cooperation, and mutual respect.",ክብርን፣ ትብብርን እና መከባበርን ያበረታታል።
3464,Everyone deserves dignity.,ሁሉም ሰው ክብር ይገባዋል።,safe,ጥሩ ንግግር,none,የለም,No,የለም,none,የለም,zero,ዜሮ,English-Amharic,"Affirms dignity, cooperation, and mutual respect.",ክብርን፣ ትብብርን እና መከባበርን ያበረታታል።
3465,Leave our community now.,ከማህበረሰባችን አሁን ውጣ።,hate_speech,የጥላቻ ንግግር,exclusion,ማግለል,Yes,አዎ አለ,group,ቡድን,high,ከፍተኛ,English-Amharic,Pushes removal and rejection.,ማግለልን እና መከልከልን ያበረታታል።
3466,A fair discussion includes every voice.,ፍትሃዊ ውይይት ሁሉንም ድምፅ ያካትታል።,safe,ጥሩ ንግግር,none,የለም,No,የለም,none,የለም,zero,ዜሮ,English-Amharic,"Affirms dignity, cooperation, and mutual respect.",ክብርን፣ ትብብርን እና መከባበርን ያበረታታል።
3467,A fair discussion includes every voice.,ፍትሃዊ ውይይት ሁሉንም ድምፅ ያካትታል።,safe,ጥሩ ንግግር,none,የለም,No,የለም,none,የለም,zero,ዜሮ,English-Amharic,"Affirms dignity, cooperation, and mutual respect.",ክብርን፣ ትብብርን እና መከባበርን ያበረታታል።
3468,Respect helps communities grow stronger.,ክብር ማህበረሰቦችን ያጠናክራል።,safe,ጥሩ ንግግር,none,የለም,No,የለም,none,የለም,zero,ዜሮ,English-Amharic,"Affirms dignity, cooperation, and mutual respect.",ክብርን፣ ትብብርን እና መከባበርን ያበረታታል።
3469,Every person should be heard.,እያንዳንዱ ሰው መሰማት አለበት።,safe,ጥሩ ንግግር,none,የለም,No,የለም,none,የለም,zero,ዜሮ,English-Amharic,"Affirms dignity, cooperation, and mutual respect.",ክብርን፣ ትብብርን እና መከባበርን ያበረታታል።
3470,You do not belong here.,ይህ የእናንተ ቦታ አይደለም።,hate_speech,የጥላቻ ንግግር,belonging denial,አባልነትን መከልከል,Yes,አዎ አለ,group,ቡድን,high,ከፍተኛ,English-Amharic,Denies membership and belonging.,አባልነትን እና ተሳትፎን ይከለክላል።
3471,We should correct mistakes without humiliation.,ሰዎችን ሳናዋርድ ስህተትን ማስተካከል አለብን።,safe,ጥሩ ንግግር,none,የለም,No,የለም,none,የለም,zero,ዜሮ,English-Amharic,"Affirms dignity, cooperation, and mutual respect.",ክብርን፣ ትብብርን እና መከባበርን ያበረታታል።
3472,Let us work for peace.,ለሰላም በጋራ እንስራ።,safe,ጥሩ ንግግር,none,የለም,No,የለም,none,የለም,zero,ዜሮ,English-Amharic,"Affirms dignity, cooperation, and mutual respect.",ክብርን፣ ትብብርን እና መከባበርን ያበረታታል።
3473,Respect helps communities grow stronger.,ክብር ማህበረሰቦችን ያጠናክራል።,safe,ጥሩ ንግግር,none,የለም,No,የለም,none,የለም,zero,ዜሮ,English-Amharic,"Affirms dignity, cooperation, and mutual respect.",ክብርን፣ ትብብርን እና መከባበርን ያበረታታል።
3474,Let us work for peace.,ለሰላም በጋራ እንስራ።,safe,ጥሩ ንግግር,none,የለም,No,የለም,none,የለም,zero,ዜሮ,English-Amharic,"Affirms dignity, cooperation, and mutual respect.",ክብርን፣ ትብብርን እና መከባበርን ያበረታታል።
3475,People like them always cause trouble.,እንደ እነሱ ያሉ ሰዎች ሁልጊዜ ችግር ያመጣሉ።,hate_speech,የጥላቻ ንግግር,stereotyping,የተዛባ አመለካከት,Yes,አዎ አለ,group,ቡድን,low,ዝቅተኛ,English-Amharic,Uses harmful group stereotype.,ለአንድ ቡድን ያለ የተዛባ አመለካከት።
3476,Respect helps communities grow stronger.,ክብር ማህበረሰቦችን ያጠናክራል።,safe,ጥሩ ንግግር,none,የለም,No,የለም,none,የለም,zero,ዜሮ,English-Amharic,"Affirms dignity, cooperation, and mutual respect.",ክብርን፣ ትብብርን እና መከባበርን ያበረታታል።
3477,They threaten our safety.,ደህንነታችንን ይሸብራሉ።,hate_speech,የጥላቻ ንግግር,threat,ማስፈራሪያ,Yes,አዎ አለ,group,ቡድን,high,ከፍተኛ,English-Amharic,Frames the target as danger.,እንደ ስጋት ይቀርባል።
3478,Leave our community now.,ከማህበረሰባችን አሁን ውጣ።,hate_speech,የጥላቻ ንግግር,exclusion,ማግለል,Yes,አዎ አለ,group,ቡድን,high,ከፍተኛ,English-Amharic,Pushes removal and rejection.,ማግለልን እና መከልከልን ያበረታታል።
3479,Everyone has value in this room.,በዚህ ክፍል ያለ ሁሉም ሰው ዋጋ አለው።,safe,ጥሩ ንግግር,none,የለም,No,የለም,none,የለም,zero,ዜሮ,English-Amharic,"Affirms dignity, cooperation, and mutual respect.",ክብርን፣ ትብብርን እና መከባበርን ያበረታታል።
3480,You should be pushed out.,መባረር አለብህ።,hate_speech,የጥላቻ ንግግር,exclusion,ማግለል,Yes,አዎ አለ,group,ቡድን,high,ከፍተኛ,English-Amharic,Pushes removal and rejection.,ማግለልን እና መከልከልን ያበረታታል።
3481,Get out of our space.,ከቦታችን ውጣ።,hate_speech,የጥላቻ ንግግር,exclusion,ማግለል,Yes,አዎ አለ,group,ቡድን,high,ከፍተኛ,English-Amharic,Pushes removal and rejection.,ማግለልን እና መከልከልን ያበረታታል።
3482,We should correct mistakes without humiliation.,ሰዎችን ሳናዋርድ ስህተትን ማስተካከል አለብን።,safe,ጥሩ ንግግር,none,የለም,No,የለም,none,የለም,zero,ዜሮ,English-Amharic,"Affirms dignity, cooperation, and mutual respect.",ክብርን፣ ትብብርን እና መከባበርን ያበረታታል።
3483,We should correct mistakes without humiliation.,ሰዎችን ሳናዋርድ ስህተትን ማስተካከል አለብን።,safe,ጥሩ ንግግር,none,የለም,No,የለም,none,የለም,zero,ዜሮ,English-Amharic,"Affirms dignity, cooperation, and mutual respect.",ክብርን፣ ትብብርን እና መከባበርን ያበረታታል።
3484,Every person should be heard.,እያንዳንዱ ሰው መሰማት አለበት።,safe,ጥሩ ንግግር,none,የለም,No,የለም,none,የለም,zero,ዜሮ,English-Amharic,"Affirms dignity, cooperation, and mutual respect.",ክብርን፣ ትብብርን እና መከባበርን ያበረታታል።
3485,Every person should be heard.,እያንዳንዱ ሰው መሰማት አለበት።,safe,ጥሩ ንግግር,none,የለም,No,የለም,none,የለም,zero,ዜሮ,English-Amharic,"Affirms dignity, cooperation, and mutual respect.",ክብርን፣ ትብብርን እና መከባበርን ያበረታታል።
3486,Get out of our space.,ከቦታችን ውጣ።,hate_speech,የጥላቻ ንግግር,exclusion,ማግለል,Yes,አዎ አለ,group,ቡድን,high,ከፍተኛ,English-Amharic,Pushes removal and rejection.,ማግለልን እና መከልከልን ያበረታታል።
3487,They threaten our safety.,ደህንነታችንን ይሸብራሉ።,hate_speech,የጥላቻ ንግግር,threat,ማስፈራሪያ,Yes,አዎ አለ,group,ቡድን,high,ከፍተኛ,English-Amharic,Frames the target as danger.,እንደ ስጋት ይቀርባል።
3488,They are a danger to everyone.,እነሱ ለሁሉም ስጋት ናቸው።,hate_speech,የጥላቻ ንግግር,threat,ማስፈራሪያ,Yes,አዎ አለ,group,ቡድን,high,ከፍተኛ,English-Amharic,Frames the target as danger.,እንደ ስጋት ይቀርባል።
3489,We can disagree without hate.,ባንስማማም አለመጣላት እንችላለን።,safe,ጥሩ ንግግር,none,የለም,No,የለም,none,የለም,zero,ዜሮ,English-Amharic,"Affirms dignity, cooperation, and mutual respect.",ክብርን፣ ትብብርን እና መከባበርን ያበረታታል።
3490,Everyone deserves dignity.,ሁሉም ሰው ክብር ይገባዋል።,safe,ጥሩ ንግግር,none,የለም,No,የለም,none,የለም,zero,ዜሮ,English-Amharic,"Affirms dignity, cooperation, and mutual respect.",ክብርን፣ ትብብርን እና መከባበርን ያበረታታል።
3491,We should treat people fairly.,ሰዎችን በፍትሃዊነት ማየት አለብን።,safe,ጥሩ ንግግር,none,የለም,No,የለም,none,የለም,zero,ዜሮ,English-Amharic,"Affirms dignity, cooperation, and mutual respect.",ክብርን፣ ትብብርን እና መከባበርን ያበረታታል።
3492,We should treat people fairly.,ሰዎችን በፍትሃዊነት ማየት አለብን።,safe,ጥሩ ንግግር,none,የለም,No,የለም,none,የለም,zero,ዜሮ,English-Amharic,"Affirms dignity, cooperation, and mutual respect.",ክብርን፣ ትብብርን እና መከባበርን ያበረታታል።
3493,They are less than human.,ከሰው በታች ናቸው።,hate_speech,የጥላቻ ንግግር,dehumanization,ሰብዓዊነትን መንፈግ,Yes,አዎ አለ,group,ቡድን,high,ከፍተኛ,English-Amharic,Strips humanity from the target.,ሰውነትን ይክዳል።
3494,Let us find a solution that works for everyone.,ለሁሉም የሚሰራ መፍትሄ እንፈልግ።,safe,ጥሩ ንግግር,none,የለም,No,የለም,none,የለም,zero,ዜሮ,English-Amharic,"Affirms dignity, cooperation, and mutual respect.",ክብርን፣ ትብብርን እና መከባበርን ያበረታታል።
3495,You do not belong here.,ይህ የእናንተ ቦታ አይደለም።,hate_speech,የጥላቻ ንግግር,belonging denial,አባልነትን መከልከል,Yes,አዎ አለ,group,ቡድን,high,ከፍተኛ,English-Amharic,Denies membership and belonging.,አባልነትን እና ተሳትፎን ይከለክላል።
3496,Every person should be heard.,እያንዳንዱ ሰው መሰማት አለበት።,safe,ጥሩ ንግግር,none,የለም,No,የለም,none,የለም,zero,ዜሮ,English-Amharic,"Affirms dignity, cooperation, and mutual respect.",ክብርን፣ ትብብርን እና መከባበርን ያበረታታል።
3497,We should fear what they will do.,ምን እንደሚያደርጉ መፍራት አለብን።,hate_speech,የጥላቻ ንግግር,threat,ማስፈራሪያ,Yes,አዎ አለ,group,ቡድን,high,ከፍተኛ,English-Amharic,Frames the target as danger.,እንደ ስጋት ይቀርባል።
3498,We should speak respectfully.,በክብር መናገር አለብን።,safe,ጥሩ ንግግር,none,የለም,No,የለም,none,የለም,zero,ዜሮ,English-Amharic,"Affirms dignity, cooperation, and mutual respect.",ክብርን፣ ትብብርን እና መከባበርን ያበረታታል።
3499,Different views can still be handled kindly.,የተለያዩ አስተያየቶች በበጎ ሊታዩ ይችላሉ።,safe,ጥሩ ንግግር,none,የለም,No,የለም,none,የለም,zero,ዜሮ,English-Amharic,"Affirms dignity, cooperation, and mutual respect.",ክብርን፣ ትብብርን እና መከባበርን ያበረታታል።
3500,That group is always the problem.,ያ ቡድን ሁልጊዜ ችግር ነው።,hate_speech,የጥላቻ ንግግር,stereotyping,የተዛባ አመለካከት,Yes,አዎ አለ,group,ቡድን,low,ዝቅተኛ,English-Amharic,Uses harmful group stereotype.,ለአንድ ቡድን ያለ የተዛባ አመለካከት።
3501,Different views can still be handled kindly.,የተለያዩ አስተያየቶች በበጎ ሊታዩ ይችላሉ።,safe,ጥሩ ንግግር,none,የለም,No,የለም,none,የለም,zero,ዜሮ,English-Amharic,"Affirms dignity, cooperation, and mutual respect.",ክብርን፣ ትብብርን እና መከባበርን ያበረታታል።
3502,Their kind always ruins everything.,የእነሱ ዓይነት ሁልጊዜ ሁሉንም ያበላሻል።,hate_speech,የጥላቻ ንግግር,stereotyping,የተዛባ አመለካከት,Yes,አዎ አለ,group,ቡድን,low,ዝቅተኛ,English-Amharic,Uses harmful group stereotype.,ለአንድ ቡድን ያለ የተዛባ አመለካከት።
3503,We can disagree without hate.,ባንስማማም አለመጣላት እንችላለን።,safe,ጥሩ ንግግር,none,የለም,No,የለም,none,የለም,zero,ዜሮ,English-Amharic,"Affirms dignity, cooperation, and mutual respect.",ክብርን፣ ትብብርን እና መከባበርን ያበረታታል።
3504,Nobody wants to hear you.,ማንም ሊሰማሽ አይፈልግም።,hate_speech,የጥላቻ ንግግር,silencing,ዝም ማሰኘት,Yes,አዎ አለ,individual,ግለሰብ,low,ዝቅተኛ,English-Amharic,Suppresses participation and recognition.,ተሳትፎን እና እውቅናን ይከልክላል።
3505,A fair discussion includes every voice.,ፍትሃዊ ውይይት ሁሉንም ድምፅ ያካትታል።,safe,ጥሩ ንግግር,none,የለም,No,የለም,none,የለም,zero,ዜሮ,English-Amharic,"Affirms dignity, cooperation, and mutual respect.",ክብርን፣ ትብብርን እና መከባበርን ያበረታታል።
3506,They threaten our safety.,ደህንነታችንን ይሸብራሉ።,hate_speech,የጥላቻ ንግግር,threat,ማስፈራሪያ,Yes,አዎ አለ,group,ቡድን,high,ከፍተኛ,English-Amharic,Frames the target as danger.,እንደ ስጋት ይቀርባል።
3507,Different views can still be handled kindly.,የተለያዩ አስተያየቶች በበጎ ሊታዩ ይችላሉ።,safe,ጥሩ ንግግር,none,የለም,No,የለም,none,የለም,zero,ዜሮ,English-Amharic,"Affirms dignity, cooperation, and mutual respect.",ክብርን፣ ትብብርን እና መከባበርን ያበረታታል።
3508,You should be pushed out.,መባረር አለብህ።,hate_speech,የጥላቻ ንግግር,exclusion,ማግለል,Yes,አዎ አለ,group,ቡድን,high,ከፍተኛ,English-Amharic,Pushes removal and rejection.,ማግለልን እና መከልከልን ያበረታታል።
3509,You should be pushed out.,መባረር አለብህ።,hate_speech,የጥላቻ ንግግር,exclusion,ማግለል,Yes,አዎ አለ,group,ቡድን,high,ከፍተኛ,English-Amharic,Pushes removal and rejection.,ማግለልን እና መከልከልን ያበረታታል።
3510,Let us work for peace.,ለሰላም በጋራ እንስራ።,safe,ጥሩ ንግግር,none,የለም,No,የለም,none,የለም,zero,ዜሮ,English-Amharic,"Affirms dignity, cooperation, and mutual respect.",ክብርን፣ ትብብርን እና መከባበርን ያበረታታል።
3511,Every person should be heard.,እያንዳንዱ ሰው መሰማት አለበት።,safe,ጥሩ ንግግር,none,የለም,No,የለም,none,የለም,zero,ዜሮ,English-Amharic,"Affirms dignity, cooperation, and mutual respect.",ክብርን፣ ትብብርን እና መከባበርን ያበረታታል።
3512,That group is always the problem.,ያ ቡድን ሁልጊዜ ችግር ነው።,hate_speech,የጥላቻ ንግግር,stereotyping,የተዛባ አመለካከት,Yes,አዎ አለ,group,ቡድን,low,ዝቅተኛ,English-Amharic,Uses harmful group stereotype.,ለአንድ ቡድን ያለ የተዛባ አመለካከት።
3513,Different views can still be handled kindly.,የተለያዩ አስተያየቶች በበጎ ሊታዩ ይችላሉ።,safe,ጥሩ ንግግር,none,የለም,No,የለም,none,የለም,zero,ዜሮ,English-Amharic,"Affirms dignity, cooperation, and mutual respect.",ክብርን፣ ትብብርን እና መከባበርን ያበረታታል።
3514,They are not fully human.,እነሱ ሙሉ ሰው አይደሉም።,hate_speech,የጥላቻ ንግግር,dehumanization,ሰብዓዊነትን መንፈግ,Yes,አዎ አለ,group,ቡድን,high,ከፍተኛ,English-Amharic,Strips humanity from the target.,ሰውነትን ይክዳል።
3515,We can solve this together.,ይህን በጋራ መፍታት እንችላለን።,safe,ጥሩ ንግግር,none,የለም,No,የለም,none,የለም,zero,ዜሮ,English-Amharic,"Affirms dignity, cooperation, and mutual respect.",ክብርን፣ ትብብርን እና መከባበርን ያበረታታል።
3516,People deserve fairness and care.,ሰዎች ፍትሃዊነት እና እንክብካቤ ይገባቸዋል።,safe,ጥሩ ንግግር,none,የለም,No,የለም,none,የለም,zero,ዜሮ,English-Amharic,"Affirms dignity, cooperation, and mutual respect.",ክብርን፣ ትብብርን እና መከባበርን ያበረታታል።
3517,They threaten our safety.,ደህንነታችንን ይሸብራሉ።,hate_speech,የጥላቻ ንግግር,threat,ማስፈራሪያ,Yes,አዎ አለ,group,ቡድን,high,ከፍተኛ,English-Amharic,Frames the target as danger.,እንደ ስጋት ይቀርባል።
3518,We should treat people fairly.,ሰዎችን በፍትሃዊነት ማየት አለብን።,safe,ጥሩ ንግግር,none,የለም,No,የለም,none,የለም,zero,ዜሮ,English-Amharic,"Affirms dignity, cooperation, and mutual respect.",ክብርን፣ ትብብርን እና መከባበርን ያበረታታል።
3519,Nobody wants to hear you.,ማንም ሊሰማሽ አይፈልግም።,hate_speech,የጥላቻ ንግግር,silencing,ዝም ማሰኘት,Yes,አዎ አለ,individual,ግለሰብ,low,ዝቅተኛ,English-Amharic,Suppresses participation and recognition.,ተሳትፎን እና እውቅናን ይከልክላል።
3520,Respect helps communities grow stronger.,ክብር ማህበረሰቦችን ያጠናክራል።,safe,ጥሩ ንግግር,none,የለም,No,የለም,none,የለም,zero,ዜሮ,English-Amharic,"Affirms dignity, cooperation, and mutual respect.",ክብርን፣ ትብብርን እና መከባበርን ያበረታታል።
3521,We can solve this together.,ይህን በጋራ መፍታት እንችላለን።,safe,ጥሩ ንግግር,none,የለም,No,የለም,none,የለም,zero,ዜሮ,English-Amharic,"Affirms dignity, cooperation, and mutual respect.",ክብርን፣ ትብብርን እና መከባበርን ያበረታታል።
3522,Different views can still be handled kindly.,የተለያዩ አስተያየቶች በበጎ ሊታዩ ይችላሉ።,safe,ጥሩ ንግግር,none,የለም,No,የለም,none,የለም,zero,ዜሮ,English-Amharic,"Affirms dignity, cooperation, and mutual respect.",ክብርን፣ ትብብርን እና መከባበርን ያበረታታል።
3523,We should speak respectfully.,በክብር መናገር አለብን።,safe,ጥሩ ንግግር,none,የለም,No,የለም,none,የለም,zero,ዜሮ,English-Amharic,"Affirms dignity, cooperation, and mutual respect.",ክብርን፣ ትብብርን እና መከባበርን ያበረታታል።
3524,They are not real people.,እውነተኛ ሰው አይደሉም።,hate_speech,የጥላቻ ንግግር,dehumanization,ሰብዓዊነትን መንፈግ,Yes,አዎ አለ,group,ቡድን,high,ከፍተኛ,English-Amharic,Strips humanity from the target.,ሰውነትን ይክዳል።
3525,You should be pushed out.,መባረር አለብህ።,hate_speech,የጥላቻ ንግግር,exclusion,ማግለል,Yes,አዎ አለ,group,ቡድን,high,ከፍተኛ,English-Amharic,Pushes removal and rejection.,ማግለልን እና መከልከልን ያበረታታል።
3526,We can solve this together.,ይህን በጋራ መፍታት እንችላለን።,safe,ጥሩ ንግግር,none,የለም,No,የለም,none,የለም,zero,ዜሮ,English-Amharic,"Affirms dignity, cooperation, and mutual respect.",ክብርን፣ ትብብርን እና መከባበርን ያበረታታል።
3527,Nobody wants to hear you.,ማንም ሊሰማሽ አይፈልግም።,hate_speech,የጥላቻ ንግግር,silencing,ዝም ማሰኘት,Yes,አዎ አለ,individual,ግለሰብ,low,ዝቅተኛ,English-Amharic,Suppresses participation and recognition.,ተሳትፎን እና እውቅናን ይከልክላል።
3528,Nobody wants to hear you.,ማንም ሊሰማሽ አይፈልግም።,hate_speech,የጥላቻ ንግግር,silencing,ዝም ማሰኘት,Yes,አዎ አለ,individual,ግለሰብ,low,ዝቅተኛ,English-Amharic,Suppresses participation and recognition.,ተሳትፎን እና እውቅናን ይከልክላል።
3529,They are not fully human.,እነሱ ሙሉ ሰው አይደሉም።,hate_speech,የጥላቻ ንግግር,dehumanization,ሰብዓዊነትን መንፈግ,Yes,አዎ አለ,group,ቡድን,high,ከፍተኛ,English-Amharic,Strips humanity from the target.,ሰውነትን ይክዳል።
3530,Different views can still be handled kindly.,የተለያዩ አስተያየቶች በበጎ ሊታዩ ይችላሉ።,safe,ጥሩ ንግግር,none,የለም,No,የለም,none,የለም,zero,ዜሮ,English-Amharic,"Affirms dignity, cooperation, and mutual respect.",ክብርን፣ ትብብርን እና መከባበርን ያበረታታል።
3531,Let us work for peace.,ለሰላም በጋራ እንስራ።,safe,ጥሩ ንግግር,none,የለም,No,የለም,none,የለም,zero,ዜሮ,English-Amharic,"Affirms dignity, cooperation, and mutual respect.",ክብርን፣ ትብብርን እና መከባበርን ያበረታታል።
3532,They are a danger to everyone.,እነሱ ለሁሉም ስጋት ናቸው።,hate_speech,የጥላቻ ንግግር,threat,ማስፈራሪያ,Yes,አዎ አለ,group,ቡድን,high,ከፍተኛ,English-Amharic,Frames the target as danger.,እንደ ስጋት ይቀርባል።
3533,A fair discussion includes every voice.,ፍትሃዊ ውይይት ሁሉንም ድምፅ ያካትታል።,safe,ጥሩ ንግግር,none,የለም,No,የለም,none,የለም,zero,ዜሮ,English-Amharic,"Affirms dignity, cooperation, and mutual respect.",ክብርን፣ ትብብርን እና መከባበርን ያበረታታል።
3534,Their kind always ruins everything.,የእነሱ ዓይነት ሁልጊዜ ሁሉንም ያበላሻል።,hate_speech,የጥላቻ ንግግር,stereotyping,የተዛባ አመለካከት,Yes,አዎ አለ,group,ቡድን,low,ዝቅተኛ,English-Amharic,Uses harmful group stereotype.,ለአንድ ቡድን ያለ የተዛባ አመለካከት።
3535,You should be pushed out.,መባረር አለብህ።,hate_speech,የጥላቻ ንግግር,exclusion,ማግለል,Yes,አዎ አለ,group,ቡድን,high,ከፍተኛ,English-Amharic,Pushes removal and rejection.,ማግለልን እና መከልከልን ያበረታታል።
3536,Every person should be heard.,እያንዳንዱ ሰው መሰማት አለበት።,safe,ጥሩ ንግግር,none,የለም,No,የለም,none,የለም,zero,ዜሮ,English-Amharic,"Affirms dignity, cooperation, and mutual respect.",ክብርን፣ ትብብርን እና መከባበርን ያበረታታል።
3537,Their kind always ruins everything.,የእነሱ ዓይነት ሁልጊዜ ሁሉንም ያበላሻል።,hate_speech,የጥላቻ ንግግር,stereotyping,የተዛባ አመለካከት,Yes,አዎ አለ,group,ቡድን,low,ዝቅተኛ,English-Amharic,Uses harmful group stereotype.,ለአንድ ቡድን ያለ የተዛባ አመለካከት።
3538,They are not fully human.,እነሱ ሙሉ ሰው አይደሉም።,hate_speech,የጥላቻ ንግግር,dehumanization,ሰብዓዊነትን መንፈግ,Yes,አዎ አለ,group,ቡድን,high,ከፍተኛ,English-Amharic,Strips humanity from the target.,ሰውነትን ይክዳል።
3539,They are a danger to everyone.,እነሱ ለሁሉም ስጋት ናቸው።,hate_speech,የጥላቻ ንግግር,threat,ማስፈራሪያ,Yes,አዎ አለ,group,ቡድን,high,ከፍተኛ,English-Amharic,Frames the target as danger.,እንደ ስጋት ይቀርባል።
3540,We can solve this together.,ይህን በጋራ መፍታት እንችላለን።,safe,ጥሩ ንግግር,none,የለም,No,የለም,none,የለም,zero,ዜሮ,English-Amharic,"Affirms dignity, cooperation, and mutual respect.",ክብርን፣ ትብብርን እና መከባበርን ያበረታታል።
3541,Their kind always ruins everything.,የእነሱ ዓይነት ሁልጊዜ ሁሉንም ያበላሻል።,hate_speech,የጥላቻ ንግግር,stereotyping,የተዛባ አመለካከት,Yes,አዎ አለ,group,ቡድን,low,ዝቅተኛ,English-Amharic,Uses harmful group stereotype.,ለአንድ ቡድን ያለ የተዛባ አመለካከት።
3542,We should treat people fairly.,ሰዎችን በፍትሃዊነት ማየት አለብን።,safe,ጥሩ ንግግር,none,የለም,No,የለም,none,የለም,zero,ዜሮ,English-Amharic,"Affirms dignity, cooperation, and mutual respect.",ክብርን፣ ትብብርን እና መከባበርን ያበረታታል።
3543,Every person should be heard.,እያንዳንዱ ሰው መሰማት አለበት።,safe,ጥሩ ንግግር,none,የለም,No,የለም,none,የለም,zero,ዜሮ,English-Amharic,"Affirms dignity, cooperation, and mutual respect.",ክብርን፣ ትብብርን እና መከባበርን ያበረታታል።
3544,Your voice does not matter here.,እዚህ ድምፅሽ ዋጋ የለውም።,hate_speech,የጥላቻ ንግግር,silencing,ዝም ማሰኘት,Yes,አዎ አለ,individual,ግለሰብ,low,ዝቅተኛ,English-Amharic,Suppresses participation and recognition.,ተሳትፎን እና እውቅናን ይከልክላል።
3545,You have no place among us.,ከእኛ መካከል ቦታ የለህም።,hate_speech,የጥላቻ ንግግር,belonging denial,አባልነትን መከልከል,Yes,አዎ አለ,group,ቡድን,high,ከፍተኛ,English-Amharic,Denies membership and belonging.,አባልነትን እና ተሳትፎን ይከለክላል።
3546,Everyone deserves dignity.,ሁሉም ሰው ክብር ይገባዋል።,safe,ጥሩ ንግግር,none,የለም,No,የለም,none,የለም,zero,ዜሮ,English-Amharic,"Affirms dignity, cooperation, and mutual respect.",ክብርን፣ ትብብርን እና መከባበርን ያበረታታል።
3547,You have no place among us.,ከእኛ መካከል ቦታ የለህም።,hate_speech,የጥላቻ ንግግር,belonging denial,አባልነትን መከልከል,Yes,አዎ አለ,group,ቡድን,high,ከፍተኛ,English-Amharic,Denies membership and belonging.,አባልነትን እና ተሳትፎን ይከለክላል።
3548,We should correct mistakes without humiliation.,ሰዎችን ሳናዋርድ ስህተትን ማስተካከል አለብን።,safe,ጥሩ ንግግር,none,የለም,No,የለም,none,የለም,zero,ዜሮ,English-Amharic,"Affirms dignity, cooperation, and mutual respect.",ክብርን፣ ትብብርን እና መከባበርን ያበረታታል።
3549,You should be pushed out.,መባረር አለብህ።,hate_speech,የጥላቻ ንግግር,exclusion,ማግለል,Yes,አዎ አለ,group,ቡድን,high,ከፍተኛ,English-Amharic,Pushes removal and rejection.,ማግለልን እና መከልከልን ያበረታታል።
3550,They are not real people.,እውነተኛ ሰው አይደሉም።,hate_speech,የጥላቻ ንግግር,dehumanization,ሰብዓዊነትን መንፈግ,Yes,አዎ አለ,group,ቡድን,high,ከፍተኛ,English-Amharic,Strips humanity from the target.,ሰውነትን ይክዳል።
3551,We should treat people fairly.,ሰዎችን በፍትሃዊነት ማየት አለብን።,safe,ጥሩ ንግግር,none,የለም,No,የለም,none,የለም,zero,ዜሮ,English-Amharic,"Affirms dignity, cooperation, and mutual respect.",ክብርን፣ ትብብርን እና መከባበርን ያበረታታል።
3552,You should stay silent.,ዝም በይ።,hate_speech,የጥላቻ ንግግር,silencing,ዝም ማሰኘት,Yes,አዎ አለ,individual,ግለሰብ,low,ዝቅተኛ,English-Amharic,Suppresses participation and recognition.,ተሳትፎን እና እውቅናን ይከልክላል።
3553,We should listen before judging.,ከመፍረድ በፊት ማዳመጥ አለብን።,safe,ጥሩ ንግግር,none,የለም,No,የለም,none,የለም,zero,ዜሮ,English-Amharic,"Affirms dignity, cooperation, and mutual respect.",ክብርን፣ ትብብርን እና መከባበርን ያበረታታል።
3554,You have no place among us.,ከእኛ መካከል ቦታ የለህም።,hate_speech,የጥላቻ ንግግር,belonging denial,አባልነትን መከልከል,Yes,አዎ አለ,group,ቡድን,high,ከፍተኛ,English-Amharic,Denies membership and belonging.,አባልነትን እና ተሳትፎን ይከለክላል።
3555,Let us find a solution that works for everyone.,ለሁሉም የሚሰራ መፍትሄ እንፈልግ።,safe,ጥሩ ንግግር,none,የለም,No,የለም,none,የለም,zero,ዜሮ,English-Amharic,"Affirms dignity, cooperation, and mutual respect.",ክብርን፣ ትብብርን እና መከባበርን ያበረታታል።
3556,They are not real people.,እውነተኛ ሰው አይደሉም።,hate_speech,የጥላቻ ንግግር,dehumanization,ሰብዓዊነትን መንፈግ,Yes,አዎ አለ,group,ቡድን,high,ከፍተኛ,English-Amharic,Strips humanity from the target.,ሰውነትን ይክዳል።
3557,We should listen before judging.,ከመፍረድ በፊት ማዳመጥ አለብን።,safe,ጥሩ ንግግር,none,የለም,No,የለም,none,የለም,zero,ዜሮ,English-Amharic,"Affirms dignity, cooperation, and mutual respect.",ክብርን፣ ትብብርን እና መከባበርን ያበረታታል።
3558,Everyone has value in this room.,በዚህ ክፍል ያለ ሁሉም ሰው ዋጋ አለው።,safe,ጥሩ ንግግር,none,የለም,No,የለም,none,የለም,zero,ዜሮ,English-Amharic,"Affirms dignity, cooperation, and mutual respect.",ክብርን፣ ትብብርን እና መከባበርን ያበረታታል።
3559,We should speak respectfully.,በክብር መናገር አለብን።,safe,ጥሩ ንግግር,none,የለም,No,የለም,none,የለም,zero,ዜሮ,English-Amharic,"Affirms dignity, cooperation, and mutual respect.",ክብርን፣ ትብብርን እና መከባበርን ያበረታታል።
3560,They are not real people.,እውነተኛ ሰው አይደሉም።,hate_speech,የጥላቻ ንግግር,dehumanization,ሰብዓዊነትን መንፈግ,Yes,አዎ አለ,group,ቡድን,high,ከፍተኛ,English-Amharic,Strips humanity from the target.,ሰውነትን ይክዳል።
3561,You have no place among us.,ከእኛ መካከል ቦታ የለህም።,hate_speech,የጥላቻ ንግግር,belonging denial,አባልነትን መከልከል,Yes,አዎ አለ,group,ቡድን,high,ከፍተኛ,English-Amharic,Denies membership and belonging.,አባልነትን እና ተሳትፎን ይከለክላል።
3562,We can disagree without hate.,ባንስማማም አለመጣላት እንችላለን።,safe,ጥሩ ንግግር,none,የለም,No,የለም,none,የለም,zero,ዜሮ,English-Amharic,"Affirms dignity, cooperation, and mutual respect.",ክብርን፣ ትብብርን እና መከባበርን ያበረታታል።
3563,Nobody wants to hear you.,ማንም ሊሰማሽ አይፈልግም።,hate_speech,የጥላቻ ንግግር,silencing,ዝም ማሰኘት,Yes,አዎ አለ,individual,ግለሰብ,low,ዝቅተኛ,English-Amharic,Suppresses participation and recognition.,ተሳትፎን እና እውቅናን ይከልክላል።
3564,We should fear what they will do.,ምን እንደሚያደርጉ መፍራት አለብን።,hate_speech,የጥላቻ ንግግር,threat,ማስፈራሪያ,Yes,አዎ አለ,group,ቡድን,high,ከፍተኛ,English-Amharic,Frames the target as danger.,እንደ ስጋት ይቀርባል።
3565,They threaten our safety.,ደህንነታችንን ይሸብራሉ።,hate_speech,የጥላቻ ንግግር,threat,ማስፈራሪያ,Yes,አዎ አለ,group,ቡድን,high,ከፍተኛ,English-Amharic,Frames the target as danger.,እንደ ስጋት ይቀርባል።
3566,Let us work for peace.,ለሰላም በጋራ እንስራ።,safe,ጥሩ ንግግር,none,የለም,No,የለም,none,የለም,zero,ዜሮ,English-Amharic,"Affirms dignity, cooperation, and mutual respect.",ክብርን፣ ትብብርን እና መከባበርን ያበረታታል።
3567,We can disagree without hate.,ባንስማማም አለመጣላት እንችላለን።,safe,ጥሩ ንግግር,none,የለም,No,የለም,none,የለም,zero,ዜሮ,English-Amharic,"Affirms dignity, cooperation, and mutual respect.",ክብርን፣ ትብብርን እና መከባበርን ያበረታታል።
3568,They are not real people.,እውነተኛ ሰው አይደሉም።,hate_speech,የጥላቻ ንግግር,dehumanization,ሰብዓዊነትን መንፈግ,Yes,አዎ አለ,group,ቡድን,high,ከፍተኛ,English-Amharic,Strips humanity from the target.,ሰውነትን ይክዳል።
3569,We can solve this together.,ይህን በጋራ መፍታት እንችላለን።,safe,ጥሩ ንግግር,none,የለም,No,የለም,none,የለም,zero,ዜሮ,English-Amharic,"Affirms dignity, cooperation, and mutual respect.",ክብርን፣ ትብብርን እና መከባበርን ያበረታታል።
3570,They threaten our safety.,ደህንነታችንን ይሸብራሉ።,hate_speech,የጥላቻ ንግግር,threat,ማስፈራሪያ,Yes,አዎ አለ,group,ቡድን,high,ከፍተኛ,English-Amharic,Frames the target as danger.,እንደ ስጋት ይቀርባል።
3571,Respect helps communities grow stronger.,ክብር ማህበረሰቦችን ያጠናክራል።,safe,ጥሩ ንግግር,none,የለም,No,የለም,none,የለም,zero,ዜሮ,English-Amharic,"Affirms dignity, cooperation, and mutual respect.",ክብርን፣ ትብብርን እና መከባበርን ያበረታታል።
3572,People deserve fairness and care.,ሰዎች ፍትሃዊነት እና እንክብካቤ ይገባቸዋል።,safe,ጥሩ ንግግር,none,የለም,No,የለም,none,የለም,zero,ዜሮ,English-Amharic,"Affirms dignity, cooperation, and mutual respect.",ክብርን፣ ትብብርን እና መከባበርን ያበረታታል።
3573,You do not belong in this community.,በዚህ ማህበረሰብ ውስጥ አትገባም።,hate_speech,የጥላቻ ንግግር,belonging denial,አባልነትን መከልከል,Yes,አዎ አለ,group,ቡድን,high,ከፍተኛ,English-Amharic,Denies membership and belonging.,አባልነትን እና ተሳትፎን ይከለክላል።
3574,We should listen before judging.,ከመፍረድ በፊት ማዳመጥ አለብን።,safe,ጥሩ ንግግር,none,የለም,No,የለም,none,የለም,zero,ዜሮ,English-Amharic,"Affirms dignity, cooperation, and mutual respect.",ክብርን፣ ትብብርን እና መከባበርን ያበረታታል።
3575,They threaten our safety.,ደህንነታችንን ይሸብራሉ።,hate_speech,የጥላቻ ንግግር,threat,ማስፈራሪያ,Yes,አዎ አለ,group,ቡድን,high,ከፍተኛ,English-Amharic,Frames the target as danger.,እንደ ስጋት ይቀርባል።
3576,Nobody wants to hear you.,ማንም ሊሰማሽ አይፈልግም።,hate_speech,የጥላቻ ንግግር,silencing,ዝም ማሰኘት,Yes,አዎ አለ,individual,ግለሰብ,low,ዝቅተኛ,English-Amharic,Suppresses participation and recognition.,ተሳትፎን እና እውቅናን ይከልክላል።
3577,We can solve this together.,ይህን በጋራ መፍታት እንችላለን።,safe,ጥሩ ንግግር,none,የለም,No,የለም,none,የለም,zero,ዜሮ,English-Amharic,"Affirms dignity, cooperation, and mutual respect.",ክብርን፣ ትብብርን እና መከባበርን ያበረታታል።
3578,Different views can still be handled kindly.,የተለያዩ አስተያየቶች በበጎ ሊታዩ ይችላሉ።,safe,ጥሩ ንግግር,none,የለም,No,የለም,none,የለም,zero,ዜሮ,English-Amharic,"Affirms dignity, cooperation, and mutual respect.",ክብርን፣ ትብብርን እና መከባበርን ያበረታታል።
3579,People deserve fairness and care.,ሰዎች ፍትሃዊነት እና እንክብካቤ ይገባቸዋል።,safe,ጥሩ ንግግር,none,የለም,No,የለም,none,የለም,zero,ዜሮ,English-Amharic,"Affirms dignity, cooperation, and mutual respect.",ክብርን፣ ትብብርን እና መከባበርን ያበረታታል።
3580,They are not real people.,እውነተኛ ሰው አይደሉም።,hate_speech,የጥላቻ ንግግር,dehumanization,ሰብዓዊነትን መንፈግ,Yes,አዎ አለ,group,ቡድን,high,ከፍተኛ,English-Amharic,Strips humanity from the target.,ሰውነትን ይክዳል።
3581,A fair discussion includes every voice.,ፍትሃዊ ውይይት ሁሉንም ድምፅ ያካትታል።,safe,ጥሩ ንግግር,none,የለም,No,የለም,none,የለም,zero,ዜሮ,English-Amharic,"Affirms dignity, cooperation, and mutual respect.",ክብርን፣ ትብብርን እና መከባበርን ያበረታታል።
3582,We should listen before judging.,ከመፍረድ በፊት ማዳመጥ አለብን።,safe,ጥሩ ንግግር,none,የለም,No,የለም,none,የለም,zero,ዜሮ,English-Amharic,"Affirms dignity, cooperation, and mutual respect.",ክብርን፣ ትብብርን እና መከባበርን ያበረታታል።
3583,Everyone has value in this room.,በዚህ ክፍል ያለ ሁሉም ሰው ዋጋ አለው።,safe,ጥሩ ንግግር,none,የለም,No,የለም,none,የለም,zero,ዜሮ,English-Amharic,"Affirms dignity, cooperation, and mutual respect.",ክብርን፣ ትብብርን እና መከባበርን ያበረታታል።
3584,Let us work for peace.,ለሰላም በጋራ እንስራ።,safe,ጥሩ ንግግር,none,የለም,No,የለም,none,የለም,zero,ዜሮ,English-Amharic,"Affirms dignity, cooperation, and mutual respect.",ክብርን፣ ትብብርን እና መከባበርን ያበረታታል።
3585,Different views can still be handled kindly.,የተለያዩ አስተያየቶች በበጎ ሊታዩ ይችላሉ።,safe,ጥሩ ንግግር,none,የለም,No,የለም,none,የለም,zero,ዜሮ,English-Amharic,"Affirms dignity, cooperation, and mutual respect.",ክብርን፣ ትብብርን እና መከባበርን ያበረታታል።
3586,Leave our community now.,ከማህበረሰባችን አሁን ውጣ።,hate_speech,የጥላቻ ንግግር,exclusion,ማግለል,Yes,አዎ አለ,group,ቡድን,high,ከፍተኛ,English-Amharic,Pushes removal and rejection.,ማግለልን እና መከልከልን ያበረታታል።
3587,Let us find a solution that works for everyone.,ለሁሉም የሚሰራ መፍትሄ እንፈልግ።,safe,ጥሩ ንግግር,none,የለም,No,የለም,none,የለም,zero,ዜሮ,English-Amharic,"Affirms dignity, cooperation, and mutual respect.",ክብርን፣ ትብብርን እና መከባበርን ያበረታታል።
3588,You should stay silent.,ዝም በይ።,hate_speech,የጥላቻ ንግግር,silencing,ዝም ማሰኘት,Yes,አዎ አለ,individual,ግለሰብ,low,ዝቅተኛ,English-Amharic,Suppresses participation and recognition.,ተሳትፎን እና እውቅናን ይከልክላል።
3589,Let us work for peace.,ለሰላም በጋራ እንስራ።,safe,ጥሩ ንግግር,none,የለም,No,የለም,none,የለም,zero,ዜሮ,English-Amharic,"Affirms dignity, cooperation, and mutual respect.",ክብርን፣ ትብብርን እና መከባበርን ያበረታታል።
3590,Every person should be heard.,እያንዳንዱ ሰው መሰማት አለበት።,safe,ጥሩ ንግግር,none,የለም,No,የለም,none,የለም,zero,ዜሮ,English-Amharic,"Affirms dignity, cooperation, and mutual respect.",ክብርን፣ ትብብርን እና መከባበርን ያበረታታል።
3591,Everyone deserves dignity.,ሁሉም ሰው ክብር ይገባዋል።,safe,ጥሩ ንግግር,none,የለም,No,የለም,none,የለም,zero,ዜሮ,English-Amharic,"Affirms dignity, cooperation, and mutual respect.",ክብርን፣ ትብብርን እና መከባበርን ያበረታታል።
3592,We should treat people fairly.,ሰዎችን በፍትሃዊነት ማየት አለብን።,safe,ጥሩ ንግግር,none,የለም,No,የለም,none,የለም,zero,ዜሮ,English-Amharic,"Affirms dignity, cooperation, and mutual respect.",ክብርን፣ ትብብርን እና መከባበርን ያበረታታል።
3593,We can disagree without hate.,ባንስማማም አለመጣላት እንችላለን።,safe,ጥሩ ንግግር,none,የለም,No,የለም,none,የለም,zero,ዜሮ,English-Amharic,"Affirms dignity, cooperation, and mutual respect.",ክብርን፣ ትብብርን እና መከባበርን ያበረታታል።
3594,Your voice does not matter here.,እዚህ ድምፅሽ ዋጋ የለውም።,hate_speech,የጥላቻ ንግግር,silencing,ዝም ማሰኘት,Yes,አዎ አለ,individual,ግለሰብ,low,ዝቅተኛ,English-Amharic,Suppresses participation and recognition.,ተሳትፎን እና እውቅናን ይከልክላል።
3595,Your voice does not matter here.,እዚህ ድምፅሽ ዋጋ የለውም።,hate_speech,የጥላቻ ንግግር,silencing,ዝም ማሰኘት,Yes,አዎ አለ,individual,ግለሰብ,low,ዝቅተኛ,English-Amharic,Suppresses participation and recognition.,ተሳትፎን እና እውቅናን ይከልክላል።
3596,Every person should be heard.,እያንዳንዱ ሰው መሰማት አለበት።,safe,ጥሩ ንግግር,none,የለም,No,የለም,none,የለም,zero,ዜሮ,English-Amharic,"Affirms dignity, cooperation, and mutual respect.",ክብርን፣ ትብብርን እና መከባበርን ያበረታታል።
3597,We should fear what they will do.,ምን እንደሚያደርጉ መፍራት አለብን።,hate_speech,የጥላቻ ንግግር,threat,ማስፈራሪያ,Yes,አዎ አለ,group,ቡድን,high,ከፍተኛ,English-Amharic,Frames the target as danger.,እንደ ስጋት ይቀርባል።
3598,A fair discussion includes every voice.,ፍትሃዊ ውይይት ሁሉንም ድምፅ ያካትታል።,safe,ጥሩ ንግግር,none,የለም,No,የለም,none,የለም,zero,ዜሮ,English-Amharic,"Affirms dignity, cooperation, and mutual respect.",ክብርን፣ ትብብርን እና መከባበርን ያበረታታል።
3599,They are not real people.,እውነተኛ ሰው አይደሉም።,hate_speech,የጥላቻ ንግግር,dehumanization,ሰብዓዊነትን መንፈግ,Yes,አዎ አለ,group,ቡድን,high,ከፍተኛ,English-Amharic,Strips humanity from the target.,ሰውነትን ይክዳል።
3600,They are not real people.,እውነተኛ ሰው አይደሉም።,hate_speech,የጥላቻ ንግግር,dehumanization,ሰብዓዊነትን መንፈግ,Yes,አዎ አለ,group,ቡድን,high,ከፍተኛ,English-Amharic,Strips humanity from the target.,ሰውነትን ይክዳል።
3601,We can disagree without hate.,ባንስማማም አለመጣላት እንችላለን።,safe,ጥሩ ንግግር,none,የለም,No,የለም,none,የለም,zero,ዜሮ,English-Amharic,"Affirms dignity, cooperation, and mutual respect.",ክብርን፣ ትብብርን እና መከባበርን ያበረታታል።
3602,They are not fully human.,እነሱ ሙሉ ሰው አይደሉም።,hate_speech,የጥላቻ ንግግር,dehumanization,ሰብዓዊነትን መንፈግ,Yes,አዎ አለ,group,ቡድን,high,ከፍተኛ,English-Amharic,Strips humanity from the target.,ሰውነትን ይክዳል።
3603,Everyone has value in this room.,በዚህ ክፍል ያለ ሁሉም ሰው ዋጋ አለው።,safe,ጥሩ ንግግር,none,የለም,No,የለም,none,የለም,zero,ዜሮ,English-Amharic,"Affirms dignity, cooperation, and mutual respect.",ክብርን፣ ትብብርን እና መከባበርን ያበረታታል።
3604,They are not fully human.,እነሱ ሙሉ ሰው አይደሉም።,hate_speech,የጥላቻ ንግግር,dehumanization,ሰብዓዊነትን መንፈግ,Yes,አዎ አለ,group,ቡድን,high,ከፍተኛ,English-Amharic,Strips humanity from the target.,ሰውነትን ይክዳል።
3605,You do not belong here.,ይህ የእናንተ ቦታ አይደለም።,hate_speech,የጥላቻ ንግግር,belonging denial,አባልነትን መከልከል,Yes,አዎ አለ,group,ቡድን,high,ከፍተኛ,English-Amharic,Denies membership and belonging.,አባልነትን እና ተሳትፎን ይከለክላል።
3606,Their kind always ruins everything.,የእነሱ ዓይነት ሁልጊዜ ሁሉንም ያበላሻል።,hate_speech,የጥላቻ ንግግር,stereotyping,የተዛባ አመለካከት,Yes,አዎ አለ,group,ቡድን,low,ዝቅተኛ,English-Amharic,Uses harmful group stereotype.,ለአንድ ቡድን ያለ የተዛባ አመለካከት።
3607,Nobody wants to hear you.,ማንም ሊሰማሽ አይፈልግም።,hate_speech,የጥላቻ ንግግር,silencing,ዝም ማሰኘት,Yes,አዎ አለ,individual,ግለሰብ,low,ዝቅተኛ,English-Amharic,Suppresses participation and recognition.,ተሳትፎን እና እውቅናን ይከልክላል።
3608,Let us find a solution that works for everyone.,ለሁሉም የሚሰራ መፍትሄ እንፈልግ።,safe,ጥሩ ንግግር,none,የለም,No,የለም,none,የለም,zero,ዜሮ,English-Amharic,"Affirms dignity, cooperation, and mutual respect.",ክብርን፣ ትብብርን እና መከባበርን ያበረታታል።
3609,They are not real people.,እውነተኛ ሰው አይደሉም።,hate_speech,የጥላቻ ንግግር,dehumanization,ሰብዓዊነትን መንፈግ,Yes,አዎ አለ,group,ቡድን,high,ከፍተኛ,English-Amharic,Strips humanity from the target.,ሰውነትን ይክዳል።
3610,Let us work for peace.,ለሰላም በጋራ እንስራ።,safe,ጥሩ ንግግር,none,የለም,No,የለም,none,የለም,zero,ዜሮ,English-Amharic,"Affirms dignity, cooperation, and mutual respect.",ክብርን፣ ትብብርን እና መከባበርን ያበረታታል።
3611,We can solve this together.,ይህን በጋራ መፍታት እንችላለን።,safe,ጥሩ ንግግር,none,የለም,No,የለም,none,የለም,zero,ዜሮ,English-Amharic,"Affirms dignity, cooperation, and mutual respect.",ክብርን፣ ትብብርን እና መከባበርን ያበረታታል።
3612,Respect helps communities grow stronger.,ክብር ማህበረሰቦችን ያጠናክራል።,safe,ጥሩ ንግግር,none,የለም,No,የለም,none,የለም,zero,ዜሮ,English-Amharic,"Affirms dignity, cooperation, and mutual respect.",ክብርን፣ ትብብርን እና መከባበርን ያበረታታል።
3613,You do not belong here.,ይህ የእናንተ ቦታ አይደለም።,hate_speech,የጥላቻ ንግግር,belonging denial,አባልነትን መከልከል,Yes,አዎ አለ,group,ቡድን,high,ከፍተኛ,English-Amharic,Denies membership and belonging.,አባልነትን እና ተሳትፎን ይከለክላል።
3614,They are not fully human.,እነሱ ሙሉ ሰው አይደሉም።,hate_speech,የጥላቻ ንግግር,dehumanization,ሰብዓዊነትን መንፈግ,Yes,አዎ አለ,group,ቡድን,high,ከፍተኛ,English-Amharic,Strips humanity from the target.,ሰውነትን ይክዳል።
3615,Get out of our space.,ከቦታችን ውጣ።,hate_speech,የጥላቻ ንግግር,exclusion,ማግለል,Yes,አዎ አለ,group,ቡድን,high,ከፍተኛ,English-Amharic,Pushes removal and rejection.,ማግለልን እና መከልከልን ያበረታታል።
3616,Let us find a solution that works for everyone.,ለሁሉም የሚሰራ መፍትሄ እንፈልግ።,safe,ጥሩ ንግግር,none,የለም,No,የለም,none,የለም,zero,ዜሮ,English-Amharic,"Affirms dignity, cooperation, and mutual respect.",ክብርን፣ ትብብርን እና መከባበርን ያበረታታል።
3617,Let us work for peace.,ለሰላም በጋራ እንስራ።,safe,ጥሩ ንግግር,none,የለም,No,የለም,none,የለም,zero,ዜሮ,English-Amharic,"Affirms dignity, cooperation, and mutual respect.",ክብርን፣ ትብብርን እና መከባበርን ያበረታታል።
3618,We should speak respectfully.,በክብር መናገር አለብን።,safe,ጥሩ ንግግር,none,የለም,No,የለም,none,የለም,zero,ዜሮ,English-Amharic,"Affirms dignity, cooperation, and mutual respect.",ክብርን፣ ትብብርን እና መከባበርን ያበረታታል።
3619,We should fear what they will do.,ምን እንደሚያደርጉ መፍራት አለብን።,hate_speech,የጥላቻ ንግግር,threat,ማስፈራሪያ,Yes,አዎ አለ,group,ቡድን,high,ከፍተኛ,English-Amharic,Frames the target as danger.,እንደ ስጋት ይቀርባል።
3620,Everyone has value in this room.,በዚህ ክፍል ያለ ሁሉም ሰው ዋጋ አለው።,safe,ጥሩ ንግግር,none,የለም,No,የለም,none,የለም,zero,ዜሮ,English-Amharic,"Affirms dignity, cooperation, and mutual respect.",ክብርን፣ ትብብርን እና መከባበርን ያበረታታል።
3621,Everyone has value in this room.,በዚህ ክፍል ያለ ሁሉም ሰው ዋጋ አለው።,safe,ጥሩ ንግግር,none,የለም,No,የለም,none,የለም,zero,ዜሮ,English-Amharic,"Affirms dignity, cooperation, and mutual respect.",ክብርን፣ ትብብርን እና መከባበርን ያበረታታል።
3622,Every person should be heard.,እያንዳንዱ ሰው መሰማት አለበት።,safe,ጥሩ ንግግር,none,የለም,No,የለም,none,የለም,zero,ዜሮ,English-Amharic,"Affirms dignity, cooperation, and mutual respect.",ክብርን፣ ትብብርን እና መከባበርን ያበረታታል።
3623,We should speak respectfully.,በክብር መናገር አለብን።,safe,ጥሩ ንግግር,none,የለም,No,የለም,none,የለም,zero,ዜሮ,English-Amharic,"Affirms dignity, cooperation, and mutual respect.",ክብርን፣ ትብብርን እና መከባበርን ያበረታታል።
3624,They are not fully human.,እነሱ ሙሉ ሰው አይደሉም።,hate_speech,የጥላቻ ንግግር,dehumanization,ሰብዓዊነትን መንፈግ,Yes,አዎ አለ,group,ቡድን,high,ከፍተኛ,English-Amharic,Strips humanity from the target.,ሰውነትን ይክዳል።
3625,They threaten our safety.,ደህንነታችንን ይሸብራሉ።,hate_speech,የጥላቻ ንግግር,threat,ማስፈራሪያ,Yes,አዎ አለ,group,ቡድን,high,ከፍተኛ,English-Amharic,Frames the target as danger.,እንደ ስጋት ይቀርባል።
3626,A fair discussion includes every voice.,ፍትሃዊ ውይይት ሁሉንም ድምፅ ያካትታል።,safe,ጥሩ ንግግር,none,የለም,No,የለም,none,የለም,zero,ዜሮ,English-Amharic,"Affirms dignity, cooperation, and mutual respect.",ክብርን፣ ትብብርን እና መከባበርን ያበረታታል።
3627,They are less than human.,ከሰው በታች ናቸው።,hate_speech,የጥላቻ ንግግር,dehumanization,ሰብዓዊነትን መንፈግ,Yes,አዎ አለ,group,ቡድን,high,ከፍተኛ,English-Amharic,Strips humanity from the target.,ሰውነትን ይክዳል።
3628,We can disagree without hate.,ባንስማማም አለመጣላት እንችላለን።,safe,ጥሩ ንግግር,none,የለም,No,የለም,none,የለም,zero,ዜሮ,English-Amharic,"Affirms dignity, cooperation, and mutual respect.",ክብርን፣ ትብብርን እና መከባበርን ያበረታታል።
3629,Everyone deserves dignity.,ሁሉም ሰው ክብር ይገባዋል።,safe,ጥሩ ንግግር,none,የለም,No,የለም,none,የለም,zero,ዜሮ,English-Amharic,"Affirms dignity, cooperation, and mutual respect.",ክብርን፣ ትብብርን እና መከባበርን ያበረታታል።
3630,We should treat people fairly.,ሰዎችን በፍትሃዊነት ማየት አለብን።,safe,ጥሩ ንግግር,none,የለም,No,የለም,none,የለም,zero,ዜሮ,English-Amharic,"Affirms dignity, cooperation, and mutual respect.",ክብርን፣ ትብብርን እና መከባበርን ያበረታታል።
3631,Everyone has value in this room.,በዚህ ክፍል ያለ ሁሉም ሰው ዋጋ አለው።,safe,ጥሩ ንግግር,none,የለም,No,የለም,none,የለም,zero,ዜሮ,English-Amharic,"Affirms dignity, cooperation, and mutual respect.",ክብርን፣ ትብብርን እና መከባበርን ያበረታታል።
3632,Get out of our space.,ከቦታችን ውጣ።,hate_speech,የጥላቻ ንግግር,exclusion,ማግለል,Yes,አዎ አለ,group,ቡድን,high,ከፍተኛ,English-Amharic,Pushes removal and rejection.,ማግለልን እና መከልከልን ያበረታታል።
3633,Every person should be heard.,እያንዳንዱ ሰው መሰማት አለበት።,safe,ጥሩ ንግግር,none,የለም,No,የለም,none,የለም,zero,ዜሮ,English-Amharic,"Affirms dignity, cooperation, and mutual respect.",ክብርን፣ ትብብርን እና መከባበርን ያበረታታል።
3634,Everyone has value in this room.,በዚህ ክፍል ያለ ሁሉም ሰው ዋጋ አለው።,safe,ጥሩ ንግግር,none,የለም,No,የለም,none,የለም,zero,ዜሮ,English-Amharic,"Affirms dignity, cooperation, and mutual respect.",ክብርን፣ ትብብርን እና መከባበርን ያበረታታል።
3635,Leave our community now.,ከማህበረሰባችን አሁን ውጣ።,hate_speech,የጥላቻ ንግግር,exclusion,ማግለል,Yes,አዎ አለ,group,ቡድን,high,ከፍተኛ,English-Amharic,Pushes removal and rejection.,ማግለልን እና መከልከልን ያበረታታል።
3636,Leave our community now.,ከማህበረሰባችን አሁን ውጣ።,hate_speech,የጥላቻ ንግግር,exclusion,ማግለል,Yes,አዎ አለ,group,ቡድን,high,ከፍተኛ,English-Amharic,Pushes removal and rejection.,ማግለልን እና መከልከልን ያበረታታል።
3637,Respect helps communities grow stronger.,ክብር ማህበረሰቦችን ያጠናክራል።,safe,ጥሩ ንግግር,none,የለም,No,የለም,none,የለም,zero,ዜሮ,English-Amharic,"Affirms dignity, cooperation, and mutual respect.",ክብርን፣ ትብብርን እና መከባበርን ያበረታታል።
3638,They are not fully human.,እነሱ ሙሉ ሰው አይደሉም።,hate_speech,የጥላቻ ንግግር,dehumanization,ሰብዓዊነትን መንፈግ,Yes,አዎ አለ,group,ቡድን,high,ከፍተኛ,English-Amharic,Strips humanity from the target.,ሰውነትን ይክዳል።
3639,Get out of our space.,ከቦታችን ውጣ።,hate_speech,የጥላቻ ንግግር,exclusion,ማግለል,Yes,አዎ አለ,group,ቡድን,high,ከፍተኛ,English-Amharic,Pushes removal and rejection.,ማግለልን እና መከልከልን ያበረታታል።
3640,We can disagree without hate.,ባንስማማም አለመጣላት እንችላለን።,safe,ጥሩ ንግግር,none,የለም,No,የለም,none,የለም,zero,ዜሮ,English-Amharic,"Affirms dignity, cooperation, and mutual respect.",ክብርን፣ ትብብርን እና መከባበርን ያበረታታል።
3641,You do not belong here.,ይህ የእናንተ ቦታ አይደለም።,hate_speech,የጥላቻ ንግግር,belonging denial,አባልነትን መከልከል,Yes,አዎ አለ,group,ቡድን,high,ከፍተኛ,English-Amharic,Denies membership and belonging.,አባልነትን እና ተሳትፎን ይከለክላል።
3642,People like them always cause trouble.,እንደ እነሱ ያሉ ሰዎች ሁልጊዜ ችግር ያመጣሉ።,hate_speech,የጥላቻ ንግግር,stereotyping,የተዛባ አመለካከት,Yes,አዎ አለ,group,ቡድን,low,ዝቅተኛ,English-Amharic,Uses harmful group stereotype.,ለአንድ ቡድን ያለ የተዛባ አመለካከት።
3643,Respect helps communities grow stronger.,ክብር ማህበረሰቦችን ያጠናክራል።,safe,ጥሩ ንግግር,none,የለም,No,የለም,none,የለም,zero,ዜሮ,English-Amharic,"Affirms dignity, cooperation, and mutual respect.",ክብርን፣ ትብብርን እና መከባበርን ያበረታታል።
3644,Let us work for peace.,ለሰላም በጋራ እንስራ።,safe,ጥሩ ንግግር,none,የለም,No,የለም,none,የለም,zero,ዜሮ,English-Amharic,"Affirms dignity, cooperation, and mutual respect.",ክብርን፣ ትብብርን እና መከባበርን ያበረታታል።
3645,They are not real people.,እውነተኛ ሰው አይደሉም።,hate_speech,የጥላቻ ንግግር,dehumanization,ሰብዓዊነትን መንፈግ,Yes,አዎ አለ,group,ቡድን,high,ከፍተኛ,English-Amharic,Strips humanity from the target.,ሰውነትን ይክዳል።
3646,We should treat people fairly.,ሰዎችን በፍትሃዊነት ማየት አለብን።,safe,ጥሩ ንግግር,none,የለም,No,የለም,none,የለም,zero,ዜሮ,English-Amharic,"Affirms dignity, cooperation, and mutual respect.",ክብርን፣ ትብብርን እና መከባበርን ያበረታታል።
3647,They are not real people.,እውነተኛ ሰው አይደሉም።,hate_speech,የጥላቻ ንግግር,dehumanization,ሰብዓዊነትን መንፈግ,Yes,አዎ አለ,group,ቡድን,high,ከፍተኛ,English-Amharic,Strips humanity from the target.,ሰውነትን ይክዳል።
3648,Everyone has value in this room.,በዚህ ክፍል ያለ ሁሉም ሰው ዋጋ አለው።,safe,ጥሩ ንግግር,none,የለም,No,የለም,none,የለም,zero,ዜሮ,English-Amharic,"Affirms dignity, cooperation, and mutual respect.",ክብርን፣ ትብብርን እና መከባበርን ያበረታታል።
3649,They threaten our safety.,ደህንነታችንን ይሸብራሉ።,hate_speech,የጥላቻ ንግግር,threat,ማስፈራሪያ,Yes,አዎ አለ,group,ቡድን,high,ከፍተኛ,English-Amharic,Frames the target as danger.,እንደ ስጋት ይቀርባል።
3650,We should correct mistakes without humiliation.,ሰዎችን ሳናዋርድ ስህተትን ማስተካከል አለብን።,safe,ጥሩ ንግግር,none,የለም,No,የለም,none,የለም,zero,ዜሮ,English-Amharic,"Affirms dignity, cooperation, and mutual respect.",ክብርን፣ ትብብርን እና መከባበርን ያበረታታል።
3651,We should correct mistakes without humiliation.,ሰዎችን ሳናዋርድ ስህተትን ማስተካከል አለብን።,safe,ጥሩ ንግግር,none,የለም,No,የለም,none,የለም,zero,ዜሮ,English-Amharic,"Affirms dignity, cooperation, and mutual respect.",ክብርን፣ ትብብርን እና መከባበርን ያበረታታል።
3652,Your voice does not matter here.,እዚህ ድምፅሽ ዋጋ የለውም።,hate_speech,የጥላቻ ንግግር,silencing,ዝም ማሰኘት,Yes,አዎ አለ,individual,ግለሰብ,low,ዝቅተኛ,English-Amharic,Suppresses participation and recognition.,ተሳትፎን እና እውቅናን ይከልክላል።
3653,People deserve fairness and care.,ሰዎች ፍትሃዊነት እና እንክብካቤ ይገባቸዋል።,safe,ጥሩ ንግግር,none,የለም,No,የለም,none,የለም,zero,ዜሮ,English-Amharic,"Affirms dignity, cooperation, and mutual respect.",ክብርን፣ ትብብርን እና መከባበርን ያበረታታል።
3654,We should fear what they will do.,ምን እንደሚያደርጉ መፍራት አለብን።,hate_speech,የጥላቻ ንግግር,threat,ማስፈራሪያ,Yes,አዎ አለ,group,ቡድን,high,ከፍተኛ,English-Amharic,Frames the target as danger.,እንደ ስጋት ይቀርባል።
3655,You should be pushed out.,መባረር አለብህ።,hate_speech,የጥላቻ ንግግር,exclusion,ማግለል,Yes,አዎ አለ,group,ቡድን,high,ከፍተኛ,English-Amharic,Pushes removal and rejection.,ማግለልን እና መከልከልን ያበረታታል።
3656,We should treat people fairly.,ሰዎችን በፍትሃዊነት ማየት አለብን።,safe,ጥሩ ንግግር,none,የለም,No,የለም,none,የለም,zero,ዜሮ,English-Amharic,"Affirms dignity, cooperation, and mutual respect.",ክብርን፣ ትብብርን እና መከባበርን ያበረታታል።
3657,They threaten our safety.,ደህንነታችንን ይሸብራሉ።,hate_speech,የጥላቻ ንግግር,threat,ማስፈራሪያ,Yes,አዎ አለ,group,ቡድን,high,ከፍተኛ,English-Amharic,Frames the target as danger.,እንደ ስጋት ይቀርባል።
3658,You should be pushed out.,መባረር አለብህ።,hate_speech,የጥላቻ ንግግር,exclusion,ማግለል,Yes,አዎ አለ,group,ቡድን,high,ከፍተኛ,English-Amharic,Pushes removal and rejection.,ማግለልን እና መከልከልን ያበረታታል።
3659,Let us find a solution that works for everyone.,ለሁሉም የሚሰራ መፍትሄ እንፈልግ።,safe,ጥሩ ንግግር,none,የለም,No,የለም,none,የለም,zero,ዜሮ,English-Amharic,"Affirms dignity, cooperation, and mutual respect.",ክብርን፣ ትብብርን እና መከባበርን ያበረታታል።
3660,You do not belong in this community.,በዚህ ማህበረሰብ ውስጥ አትገባም።,hate_speech,የጥላቻ ንግግር,belonging denial,አባልነትን መከልከል,Yes,አዎ አለ,group,ቡድን,high,ከፍተኛ,English-Amharic,Denies membership and belonging.,አባልነትን እና ተሳትፎን ይከለክላል።
3661,You should be pushed out.,መባረር አለብህ።,hate_speech,የጥላቻ ንግግር,exclusion,ማግለል,Yes,አዎ አለ,group,ቡድን,high,ከፍተኛ,English-Amharic,Pushes removal and rejection.,ማግለልን እና መከልከልን ያበረታታል።
3662,They are less than human.,ከሰው በታች ናቸው።,hate_speech,የጥላቻ ንግግር,dehumanization,ሰብዓዊነትን መንፈግ,Yes,አዎ አለ,group,ቡድን,high,ከፍተኛ,English-Amharic,Strips humanity from the target.,ሰውነትን ይክዳል።
3663,We should fear what they will do.,ምን እንደሚያደርጉ መፍራት አለብን።,hate_speech,የጥላቻ ንግግር,threat,ማስፈራሪያ,Yes,አዎ አለ,group,ቡድን,high,ከፍተኛ,English-Amharic,Frames the target as danger.,እንደ ስጋት ይቀርባል።
3664,We should listen before judging.,ከመፍረድ በፊት ማዳመጥ አለብን።,safe,ጥሩ ንግግር,none,የለም,No,የለም,none,የለም,zero,ዜሮ,English-Amharic,"Affirms dignity, cooperation, and mutual respect.",ክብርን፣ ትብብርን እና መከባበርን ያበረታታል።
3665,Nobody wants to hear you.,ማንም ሊሰማሽ አይፈልግም።,hate_speech,የጥላቻ ንግግር,silencing,ዝም ማሰኘት,Yes,አዎ አለ,individual,ግለሰብ,low,ዝቅተኛ,English-Amharic,Suppresses participation and recognition.,ተሳትፎን እና እውቅናን ይከልክላል።
3666,We should listen before judging.,ከመፍረድ በፊት ማዳመጥ አለብን።,safe,ጥሩ ንግግር,none,የለም,No,የለም,none,የለም,zero,ዜሮ,English-Amharic,"Affirms dignity, cooperation, and mutual respect.",ክብርን፣ ትብብርን እና መከባበርን ያበረታታል።
3667,We should treat people fairly.,ሰዎችን በፍትሃዊነት ማየት አለብን።,safe,ጥሩ ንግግር,none,የለም,No,የለም,none,የለም,zero,ዜሮ,English-Amharic,"Affirms dignity, cooperation, and mutual respect.",ክብርን፣ ትብብርን እና መከባበርን ያበረታታል።
3668,You do not belong here.,ይህ የእናንተ ቦታ አይደለም።,hate_speech,የጥላቻ ንግግር,belonging denial,አባልነትን መከልከል,Yes,አዎ አለ,group,ቡድን,high,ከፍተኛ,English-Amharic,Denies membership and belonging.,አባልነትን እና ተሳትፎን ይከለክላል።
3669,Their kind always ruins everything.,የእነሱ ዓይነት ሁልጊዜ ሁሉንም ያበላሻል።,hate_speech,የጥላቻ ንግግር,stereotyping,የተዛባ አመለካከት,Yes,አዎ አለ,group,ቡድን,low,ዝቅተኛ,English-Amharic,Uses harmful group stereotype.,ለአንድ ቡድን ያለ የተዛባ አመለካከት።
3670,Everyone has value in this room.,በዚህ ክፍል ያለ ሁሉም ሰው ዋጋ አለው።,safe,ጥሩ ንግግር,none,የለም,No,የለም,none,የለም,zero,ዜሮ,English-Amharic,"Affirms dignity, cooperation, and mutual respect.",ክብርን፣ ትብብርን እና መከባበርን ያበረታታል።
3671,Your voice does not matter here.,እዚህ ድምፅሽ ዋጋ የለውም።,hate_speech,የጥላቻ ንግግር,silencing,ዝም ማሰኘት,Yes,አዎ አለ,individual,ግለሰብ,low,ዝቅተኛ,English-Amharic,Suppresses participation and recognition.,ተሳትፎን እና እውቅናን ይከልክላል።
3672,Everyone deserves dignity.,ሁሉም ሰው ክብር ይገባዋል።,safe,ጥሩ ንግግር,none,የለም,No,የለም,none,የለም,zero,ዜሮ,English-Amharic,"Affirms dignity, cooperation, and mutual respect.",ክብርን፣ ትብብርን እና መከባበርን ያበረታታል።
3673,We should treat people fairly.,ሰዎችን በፍትሃዊነት ማየት አለብን።,safe,ጥሩ ንግግር,none,የለም,No,የለም,none,የለም,zero,ዜሮ,English-Amharic,"Affirms dignity, cooperation, and mutual respect.",ክብርን፣ ትብብርን እና መከባበርን ያበረታታል።
3674,Leave our community now.,ከማህበረሰባችን አሁን ውጣ።,hate_speech,የጥላቻ ንግግር,exclusion,ማግለል,Yes,አዎ አለ,group,ቡድን,high,ከፍተኛ,English-Amharic,Pushes removal and rejection.,ማግለልን እና መከልከልን ያበረታታል።
3675,They threaten our safety.,ደህንነታችንን ይሸብራሉ።,hate_speech,የጥላቻ ንግግር,threat,ማስፈራሪያ,Yes,አዎ አለ,group,ቡድን,high,ከፍተኛ,English-Amharic,Frames the target as danger.,እንደ ስጋት ይቀርባል።
3676,Your voice does not matter here.,እዚህ ድምፅሽ ዋጋ የለውም።,hate_speech,የጥላቻ ንግግር,silencing,ዝም ማሰኘት,Yes,አዎ አለ,individual,ግለሰብ,low,ዝቅተኛ,English-Amharic,Suppresses participation and recognition.,ተሳትፎን እና እውቅናን ይከልክላል።
3677,Let us find a solution that works for everyone.,ለሁሉም የሚሰራ መፍትሄ እንፈልግ።,safe,ጥሩ ንግግር,none,የለም,No,የለም,none,የለም,zero,ዜሮ,English-Amharic,"Affirms dignity, cooperation, and mutual respect.",ክብርን፣ ትብብርን እና መከባበርን ያበረታታል።
3678,Leave our community now.,ከማህበረሰባችን አሁን ውጣ።,hate_speech,የጥላቻ ንግግር,exclusion,ማግለል,Yes,አዎ አለ,group,ቡድን,high,ከፍተኛ,English-Amharic,Pushes removal and rejection.,ማግለልን እና መከልከልን ያበረታታል።
3679,You have no place among us.,ከእኛ መካከል ቦታ የለህም።,hate_speech,የጥላቻ ንግግር,belonging denial,አባልነትን መከልከል,Yes,አዎ አለ,group,ቡድን,high,ከፍተኛ,English-Amharic,Denies membership and belonging.,አባልነትን እና ተሳትፎን ይከለክላል።
3680,Get out of our space.,ከቦታችን ውጣ።,hate_speech,የጥላቻ ንግግር,exclusion,ማግለል,Yes,አዎ አለ,group,ቡድን,high,ከፍተኛ,English-Amharic,Pushes removal and rejection.,ማግለልን እና መከልከልን ያበረታታል።
3681,Respect helps communities grow stronger.,ክብር ማህበረሰቦችን ያጠናክራል።,safe,ጥሩ ንግግር,none,የለም,No,የለም,none,የለም,zero,ዜሮ,English-Amharic,"Affirms dignity, cooperation, and mutual respect.",ክብርን፣ ትብብርን እና መከባበርን ያበረታታል።
3682,We can solve this together.,ይህን በጋራ መፍታት እንችላለን።,safe,ጥሩ ንግግር,none,የለም,No,የለም,none,የለም,zero,ዜሮ,English-Amharic,"Affirms dignity, cooperation, and mutual respect.",ክብርን፣ ትብብርን እና መከባበርን ያበረታታል።
3683,Nobody wants to hear you.,ማንም ሊሰማሽ አይፈልግም።,hate_speech,የጥላቻ ንግግር,silencing,ዝም ማሰኘት,Yes,አዎ አለ,individual,ግለሰብ,low,ዝቅተኛ,English-Amharic,Suppresses participation and recognition.,ተሳትፎን እና እውቅናን ይከልክላል።
3684,You do not belong here.,ይህ የእናንተ ቦታ አይደለም።,hate_speech,የጥላቻ ንግግር,belonging denial,አባልነትን መከልከል,Yes,አዎ አለ,group,ቡድን,high,ከፍተኛ,English-Amharic,Denies membership and belonging.,አባልነትን እና ተሳትፎን ይከለክላል።
3685,Respect helps communities grow stronger.,ክብር ማህበረሰቦችን ያጠናክራል።,safe,ጥሩ ንግግር,none,የለም,No,የለም,none,የለም,zero,ዜሮ,English-Amharic,"Affirms dignity, cooperation, and mutual respect.",ክብርን፣ ትብብርን እና መከባበርን ያበረታታል።
3686,Let us work for peace.,ለሰላም በጋራ እንስራ።,safe,ጥሩ ንግግር,none,የለም,No,የለም,none,የለም,zero,ዜሮ,English-Amharic,"Affirms dignity, cooperation, and mutual respect.",ክብርን፣ ትብብርን እና መከባበርን ያበረታታል።
3687,You should stay silent.,ዝም በይ።,hate_speech,የጥላቻ ንግግር,silencing,ዝም ማሰኘት,Yes,አዎ አለ,individual,ግለሰብ,low,ዝቅተኛ,English-Amharic,Suppresses participation and recognition.,ተሳትፎን እና እውቅናን ይከልክላል።
3688,Let us work for peace.,ለሰላም በጋራ እንስራ።,safe,ጥሩ ንግግር,none,የለም,No,የለም,none,የለም,zero,ዜሮ,English-Amharic,"Affirms dignity, cooperation, and mutual respect.",ክብርን፣ ትብብርን እና መከባበርን ያበረታታል።
3689,Their kind always ruins everything.,የእነሱ ዓይነት ሁልጊዜ ሁሉንም ያበላሻል።,hate_speech,የጥላቻ ንግግር,stereotyping,የተዛባ አመለካከት,Yes,አዎ አለ,group,ቡድን,low,ዝቅተኛ,English-Amharic,Uses harmful group stereotype.,ለአንድ ቡድን ያለ የተዛባ አመለካከት።
3690,Their kind always ruins everything.,የእነሱ ዓይነት ሁልጊዜ ሁሉንም ያበላሻል።,hate_speech,የጥላቻ ንግግር,stereotyping,የተዛባ አመለካከት,Yes,አዎ አለ,group,ቡድን,low,ዝቅተኛ,English-Amharic,Uses harmful group stereotype.,ለአንድ ቡድን ያለ የተዛባ አመለካከት።
3691,Everyone deserves dignity.,ሁሉም ሰው ክብር ይገባዋል።,safe,ጥሩ ንግግር,none,የለም,No,የለም,none,የለም,zero,ዜሮ,English-Amharic,"Affirms dignity, cooperation, and mutual respect.",ክብርን፣ ትብብርን እና መከባበርን ያበረታታል።
3692,We should treat people fairly.,ሰዎችን በፍትሃዊነት ማየት አለብን።,safe,ጥሩ ንግግር,none,የለም,No,የለም,none,የለም,zero,ዜሮ,English-Amharic,"Affirms dignity, cooperation, and mutual respect.",ክብርን፣ ትብብርን እና መከባበርን ያበረታታል።
3693,Nobody wants to hear you.,ማንም ሊሰማሽ አይፈልግም።,hate_speech,የጥላቻ ንግግር,silencing,ዝም ማሰኘት,Yes,አዎ አለ,individual,ግለሰብ,low,ዝቅተኛ,English-Amharic,Suppresses participation and recognition.,ተሳትፎን እና እውቅናን ይከልክላል።
3694,They are a danger to everyone.,እነሱ ለሁሉም ስጋት ናቸው።,hate_speech,የጥላቻ ንግግር,threat,ማስፈራሪያ,Yes,አዎ አለ,group,ቡድን,high,ከፍተኛ,English-Amharic,Frames the target as danger.,እንደ ስጋት ይቀርባል።
3695,We can solve this together.,ይህን በጋራ መፍታት እንችላለን።,safe,ጥሩ ንግግር,none,የለም,No,የለም,none,የለም,zero,ዜሮ,English-Amharic,"Affirms dignity, cooperation, and mutual respect.",ክብርን፣ ትብብርን እና መከባበርን ያበረታታል።
3696,People deserve fairness and care.,ሰዎች ፍትሃዊነት እና እንክብካቤ ይገባቸዋል።,safe,ጥሩ ንግግር,none,የለም,No,የለም,none,የለም,zero,ዜሮ,English-Amharic,"Affirms dignity, cooperation, and mutual respect.",ክብርን፣ ትብብርን እና መከባበርን ያበረታታል።
3697,Respect helps communities grow stronger.,ክብር ማህበረሰቦችን ያጠናክራል።,safe,ጥሩ ንግግር,none,የለም,No,የለም,none,የለም,zero,ዜሮ,English-Amharic,"Affirms dignity, cooperation, and mutual respect.",ክብርን፣ ትብብርን እና መከባበርን ያበረታታል።
3698,Respect helps communities grow stronger.,ክብር ማህበረሰቦችን ያጠናክራል።,safe,ጥሩ ንግግር,none,የለም,No,የለም,none,የለም,zero,ዜሮ,English-Amharic,"Affirms dignity, cooperation, and mutual respect.",ክብርን፣ ትብብርን እና መከባበርን ያበረታታል።
3699,People deserve fairness and care.,ሰዎች ፍትሃዊነት እና እንክብካቤ ይገባቸዋል።,safe,ጥሩ ንግግር,none,የለም,No,የለም,none,የለም,zero,ዜሮ,English-Amharic,"Affirms dignity, cooperation, and mutual respect.",ክብርን፣ ትብብርን እና መከባበርን ያበረታታል።
3700,We should correct mistakes without humiliation.,ሰዎችን ሳናዋርድ ስህተትን ማስተካከል አለብን።,safe,ጥሩ ንግግር,none,የለም,No,የለም,none,የለም,zero,ዜሮ,English-Amharic,"Affirms dignity, cooperation, and mutual respect.",ክብርን፣ ትብብርን እና መከባበርን ያበረታታል።
3701,We should fear what they will do.,ምን እንደሚያደርጉ መፍራት አለብን።,hate_speech,የጥላቻ ንግግር,threat,ማስፈራሪያ,Yes,አዎ አለ,group,ቡድን,high,ከፍተኛ,English-Amharic,Frames the target as danger.,እንደ ስጋት ይቀርባል።
3702,They are not fully human.,እነሱ ሙሉ ሰው አይደሉም።,hate_speech,የጥላቻ ንግግር,dehumanization,ሰብዓዊነትን መንፈግ,Yes,አዎ አለ,group,ቡድን,high,ከፍተኛ,English-Amharic,Strips humanity from the target.,ሰውነትን ይክዳል።
3703,You should be pushed out.,መባረር አለብህ።,hate_speech,የጥላቻ ንግግር,exclusion,ማግለል,Yes,አዎ አለ,group,ቡድን,high,ከፍተኛ,English-Amharic,Pushes removal and rejection.,ማግለልን እና መከልከልን ያበረታታል።
3704,We should listen before judging.,ከመፍረድ በፊት ማዳመጥ አለብን።,safe,ጥሩ ንግግር,none,የለም,No,የለም,none,የለም,zero,ዜሮ,English-Amharic,"Affirms dignity, cooperation, and mutual respect.",ክብርን፣ ትብብርን እና መከባበርን ያበረታታል።
3705,We should fear what they will do.,ምን እንደሚያደርጉ መፍራት አለብን።,hate_speech,የጥላቻ ንግግር,threat,ማስፈራሪያ,Yes,አዎ አለ,group,ቡድን,high,ከፍተኛ,English-Amharic,Frames the target as danger.,እንደ ስጋት ይቀርባል።
3706,Nobody wants to hear you.,ማንም ሊሰማሽ አይፈልግም።,hate_speech,የጥላቻ ንግግር,silencing,ዝም ማሰኘት,Yes,አዎ አለ,individual,ግለሰብ,low,ዝቅተኛ,English-Amharic,Suppresses participation and recognition.,ተሳትፎን እና እውቅናን ይከልክላል።
3707,Different views can still be handled kindly.,የተለያዩ አስተያየቶች በበጎ ሊታዩ ይችላሉ።,safe,ጥሩ ንግግር,none,የለም,No,የለም,none,የለም,zero,ዜሮ,English-Amharic,"Affirms dignity, cooperation, and mutual respect.",ክብርን፣ ትብብርን እና መከባበርን ያበረታታል።
3708,You should be pushed out.,መባረር አለብህ።,hate_speech,የጥላቻ ንግግር,exclusion,ማግለል,Yes,አዎ አለ,group,ቡድን,high,ከፍተኛ,English-Amharic,Pushes removal and rejection.,ማግለልን እና መከልከልን ያበረታታል።
3709,We can solve this together.,ይህን በጋራ መፍታት እንችላለን።,safe,ጥሩ ንግግር,none,የለም,No,የለም,none,የለም,zero,ዜሮ,English-Amharic,"Affirms dignity, cooperation, and mutual respect.",ክብርን፣ ትብብርን እና መከባበርን ያበረታታል።
3710,We should correct mistakes without humiliation.,ሰዎችን ሳናዋርድ ስህተትን ማስተካከል አለብን።,safe,ጥሩ ንግግር,none,የለም,No,የለም,none,የለም,zero,ዜሮ,English-Amharic,"Affirms dignity, cooperation, and mutual respect.",ክብርን፣ ትብብርን እና መከባበርን ያበረታታል።
3711,We should listen before judging.,ከመፍረድ በፊት ማዳመጥ አለብን።,safe,ጥሩ ንግግር,none,የለም,No,የለም,none,የለም,zero,ዜሮ,English-Amharic,"Affirms dignity, cooperation, and mutual respect.",ክብርን፣ ትብብርን እና መከባበርን ያበረታታል።
3712,We can solve this together.,ይህን በጋራ መፍታት እንችላለን።,safe,ጥሩ ንግግር,none,የለም,No,የለም,none,የለም,zero,ዜሮ,English-Amharic,"Affirms dignity, cooperation, and mutual respect.",ክብርን፣ ትብብርን እና መከባበርን ያበረታታል።
3713,A fair discussion includes every voice.,ፍትሃዊ ውይይት ሁሉንም ድምፅ ያካትታል።,safe,ጥሩ ንግግር,none,የለም,No,የለም,none,የለም,zero,ዜሮ,English-Amharic,"Affirms dignity, cooperation, and mutual respect.",ክብርን፣ ትብብርን እና መከባበርን ያበረታታል።
3714,You should be pushed out.,መባረር አለብህ።,hate_speech,የጥላቻ ንግግር,exclusion,ማግለል,Yes,አዎ አለ,group,ቡድን,high,ከፍተኛ,English-Amharic,Pushes removal and rejection.,ማግለልን እና መከልከልን ያበረታታል።
3715,Everyone has value in this room.,በዚህ ክፍል ያለ ሁሉም ሰው ዋጋ አለው።,safe,ጥሩ ንግግር,none,የለም,No,የለም,none,የለም,zero,ዜሮ,English-Amharic,"Affirms dignity, cooperation, and mutual respect.",ክብርን፣ ትብብርን እና መከባበርን ያበረታታል።
3716,We can disagree without hate.,ባንስማማም አለመጣላት እንችላለን።,safe,ጥሩ ንግግር,none,የለም,No,የለም,none,የለም,zero,ዜሮ,English-Amharic,"Affirms dignity, cooperation, and mutual respect.",ክብርን፣ ትብብርን እና መከባበርን ያበረታታል።
3717,Nobody wants to hear you.,ማንም ሊሰማሽ አይፈልግም።,hate_speech,የጥላቻ ንግግር,silencing,ዝም ማሰኘት,Yes,አዎ አለ,individual,ግለሰብ,low,ዝቅተኛ,English-Amharic,Suppresses participation and recognition.,ተሳትፎን እና እውቅናን ይከልክላል።
3718,People like them always cause trouble.,እንደ እነሱ ያሉ ሰዎች ሁልጊዜ ችግር ያመጣሉ።,hate_speech,የጥላቻ ንግግር,stereotyping,የተዛባ አመለካከት,Yes,አዎ አለ,group,ቡድን,low,ዝቅተኛ,English-Amharic,Uses harmful group stereotype.,ለአንድ ቡድን ያለ የተዛባ አመለካከት።
3719,Nobody wants to hear you.,ማንም ሊሰማሽ አይፈልግም።,hate_speech,የጥላቻ ንግግር,silencing,ዝም ማሰኘት,Yes,አዎ አለ,individual,ግለሰብ,low,ዝቅተኛ,English-Amharic,Suppresses participation and recognition.,ተሳትፎን እና እውቅናን ይከልክላል።
3720,Let us find a solution that works for everyone.,ለሁሉም የሚሰራ መፍትሄ እንፈልግ።,safe,ጥሩ ንግግር,none,የለም,No,የለም,none,የለም,zero,ዜሮ,English-Amharic,"Affirms dignity, cooperation, and mutual respect.",ክብርን፣ ትብብርን እና መከባበርን ያበረታታል።
3721,You should be pushed out.,መባረር አለብህ።,hate_speech,የጥላቻ ንግግር,exclusion,ማግለል,Yes,አዎ አለ,group,ቡድን,high,ከፍተኛ,English-Amharic,Pushes removal and rejection.,ማግለልን እና መከልከልን ያበረታታል።
3722,We can solve this together.,ይህን በጋራ መፍታት እንችላለን።,safe,ጥሩ ንግግር,none,የለም,No,የለም,none,የለም,zero,ዜሮ,English-Amharic,"Affirms dignity, cooperation, and mutual respect.",ክብርን፣ ትብብርን እና መከባበርን ያበረታታል።
3723,People deserve fairness and care.,ሰዎች ፍትሃዊነት እና እንክብካቤ ይገባቸዋል።,safe,ጥሩ ንግግር,none,የለም,No,የለም,none,የለም,zero,ዜሮ,English-Amharic,"Affirms dignity, cooperation, and mutual respect.",ክብርን፣ ትብብርን እና መከባበርን ያበረታታል።
3724,We can disagree without hate.,ባንስማማም አለመጣላት እንችላለን።,safe,ጥሩ ንግግር,none,የለም,No,የለም,none,የለም,zero,ዜሮ,English-Amharic,"Affirms dignity, cooperation, and mutual respect.",ክብርን፣ ትብብርን እና መከባበርን ያበረታታል።
3725,Everyone deserves dignity.,ሁሉም ሰው ክብር ይገባዋል።,safe,ጥሩ ንግግር,none,የለም,No,የለም,none,የለም,zero,ዜሮ,English-Amharic,"Affirms dignity, cooperation, and mutual respect.",ክብርን፣ ትብብርን እና መከባበርን ያበረታታል።
3726,You do not belong in this community.,በዚህ ማህበረሰብ ውስጥ አትገባም።,hate_speech,የጥላቻ ንግግር,belonging denial,አባልነትን መከልከል,Yes,አዎ አለ,group,ቡድን,high,ከፍተኛ,English-Amharic,Denies membership and belonging.,አባልነትን እና ተሳትፎን ይከለክላል።
3727,Leave our community now.,ከማህበረሰባችን አሁን ውጣ።,hate_speech,የጥላቻ ንግግር,exclusion,ማግለል,Yes,አዎ አለ,group,ቡድን,high,ከፍተኛ,English-Amharic,Pushes removal and rejection.,ማግለልን እና መከልከልን ያበረታታል።
3728,Everyone has value in this room.,በዚህ ክፍል ያለ ሁሉም ሰው ዋጋ አለው።,safe,ጥሩ ንግግር,none,የለም,No,የለም,none,የለም,zero,ዜሮ,English-Amharic,"Affirms dignity, cooperation, and mutual respect.",ክብርን፣ ትብብርን እና መከባበርን ያበረታታል።
3729,We can solve this together.,ይህን በጋራ መፍታት እንችላለን።,safe,ጥሩ ንግግር,none,የለም,No,የለም,none,የለም,zero,ዜሮ,English-Amharic,"Affirms dignity, cooperation, and mutual respect.",ክብርን፣ ትብብርን እና መከባበርን ያበረታታል።
3730,You do not belong in this community.,በዚህ ማህበረሰብ ውስጥ አትገባም።,hate_speech,የጥላቻ ንግግር,belonging denial,አባልነትን መከልከል,Yes,አዎ አለ,group,ቡድን,high,ከፍተኛ,English-Amharic,Denies membership and belonging.,አባልነትን እና ተሳትፎን ይከለክላል።
3731,They are not fully human.,እነሱ ሙሉ ሰው አይደሉም።,hate_speech,የጥላቻ ንግግር,dehumanization,ሰብዓዊነትን መንፈግ,Yes,አዎ አለ,group,ቡድን,high,ከፍተኛ,English-Amharic,Strips humanity from the target.,ሰውነትን ይክዳል።
3732,They are not real people.,እውነተኛ ሰው አይደሉም።,hate_speech,የጥላቻ ንግግር,dehumanization,ሰብዓዊነትን መንፈግ,Yes,አዎ አለ,group,ቡድን,high,ከፍተኛ,English-Amharic,Strips humanity from the target.,ሰውነትን ይክዳል።
3733,Leave our community now.,ከማህበረሰባችን አሁን ውጣ።,hate_speech,የጥላቻ ንግግር,exclusion,ማግለል,Yes,አዎ አለ,group,ቡድን,high,ከፍተኛ,English-Amharic,Pushes removal and rejection.,ማግለልን እና መከልከልን ያበረታታል።
3734,Let us work for peace.,ለሰላም በጋራ እንስራ።,safe,ጥሩ ንግግር,none,የለም,No,የለም,none,የለም,zero,ዜሮ,English-Amharic,"Affirms dignity, cooperation, and mutual respect.",ክብርን፣ ትብብርን እና መከባበርን ያበረታታል።
3735,We can disagree without hate.,ባንስማማም አለመጣላት እንችላለን።,safe,ጥሩ ንግግር,none,የለም,No,የለም,none,የለም,zero,ዜሮ,English-Amharic,"Affirms dignity, cooperation, and mutual respect.",ክብርን፣ ትብብርን እና መከባበርን ያበረታታል።
3736,Everyone deserves dignity.,ሁሉም ሰው ክብር ይገባዋል።,safe,ጥሩ ንግግር,none,የለም,No,የለም,none,የለም,zero,ዜሮ,English-Amharic,"Affirms dignity, cooperation, and mutual respect.",ክብርን፣ ትብብርን እና መከባበርን ያበረታታል።
3737,Different views can still be handled kindly.,የተለያዩ አስተያየቶች በበጎ ሊታዩ ይችላሉ።,safe,ጥሩ ንግግር,none,የለም,No,የለም,none,የለም,zero,ዜሮ,English-Amharic,"Affirms dignity, cooperation, and mutual respect.",ክብርን፣ ትብብርን እና መከባበርን ያበረታታል።
3738,We can solve this together.,ይህን በጋራ መፍታት እንችላለን።,safe,ጥሩ ንግግር,none,የለም,No,የለም,none,የለም,zero,ዜሮ,English-Amharic,"Affirms dignity, cooperation, and mutual respect.",ክብርን፣ ትብብርን እና መከባበርን ያበረታታል።
3739,Their kind always ruins everything.,የእነሱ ዓይነት ሁልጊዜ ሁሉንም ያበላሻል።,hate_speech,የጥላቻ ንግግር,stereotyping,የተዛባ አመለካከት,Yes,አዎ አለ,group,ቡድን,low,ዝቅተኛ,English-Amharic,Uses harmful group stereotype.,ለአንድ ቡድን ያለ የተዛባ አመለካከት።
3740,We should correct mistakes without humiliation.,ሰዎችን ሳናዋርድ ስህተትን ማስተካከል አለብን።,safe,ጥሩ ንግግር,none,የለም,No,የለም,none,የለም,zero,ዜሮ,English-Amharic,"Affirms dignity, cooperation, and mutual respect.",ክብርን፣ ትብብርን እና መከባበርን ያበረታታል።
3741,That group is always the problem.,ያ ቡድን ሁልጊዜ ችግር ነው።,hate_speech,የጥላቻ ንግግር,stereotyping,የተዛባ አመለካከት,Yes,አዎ አለ,group,ቡድን,low,ዝቅተኛ,English-Amharic,Uses harmful group stereotype.,ለአንድ ቡድን ያለ የተዛባ አመለካከት።
3742,They are less than human.,ከሰው በታች ናቸው።,hate_speech,የጥላቻ ንግግር,dehumanization,ሰብዓዊነትን መንፈግ,Yes,አዎ አለ,group,ቡድን,high,ከፍተኛ,English-Amharic,Strips humanity from the target.,ሰውነትን ይክዳል።
3743,They are a danger to everyone.,እነሱ ለሁሉም ስጋት ናቸው።,hate_speech,የጥላቻ ንግግር,threat,ማስፈራሪያ,Yes,አዎ አለ,group,ቡድን,high,ከፍተኛ,English-Amharic,Frames the target as danger.,እንደ ስጋት ይቀርባል።
3744,We can disagree without hate.,ባንስማማም አለመጣላት እንችላለን።,safe,ጥሩ ንግግር,none,የለም,No,የለም,none,የለም,zero,ዜሮ,English-Amharic,"Affirms dignity, cooperation, and mutual respect.",ክብርን፣ ትብብርን እና መከባበርን ያበረታታል።
3745,We should correct mistakes without humiliation.,ሰዎችን ሳናዋርድ ስህተትን ማስተካከል አለብን።,safe,ጥሩ ንግግር,none,የለም,No,የለም,none,የለም,zero,ዜሮ,English-Amharic,"Affirms dignity, cooperation, and mutual respect.",ክብርን፣ ትብብርን እና መከባበርን ያበረታታል።
3746,Different views can still be handled kindly.,የተለያዩ አስተያየቶች በበጎ ሊታዩ ይችላሉ።,safe,ጥሩ ንግግር,none,የለም,No,የለም,none,የለም,zero,ዜሮ,English-Amharic,"Affirms dignity, cooperation, and mutual respect.",ክብርን፣ ትብብርን እና መከባበርን ያበረታታል።
3747,Your voice does not matter here.,እዚህ ድምፅሽ ዋጋ የለውም።,hate_speech,የጥላቻ ንግግር,silencing,ዝም ማሰኘት,Yes,አዎ አለ,individual,ግለሰብ,low,ዝቅተኛ,English-Amharic,Suppresses participation and recognition.,ተሳትፎን እና እውቅናን ይከልክላል።
3748,We should speak respectfully.,በክብር መናገር አለብን።,safe,ጥሩ ንግግር,none,የለም,No,የለም,none,የለም,zero,ዜሮ,English-Amharic,"Affirms dignity, cooperation, and mutual respect.",ክብርን፣ ትብብርን እና መከባበርን ያበረታታል።
3749,We should correct mistakes without humiliation.,ሰዎችን ሳናዋርድ ስህተትን ማስተካከል አለብን።,safe,ጥሩ ንግግር,none,የለም,No,የለም,none,የለም,zero,ዜሮ,English-Amharic,"Affirms dignity, cooperation, and mutual respect.",ክብርን፣ ትብብርን እና መከባበርን ያበረታታል።
3750,A fair discussion includes every voice.,ፍትሃዊ ውይይት ሁሉንም ድምፅ ያካትታል።,safe,ጥሩ ንግግር,none,የለም,No,የለም,none,የለም,zero,ዜሮ,English-Amharic,"Affirms dignity, cooperation, and mutual respect.",ክብርን፣ ትብብርን እና መከባበርን ያበረታታል።
3751,We should fear what they will do.,ምን እንደሚያደርጉ መፍራት አለብን።,hate_speech,የጥላቻ ንግግር,threat,ማስፈራሪያ,Yes,አዎ አለ,group,ቡድን,high,ከፍተኛ,English-Amharic,Frames the target as danger.,እንደ ስጋት ይቀርባል።
3752,They are less than human.,ከሰው በታች ናቸው።,hate_speech,የጥላቻ ንግግር,dehumanization,ሰብዓዊነትን መንፈግ,Yes,አዎ አለ,group,ቡድን,high,ከፍተኛ,English-Amharic,Strips humanity from the target.,ሰውነትን ይክዳል።
3753,People deserve fairness and care.,ሰዎች ፍትሃዊነት እና እንክብካቤ ይገባቸዋል።,safe,ጥሩ ንግግር,none,የለም,No,የለም,none,የለም,zero,ዜሮ,English-Amharic,"Affirms dignity, cooperation, and mutual respect.",ክብርን፣ ትብብርን እና መከባበርን ያበረታታል።
3754,You do not belong in this community.,በዚህ ማህበረሰብ ውስጥ አትገባም።,hate_speech,የጥላቻ ንግግር,belonging denial,አባልነትን መከልከል,Yes,አዎ አለ,group,ቡድን,high,ከፍተኛ,English-Amharic,Denies membership and belonging.,አባልነትን እና ተሳትፎን ይከለክላል።
3755,You should stay silent.,ዝም በይ።,hate_speech,የጥላቻ ንግግር,silencing,ዝም ማሰኘት,Yes,አዎ አለ,individual,ግለሰብ,low,ዝቅተኛ,English-Amharic,Suppresses participation and recognition.,ተሳትፎን እና እውቅናን ይከልክላል።
3756,We should treat people fairly.,ሰዎችን በፍትሃዊነት ማየት አለብን።,safe,ጥሩ ንግግር,none,የለም,No,የለም,none,የለም,zero,ዜሮ,English-Amharic,"Affirms dignity, cooperation, and mutual respect.",ክብርን፣ ትብብርን እና መከባበርን ያበረታታል።
3757,Let us find a solution that works for everyone.,ለሁሉም የሚሰራ መፍትሄ እንፈልግ።,safe,ጥሩ ንግግር,none,የለም,No,የለም,none,የለም,zero,ዜሮ,English-Amharic,"Affirms dignity, cooperation, and mutual respect.",ክብርን፣ ትብብርን እና መከባበርን ያበረታታል።
3758,They are a danger to everyone.,እነሱ ለሁሉም ስጋት ናቸው።,hate_speech,የጥላቻ ንግግር,threat,ማስፈራሪያ,Yes,አዎ አለ,group,ቡድን,high,ከፍተኛ,English-Amharic,Frames the target as danger.,እንደ ስጋት ይቀርባል።
3759,They are a danger to everyone.,እነሱ ለሁሉም ስጋት ናቸው።,hate_speech,የጥላቻ ንግግር,threat,ማስፈራሪያ,Yes,አዎ አለ,group,ቡድን,high,ከፍተኛ,English-Amharic,Frames the target as danger.,እንደ ስጋት ይቀርባል።
3760,They are less than human.,ከሰው በታች ናቸው።,hate_speech,የጥላቻ ንግግር,dehumanization,ሰብዓዊነትን መንፈግ,Yes,አዎ አለ,group,ቡድን,high,ከፍተኛ,English-Amharic,Strips humanity from the target.,ሰውነትን ይክዳል።
3761,You do not belong here.,ይህ የእናንተ ቦታ አይደለም።,hate_speech,የጥላቻ ንግግር,belonging denial,አባልነትን መከልከል,Yes,አዎ አለ,group,ቡድን,high,ከፍተኛ,English-Amharic,Denies membership and belonging.,አባልነትን እና ተሳትፎን ይከለክላል።
3762,Every person should be heard.,እያንዳንዱ ሰው መሰማት አለበት።,safe,ጥሩ ንግግር,none,የለም,No,የለም,none,የለም,zero,ዜሮ,English-Amharic,"Affirms dignity, cooperation, and mutual respect.",ክብርን፣ ትብብርን እና መከባበርን ያበረታታል።
3763,They are not real people.,እውነተኛ ሰው አይደሉም።,hate_speech,የጥላቻ ንግግር,dehumanization,ሰብዓዊነትን መንፈግ,Yes,አዎ አለ,group,ቡድን,high,ከፍተኛ,English-Amharic,Strips humanity from the target.,ሰውነትን ይክዳል።
3764,They are a danger to everyone.,እነሱ ለሁሉም ስጋት ናቸው።,hate_speech,የጥላቻ ንግግር,threat,ማስፈራሪያ,Yes,አዎ አለ,group,ቡድን,high,ከፍተኛ,English-Amharic,Frames the target as danger.,እንደ ስጋት ይቀርባል።
3765,Their kind always ruins everything.,የእነሱ ዓይነት ሁልጊዜ ሁሉንም ያበላሻል።,hate_speech,የጥላቻ ንግግር,stereotyping,የተዛባ አመለካከት,Yes,አዎ አለ,group,ቡድን,low,ዝቅተኛ,English-Amharic,Uses harmful group stereotype.,ለአንድ ቡድን ያለ የተዛባ አመለካከት።
3766,They are less than human.,ከሰው በታች ናቸው።,hate_speech,የጥላቻ ንግግር,dehumanization,ሰብዓዊነትን መንፈግ,Yes,አዎ አለ,group,ቡድን,high,ከፍተኛ,English-Amharic,Strips humanity from the target.,ሰውነትን ይክዳል።
3767,People like them always cause trouble.,እንደ እነሱ ያሉ ሰዎች ሁልጊዜ ችግር ያመጣሉ።,hate_speech,የጥላቻ ንግግር,stereotyping,የተዛባ አመለካከት,Yes,አዎ አለ,group,ቡድን,low,ዝቅተኛ,English-Amharic,Uses harmful group stereotype.,ለአንድ ቡድን ያለ የተዛባ አመለካከት።
3768,People deserve fairness and care.,ሰዎች ፍትሃዊነት እና እንክብካቤ ይገባቸዋል።,safe,ጥሩ ንግግር,none,የለም,No,የለም,none,የለም,zero,ዜሮ,English-Amharic,"Affirms dignity, cooperation, and mutual respect.",ክብርን፣ ትብብርን እና መከባበርን ያበረታታል።
3769,Get out of our space.,ከቦታችን ውጣ።,hate_speech,የጥላቻ ንግግር,exclusion,ማግለል,Yes,አዎ አለ,group,ቡድን,high,ከፍተኛ,English-Amharic,Pushes removal and rejection.,ማግለልን እና መከልከልን ያበረታታል።
3770,Their kind always ruins everything.,የእነሱ ዓይነት ሁልጊዜ ሁሉንም ያበላሻል።,hate_speech,የጥላቻ ንግግር,stereotyping,የተዛባ አመለካከት,Yes,አዎ አለ,group,ቡድን,low,ዝቅተኛ,English-Amharic,Uses harmful group stereotype.,ለአንድ ቡድን ያለ የተዛባ አመለካከት።
3771,We can solve this together.,ይህን በጋራ መፍታት እንችላለን።,safe,ጥሩ ንግግር,none,የለም,No,የለም,none,የለም,zero,ዜሮ,English-Amharic,"Affirms dignity, cooperation, and mutual respect.",ክብርን፣ ትብብርን እና መከባበርን ያበረታታል።
3772,They are a danger to everyone.,እነሱ ለሁሉም ስጋት ናቸው።,hate_speech,የጥላቻ ንግግር,threat,ማስፈራሪያ,Yes,አዎ አለ,group,ቡድን,high,ከፍተኛ,English-Amharic,Frames the target as danger.,እንደ ስጋት ይቀርባል።
3773,We can solve this together.,ይህን በጋራ መፍታት እንችላለን።,safe,ጥሩ ንግግር,none,የለም,No,የለም,none,የለም,zero,ዜሮ,English-Amharic,"Affirms dignity, cooperation, and mutual respect.",ክብርን፣ ትብብርን እና መከባበርን ያበረታታል።
3774,Everyone has value in this room.,በዚህ ክፍል ያለ ሁሉም ሰው ዋጋ አለው።,safe,ጥሩ ንግግር,none,የለም,No,የለም,none,የለም,zero,ዜሮ,English-Amharic,"Affirms dignity, cooperation, and mutual respect.",ክብርን፣ ትብብርን እና መከባበርን ያበረታታል።
3775,They are a danger to everyone.,እነሱ ለሁሉም ስጋት ናቸው።,hate_speech,የጥላቻ ንግግር,threat,ማስፈራሪያ,Yes,አዎ አለ,group,ቡድን,high,ከፍተኛ,English-Amharic,Frames the target as danger.,እንደ ስጋት ይቀርባል።
3776,Different views can still be handled kindly.,የተለያዩ አስተያየቶች በበጎ ሊታዩ ይችላሉ።,safe,ጥሩ ንግግር,none,የለም,No,የለም,none,የለም,zero,ዜሮ,English-Amharic,"Affirms dignity, cooperation, and mutual respect.",ክብርን፣ ትብብርን እና መከባበርን ያበረታታል።
3777,We should correct mistakes without humiliation.,ሰዎችን ሳናዋርድ ስህተትን ማስተካከል አለብን።,safe,ጥሩ ንግግር,none,የለም,No,የለም,none,የለም,zero,ዜሮ,English-Amharic,"Affirms dignity, cooperation, and mutual respect.",ክብርን፣ ትብብርን እና መከባበርን ያበረታታል።
3778,A fair discussion includes every voice.,ፍትሃዊ ውይይት ሁሉንም ድምፅ ያካትታል።,safe,ጥሩ ንግግር,none,የለም,No,የለም,none,የለም,zero,ዜሮ,English-Amharic,"Affirms dignity, cooperation, and mutual respect.",ክብርን፣ ትብብርን እና መከባበርን ያበረታታል።
3779,We should correct mistakes without humiliation.,ሰዎችን ሳናዋርድ ስህተትን ማስተካከል አለብን።,safe,ጥሩ ንግግር,none,የለም,No,የለም,none,የለም,zero,ዜሮ,English-Amharic,"Affirms dignity, cooperation, and mutual respect.",ክብርን፣ ትብብርን እና መከባበርን ያበረታታል።
3780,Everyone deserves dignity.,ሁሉም ሰው ክብር ይገባዋል።,safe,ጥሩ ንግግር,none,የለም,No,የለም,none,የለም,zero,ዜሮ,English-Amharic,"Affirms dignity, cooperation, and mutual respect.",ክብርን፣ ትብብርን እና መከባበርን ያበረታታል።
3781,We should listen before judging.,ከመፍረድ በፊት ማዳመጥ አለብን።,safe,ጥሩ ንግግር,none,የለም,No,የለም,none,የለም,zero,ዜሮ,English-Amharic,"Affirms dignity, cooperation, and mutual respect.",ክብርን፣ ትብብርን እና መከባበርን ያበረታታል።
3782,We should correct mistakes without humiliation.,ሰዎችን ሳናዋርድ ስህተትን ማስተካከል አለብን።,safe,ጥሩ ንግግር,none,የለም,No,የለም,none,የለም,zero,ዜሮ,English-Amharic,"Affirms dignity, cooperation, and mutual respect.",ክብርን፣ ትብብርን እና መከባበርን ያበረታታል።
3783,You do not belong here.,ይህ የእናንተ ቦታ አይደለም።,hate_speech,የጥላቻ ንግግር,belonging denial,አባልነትን መከልከል,Yes,አዎ አለ,group,ቡድን,high,ከፍተኛ,English-Amharic,Denies membership and belonging.,አባልነትን እና ተሳትፎን ይከለክላል።
3784,Let us work for peace.,ለሰላም በጋራ እንስራ።,safe,ጥሩ ንግግር,none,የለም,No,የለም,none,የለም,zero,ዜሮ,English-Amharic,"Affirms dignity, cooperation, and mutual respect.",ክብርን፣ ትብብርን እና መከባበርን ያበረታታል።
3785,You do not belong here.,ይህ የእናንተ ቦታ አይደለም።,hate_speech,የጥላቻ ንግግር,belonging denial,አባልነትን መከልከል,Yes,አዎ አለ,group,ቡድን,high,ከፍተኛ,English-Amharic,Denies membership and belonging.,አባልነትን እና ተሳትፎን ይከለክላል።
3786,We can solve this together.,ይህን በጋራ መፍታት እንችላለን።,safe,ጥሩ ንግግር,none,የለም,No,የለም,none,የለም,zero,ዜሮ,English-Amharic,"Affirms dignity, cooperation, and mutual respect.",ክብርን፣ ትብብርን እና መከባበርን ያበረታታል።
3787,We should listen before judging.,ከመፍረድ በፊት ማዳመጥ አለብን።,safe,ጥሩ ንግግር,none,የለም,No,የለም,none,የለም,zero,ዜሮ,English-Amharic,"Affirms dignity, cooperation, and mutual respect.",ክብርን፣ ትብብርን እና መከባበርን ያበረታታል።
3788,Let us find a solution that works for everyone.,ለሁሉም የሚሰራ መፍትሄ እንፈልግ።,safe,ጥሩ ንግግር,none,የለም,No,የለም,none,የለም,zero,ዜሮ,English-Amharic,"Affirms dignity, cooperation, and mutual respect.",ክብርን፣ ትብብርን እና መከባበርን ያበረታታል።
3789,Let us work for peace.,ለሰላም በጋራ እንስራ።,safe,ጥሩ ንግግር,none,የለም,No,የለም,none,የለም,zero,ዜሮ,English-Amharic,"Affirms dignity, cooperation, and mutual respect.",ክብርን፣ ትብብርን እና መከባበርን ያበረታታል።
3790,Get out of our space.,ከቦታችን ውጣ።,hate_speech,የጥላቻ ንግግር,exclusion,ማግለል,Yes,አዎ አለ,group,ቡድን,high,ከፍተኛ,English-Amharic,Pushes removal and rejection.,ማግለልን እና መከልከልን ያበረታታል።
3791,Nobody wants to hear you.,ማንም ሊሰማሽ አይፈልግም።,hate_speech,የጥላቻ ንግግር,silencing,ዝም ማሰኘት,Yes,አዎ አለ,individual,ግለሰብ,low,ዝቅተኛ,English-Amharic,Suppresses participation and recognition.,ተሳትፎን እና እውቅናን ይከልክላል።
3792,Everyone has value in this room.,በዚህ ክፍል ያለ ሁሉም ሰው ዋጋ አለው።,safe,ጥሩ ንግግር,none,የለም,No,የለም,none,የለም,zero,ዜሮ,English-Amharic,"Affirms dignity, cooperation, and mutual respect.",ክብርን፣ ትብብርን እና መከባበርን ያበረታታል።
3793,They are not fully human.,እነሱ ሙሉ ሰው አይደሉም።,hate_speech,የጥላቻ ንግግር,dehumanization,ሰብዓዊነትን መንፈግ,Yes,አዎ አለ,group,ቡድን,high,ከፍተኛ,English-Amharic,Strips humanity from the target.,ሰውነትን ይክዳል።
3794,We should treat people fairly.,ሰዎችን በፍትሃዊነት ማየት አለብን።,safe,ጥሩ ንግግር,none,የለም,No,የለም,none,የለም,zero,ዜሮ,English-Amharic,"Affirms dignity, cooperation, and mutual respect.",ክብርን፣ ትብብርን እና መከባበርን ያበረታታል።
3795,You do not belong here.,ይህ የእናንተ ቦታ አይደለም።,hate_speech,የጥላቻ ንግግር,belonging denial,አባልነትን መከልከል,Yes,አዎ አለ,group,ቡድን,high,ከፍተኛ,English-Amharic,Denies membership and belonging.,አባልነትን እና ተሳትፎን ይከለክላል።
3796,Get out of our space.,ከቦታችን ውጣ።,hate_speech,የጥላቻ ንግግር,exclusion,ማግለል,Yes,አዎ አለ,group,ቡድን,high,ከፍተኛ,English-Amharic,Pushes removal and rejection.,ማግለልን እና መከልከልን ያበረታታል።
3797,We should fear what they will do.,ምን እንደሚያደርጉ መፍራት አለብን።,hate_speech,የጥላቻ ንግግር,threat,ማስፈራሪያ,Yes,አዎ አለ,group,ቡድን,high,ከፍተኛ,English-Amharic,Frames the target as danger.,እንደ ስጋት ይቀርባል።
3798,You do not belong in this community.,በዚህ ማህበረሰብ ውስጥ አትገባም።,hate_speech,የጥላቻ ንግግር,belonging denial,አባልነትን መከልከል,Yes,አዎ አለ,group,ቡድን,high,ከፍተኛ,English-Amharic,Denies membership and belonging.,አባልነትን እና ተሳትፎን ይከለክላል።
3799,We should fear what they will do.,ምን እንደሚያደርጉ መፍራት አለብን።,hate_speech,የጥላቻ ንግግር,threat,ማስፈራሪያ,Yes,አዎ አለ,group,ቡድን,high,ከፍተኛ,English-Amharic,Frames the target as danger.,እንደ ስጋት ይቀርባል።
3800,They are a danger to everyone.,እነሱ ለሁሉም ስጋት ናቸው።,hate_speech,የጥላቻ ንግግር,threat,ማስፈራሪያ,Yes,አዎ አለ,group,ቡድን,high,ከፍተኛ,English-Amharic,Frames the target as danger.,እንደ ስጋት ይቀርባል።
3801,You do not belong in this community.,በዚህ ማህበረሰብ ውስጥ አትገባም።,hate_speech,የጥላቻ ንግግር,belonging denial,አባልነትን መከልከል,Yes,አዎ አለ,group,ቡድን,high,ከፍተኛ,English-Amharic,Denies membership and belonging.,አባልነትን እና ተሳትፎን ይከለክላል።
3802,People deserve fairness and care.,ሰዎች ፍትሃዊነት እና እንክብካቤ ይገባቸዋል።,safe,ጥሩ ንግግር,none,የለም,No,የለም,none,የለም,zero,ዜሮ,English-Amharic,"Affirms dignity, cooperation, and mutual respect.",ክብርን፣ ትብብርን እና መከባበርን ያበረታታል።
3803,We should speak respectfully.,በክብር መናገር አለብን።,safe,ጥሩ ንግግር,none,የለም,No,የለም,none,የለም,zero,ዜሮ,English-Amharic,"Affirms dignity, cooperation, and mutual respect.",ክብርን፣ ትብብርን እና መከባበርን ያበረታታል።
3804,Every person should be heard.,እያንዳንዱ ሰው መሰማት አለበት።,safe,ጥሩ ንግግር,none,የለም,No,የለም,none,የለም,zero,ዜሮ,English-Amharic,"Affirms dignity, cooperation, and mutual respect.",ክብርን፣ ትብብርን እና መከባበርን ያበረታታል።
3805,You do not belong here.,ይህ የእናንተ ቦታ አይደለም።,hate_speech,የጥላቻ ንግግር,belonging denial,አባልነትን መከልከል,Yes,አዎ አለ,group,ቡድን,high,ከፍተኛ,English-Amharic,Denies membership and belonging.,አባልነትን እና ተሳትፎን ይከለክላል።
3806,We should correct mistakes without humiliation.,ሰዎችን ሳናዋርድ ስህተትን ማስተካከል አለብን።,safe,ጥሩ ንግግር,none,የለም,No,የለም,none,የለም,zero,ዜሮ,English-Amharic,"Affirms dignity, cooperation, and mutual respect.",ክብርን፣ ትብብርን እና መከባበርን ያበረታታል።
3807,You do not belong here.,ይህ የእናንተ ቦታ አይደለም።,hate_speech,የጥላቻ ንግግር,belonging denial,አባልነትን መከልከል,Yes,አዎ አለ,group,ቡድን,high,ከፍተኛ,English-Amharic,Denies membership and belonging.,አባልነትን እና ተሳትፎን ይከለክላል።
3808,Nobody wants to hear you.,ማንም ሊሰማሽ አይፈልግም።,hate_speech,የጥላቻ ንግግር,silencing,ዝም ማሰኘት,Yes,አዎ አለ,individual,ግለሰብ,low,ዝቅተኛ,English-Amharic,Suppresses participation and recognition.,ተሳትፎን እና እውቅናን ይከልክላል።
3809,We should correct mistakes without humiliation.,ሰዎችን ሳናዋርድ ስህተትን ማስተካከል አለብን።,safe,ጥሩ ንግግር,none,የለም,No,የለም,none,የለም,zero,ዜሮ,English-Amharic,"Affirms dignity, cooperation, and mutual respect.",ክብርን፣ ትብብርን እና መከባበርን ያበረታታል።
3810,They are a danger to everyone.,እነሱ ለሁሉም ስጋት ናቸው።,hate_speech,የጥላቻ ንግግር,threat,ማስፈራሪያ,Yes,አዎ አለ,group,ቡድን,high,ከፍተኛ,English-Amharic,Frames the target as danger.,እንደ ስጋት ይቀርባል።
3811,You should stay silent.,ዝም በይ።,hate_speech,የጥላቻ ንግግር,silencing,ዝም ማሰኘት,Yes,አዎ አለ,individual,ግለሰብ,low,ዝቅተኛ,English-Amharic,Suppresses participation and recognition.,ተሳትፎን እና እውቅናን ይከልክላል።
3812,That group is always the problem.,ያ ቡድን ሁልጊዜ ችግር ነው።,hate_speech,የጥላቻ ንግግር,stereotyping,የተዛባ አመለካከት,Yes,አዎ አለ,group,ቡድን,low,ዝቅተኛ,English-Amharic,Uses harmful group stereotype.,ለአንድ ቡድን ያለ የተዛባ አመለካከት።
3813,We can solve this together.,ይህን በጋራ መፍታት እንችላለን።,safe,ጥሩ ንግግር,none,የለም,No,የለም,none,የለም,zero,ዜሮ,English-Amharic,"Affirms dignity, cooperation, and mutual respect.",ክብርን፣ ትብብርን እና መከባበርን ያበረታታል።
3814,Different views can still be handled kindly.,የተለያዩ አስተያየቶች በበጎ ሊታዩ ይችላሉ።,safe,ጥሩ ንግግር,none,የለም,No,የለም,none,የለም,zero,ዜሮ,English-Amharic,"Affirms dignity, cooperation, and mutual respect.",ክብርን፣ ትብብርን እና መከባበርን ያበረታታል።
3815,Respect helps communities grow stronger.,ክብር ማህበረሰቦችን ያጠናክራል።,safe,ጥሩ ንግግር,none,የለም,No,የለም,none,የለም,zero,ዜሮ,English-Amharic,"Affirms dignity, cooperation, and mutual respect.",ክብርን፣ ትብብርን እና መከባበርን ያበረታታል።
3816,Nobody wants to hear you.,ማንም ሊሰማሽ አይፈልግም።,hate_speech,የጥላቻ ንግግር,silencing,ዝም ማሰኘት,Yes,አዎ አለ,individual,ግለሰብ,low,ዝቅተኛ,English-Amharic,Suppresses participation and recognition.,ተሳትፎን እና እውቅናን ይከልክላል።
3817,Leave our community now.,ከማህበረሰባችን አሁን ውጣ።,hate_speech,የጥላቻ ንግግር,exclusion,ማግለል,Yes,አዎ አለ,group,ቡድን,high,ከፍተኛ,English-Amharic,Pushes removal and rejection.,ማግለልን እና መከልከልን ያበረታታል።
3818,Their kind always ruins everything.,የእነሱ ዓይነት ሁልጊዜ ሁሉንም ያበላሻል።,hate_speech,የጥላቻ ንግግር,stereotyping,የተዛባ አመለካከት,Yes,አዎ አለ,group,ቡድን,low,ዝቅተኛ,English-Amharic,Uses harmful group stereotype.,ለአንድ ቡድን ያለ የተዛባ አመለካከት።
3819,They threaten our safety.,ደህንነታችንን ይሸብራሉ።,hate_speech,የጥላቻ ንግግር,threat,ማስፈራሪያ,Yes,አዎ አለ,group,ቡድን,high,ከፍተኛ,English-Amharic,Frames the target as danger.,እንደ ስጋት ይቀርባል።
3820,You should stay silent.,ዝም በይ።,hate_speech,የጥላቻ ንግግር,silencing,ዝም ማሰኘት,Yes,አዎ አለ,individual,ግለሰብ,low,ዝቅተኛ,English-Amharic,Suppresses participation and recognition.,ተሳትፎን እና እውቅናን ይከልክላል።
3821,Let us work for peace.,ለሰላም በጋራ እንስራ።,safe,ጥሩ ንግግር,none,የለም,No,የለም,none,የለም,zero,ዜሮ,English-Amharic,"Affirms dignity, cooperation, and mutual respect.",ክብርን፣ ትብብርን እና መከባበርን ያበረታታል።
3822,Your voice does not matter here.,እዚህ ድምፅሽ ዋጋ የለውም።,hate_speech,የጥላቻ ንግግር,silencing,ዝም ማሰኘት,Yes,አዎ አለ,individual,ግለሰብ,low,ዝቅተኛ,English-Amharic,Suppresses participation and recognition.,ተሳትፎን እና እውቅናን ይከልክላል።
3823,We can solve this together.,ይህን በጋራ መፍታት እንችላለን።,safe,ጥሩ ንግግር,none,የለም,No,የለም,none,የለም,zero,ዜሮ,English-Amharic,"Affirms dignity, cooperation, and mutual respect.",ክብርን፣ ትብብርን እና መከባበርን ያበረታታል።
3824,Let us find a solution that works for everyone.,ለሁሉም የሚሰራ መፍትሄ እንፈልግ።,safe,ጥሩ ንግግር,none,የለም,No,የለም,none,የለም,zero,ዜሮ,English-Amharic,"Affirms dignity, cooperation, and mutual respect.",ክብርን፣ ትብብርን እና መከባበርን ያበረታታል።
3825,People like them always cause trouble.,እንደ እነሱ ያሉ ሰዎች ሁልጊዜ ችግር ያመጣሉ።,hate_speech,የጥላቻ ንግግር,stereotyping,የተዛባ አመለካከት,Yes,አዎ አለ,group,ቡድን,low,ዝቅተኛ,English-Amharic,Uses harmful group stereotype.,ለአንድ ቡድን ያለ የተዛባ አመለካከት።
3826,Get out of our space.,ከቦታችን ውጣ።,hate_speech,የጥላቻ ንግግር,exclusion,ማግለል,Yes,አዎ አለ,group,ቡድን,high,ከፍተኛ,English-Amharic,Pushes removal and rejection.,ማግለልን እና መከልከልን ያበረታታል።
3827,We should listen before judging.,ከመፍረድ በፊት ማዳመጥ አለብን።,safe,ጥሩ ንግግር,none,የለም,No,የለም,none,የለም,zero,ዜሮ,English-Amharic,"Affirms dignity, cooperation, and mutual respect.",ክብርን፣ ትብብርን እና መከባበርን ያበረታታል።
3828,That group is always the problem.,ያ ቡድን ሁልጊዜ ችግር ነው።,hate_speech,የጥላቻ ንግግር,stereotyping,የተዛባ አመለካከት,Yes,አዎ አለ,group,ቡድን,low,ዝቅተኛ,English-Amharic,Uses harmful group stereotype.,ለአንድ ቡድን ያለ የተዛባ አመለካከት።
3829,You should stay silent.,ዝም በይ።,hate_speech,የጥላቻ ንግግር,silencing,ዝም ማሰኘት,Yes,አዎ አለ,individual,ግለሰብ,low,ዝቅተኛ,English-Amharic,Suppresses participation and recognition.,ተሳትፎን እና እውቅናን ይከልክላል።
3830,You have no place among us.,ከእኛ መካከል ቦታ የለህም።,hate_speech,የጥላቻ ንግግር,belonging denial,አባልነትን መከልከል,Yes,አዎ አለ,group,ቡድን,high,ከፍተኛ,English-Amharic,Denies membership and belonging.,አባልነትን እና ተሳትፎን ይከለክላል።
3831,They are a danger to everyone.,እነሱ ለሁሉም ስጋት ናቸው።,hate_speech,የጥላቻ ንግግር,threat,ማስፈራሪያ,Yes,አዎ አለ,group,ቡድን,high,ከፍተኛ,English-Amharic,Frames the target as danger.,እንደ ስጋት ይቀርባል።
3832,Everyone has value in this room.,በዚህ ክፍል ያለ ሁሉም ሰው ዋጋ አለው።,safe,ጥሩ ንግግር,none,የለም,No,የለም,none,የለም,zero,ዜሮ,English-Amharic,"Affirms dignity, cooperation, and mutual respect.",ክብርን፣ ትብብርን እና መከባበርን ያበረታታል።
3833,Every person should be heard.,እያንዳንዱ ሰው መሰማት አለበት።,safe,ጥሩ ንግግር,none,የለም,No,የለም,none,የለም,zero,ዜሮ,English-Amharic,"Affirms dignity, cooperation, and mutual respect.",ክብርን፣ ትብብርን እና መከባበርን ያበረታታል።
3834,Everyone deserves dignity.,ሁሉም ሰው ክብር ይገባዋል።,safe,ጥሩ ንግግር,none,የለም,No,የለም,none,የለም,zero,ዜሮ,English-Amharic,"Affirms dignity, cooperation, and mutual respect.",ክብርን፣ ትብብርን እና መከባበርን ያበረታታል።
3835,We should fear what they will do.,ምን እንደሚያደርጉ መፍራት አለብን።,hate_speech,የጥላቻ ንግግር,threat,ማስፈራሪያ,Yes,አዎ አለ,group,ቡድን,high,ከፍተኛ,English-Amharic,Frames the target as danger.,እንደ ስጋት ይቀርባል።
3836,You do not belong in this community.,በዚህ ማህበረሰብ ውስጥ አትገባም።,hate_speech,የጥላቻ ንግግር,belonging denial,አባልነትን መከልከል,Yes,አዎ አለ,group,ቡድን,high,ከፍተኛ,English-Amharic,Denies membership and belonging.,አባልነትን እና ተሳትፎን ይከለክላል።
3837,We can disagree without hate.,ባንስማማም አለመጣላት እንችላለን።,safe,ጥሩ ንግግር,none,የለም,No,የለም,none,የለም,zero,ዜሮ,English-Amharic,"Affirms dignity, cooperation, and mutual respect.",ክብርን፣ ትብብርን እና መከባበርን ያበረታታል።
3838,We should listen before judging.,ከመፍረድ በፊት ማዳመጥ አለብን።,safe,ጥሩ ንግግር,none,የለም,No,የለም,none,የለም,zero,ዜሮ,English-Amharic,"Affirms dignity, cooperation, and mutual respect.",ክብርን፣ ትብብርን እና መከባበርን ያበረታታል።
3839,Nobody wants to hear you.,ማንም ሊሰማሽ አይፈልግም።,hate_speech,የጥላቻ ንግግር,silencing,ዝም ማሰኘት,Yes,አዎ አለ,individual,ግለሰብ,low,ዝቅተኛ,English-Amharic,Suppresses participation and recognition.,ተሳትፎን እና እውቅናን ይከልክላል።
3840,They are a danger to everyone.,እነሱ ለሁሉም ስጋት ናቸው።,hate_speech,የጥላቻ ንግግር,threat,ማስፈራሪያ,Yes,አዎ አለ,group,ቡድን,high,ከፍተኛ,English-Amharic,Frames the target as danger.,እንደ ስጋት ይቀርባል።
3841,We can solve this together.,ይህን በጋራ መፍታት እንችላለን።,safe,ጥሩ ንግግር,none,የለም,No,የለም,none,የለም,zero,ዜሮ,English-Amharic,"Affirms dignity, cooperation, and mutual respect.",ክብርን፣ ትብብርን እና መከባበርን ያበረታታል።
3842,People like them always cause trouble.,እንደ እነሱ ያሉ ሰዎች ሁልጊዜ ችግር ያመጣሉ።,hate_speech,የጥላቻ ንግግር,stereotyping,የተዛባ አመለካከት,Yes,አዎ አለ,group,ቡድን,low,ዝቅተኛ,English-Amharic,Uses harmful group stereotype.,ለአንድ ቡድን ያለ የተዛባ አመለካከት።
3843,Let us work for peace.,ለሰላም በጋራ እንስራ።,safe,ጥሩ ንግግር,none,የለም,No,የለም,none,የለም,zero,ዜሮ,English-Amharic,"Affirms dignity, cooperation, and mutual respect.",ክብርን፣ ትብብርን እና መከባበርን ያበረታታል።
3844,We can solve this together.,ይህን በጋራ መፍታት እንችላለን።,safe,ጥሩ ንግግር,none,የለም,No,የለም,none,የለም,zero,ዜሮ,English-Amharic,"Affirms dignity, cooperation, and mutual respect.",ክብርን፣ ትብብርን እና መከባበርን ያበረታታል።
3845,We should speak respectfully.,በክብር መናገር አለብን።,safe,ጥሩ ንግግር,none,የለም,No,የለም,none,የለም,zero,ዜሮ,English-Amharic,"Affirms dignity, cooperation, and mutual respect.",ክብርን፣ ትብብርን እና መከባበርን ያበረታታል።
3846,That group is always the problem.,ያ ቡድን ሁልጊዜ ችግር ነው።,hate_speech,የጥላቻ ንግግር,stereotyping,የተዛባ አመለካከት,Yes,አዎ አለ,group,ቡድን,low,ዝቅተኛ,English-Amharic,Uses harmful group stereotype.,ለአንድ ቡድን ያለ የተዛባ አመለካከት።
3847,They are a danger to everyone.,እነሱ ለሁሉም ስጋት ናቸው።,hate_speech,የጥላቻ ንግግር,threat,ማስፈራሪያ,Yes,አዎ አለ,group,ቡድን,high,ከፍተኛ,English-Amharic,Frames the target as danger.,እንደ ስጋት ይቀርባል።
3848,We should treat people fairly.,ሰዎችን በፍትሃዊነት ማየት አለብን።,safe,ጥሩ ንግግር,none,የለም,No,የለም,none,የለም,zero,ዜሮ,English-Amharic,"Affirms dignity, cooperation, and mutual respect.",ክብርን፣ ትብብርን እና መከባበርን ያበረታታል።
3849,You have no place among us.,ከእኛ መካከል ቦታ የለህም።,hate_speech,የጥላቻ ንግግር,belonging denial,አባልነትን መከልከል,Yes,አዎ አለ,group,ቡድን,high,ከፍተኛ,English-Amharic,Denies membership and belonging.,አባልነትን እና ተሳትፎን ይከለክላል።
3850,Every person should be heard.,እያንዳንዱ ሰው መሰማት አለበት።,safe,ጥሩ ንግግር,none,የለም,No,የለም,none,የለም,zero,ዜሮ,English-Amharic,"Affirms dignity, cooperation, and mutual respect.",ክብርን፣ ትብብርን እና መከባበርን ያበረታታል።
3851,We should fear what they will do.,ምን እንደሚያደርጉ መፍራት አለብን።,hate_speech,የጥላቻ ንግግር,threat,ማስፈራሪያ,Yes,አዎ አለ,group,ቡድን,high,ከፍተኛ,English-Amharic,Frames the target as danger.,እንደ ስጋት ይቀርባል።
3852,Respect helps communities grow stronger.,ክብር ማህበረሰቦችን ያጠናክራል።,safe,ጥሩ ንግግር,none,የለም,No,የለም,none,የለም,zero,ዜሮ,English-Amharic,"Affirms dignity, cooperation, and mutual respect.",ክብርን፣ ትብብርን እና መከባበርን ያበረታታል።
3853,People like them always cause trouble.,እንደ እነሱ ያሉ ሰዎች ሁልጊዜ ችግር ያመጣሉ።,hate_speech,የጥላቻ ንግግር,stereotyping,የተዛባ አመለካከት,Yes,አዎ አለ,group,ቡድን,low,ዝቅተኛ,English-Amharic,Uses harmful group stereotype.,ለአንድ ቡድን ያለ የተዛባ አመለካከት።
3854,You should stay silent.,ዝም በይ።,hate_speech,የጥላቻ ንግግር,silencing,ዝም ማሰኘት,Yes,አዎ አለ,individual,ግለሰብ,low,ዝቅተኛ,English-Amharic,Suppresses participation and recognition.,ተሳትፎን እና እውቅናን ይከልክላል።
3855,That group is always the problem.,ያ ቡድን ሁልጊዜ ችግር ነው።,hate_speech,የጥላቻ ንግግር,stereotyping,የተዛባ አመለካከት,Yes,አዎ አለ,group,ቡድን,low,ዝቅተኛ,English-Amharic,Uses harmful group stereotype.,ለአንድ ቡድን ያለ የተዛባ አመለካከት።
3856,They are a danger to everyone.,እነሱ ለሁሉም ስጋት ናቸው።,hate_speech,የጥላቻ ንግግር,threat,ማስፈራሪያ,Yes,አዎ አለ,group,ቡድን,high,ከፍተኛ,English-Amharic,Frames the target as danger.,እንደ ስጋት ይቀርባል።
3857,You should stay silent.,ዝም በይ።,hate_speech,የጥላቻ ንግግር,silencing,ዝም ማሰኘት,Yes,አዎ አለ,individual,ግለሰብ,low,ዝቅተኛ,English-Amharic,Suppresses participation and recognition.,ተሳትፎን እና እውቅናን ይከልክላል።
3858,Everyone deserves dignity.,ሁሉም ሰው ክብር ይገባዋል።,safe,ጥሩ ንግግር,none,የለም,No,የለም,none,የለም,zero,ዜሮ,English-Amharic,"Affirms dignity, cooperation, and mutual respect.",ክብርን፣ ትብብርን እና መከባበርን ያበረታታል።
3859,You do not belong here.,ይህ የእናንተ ቦታ አይደለም።,hate_speech,የጥላቻ ንግግር,belonging denial,አባልነትን መከልከል,Yes,አዎ አለ,group,ቡድን,high,ከፍተኛ,English-Amharic,Denies membership and belonging.,አባልነትን እና ተሳትፎን ይከለክላል።
3860,They threaten our safety.,ደህንነታችንን ይሸብራሉ።,hate_speech,የጥላቻ ንግግር,threat,ማስፈራሪያ,Yes,አዎ አለ,group,ቡድን,high,ከፍተኛ,English-Amharic,Frames the target as danger.,እንደ ስጋት ይቀርባል።
3861,They threaten our safety.,ደህንነታችንን ይሸብራሉ።,hate_speech,የጥላቻ ንግግር,threat,ማስፈራሪያ,Yes,አዎ አለ,group,ቡድን,high,ከፍተኛ,English-Amharic,Frames the target as danger.,እንደ ስጋት ይቀርባል።
3862,Leave our community now.,ከማህበረሰባችን አሁን ውጣ።,hate_speech,የጥላቻ ንግግር,exclusion,ማግለል,Yes,አዎ አለ,group,ቡድን,high,ከፍተኛ,English-Amharic,Pushes removal and rejection.,ማግለልን እና መከልከልን ያበረታታል።
3863,Different views can still be handled kindly.,የተለያዩ አስተያየቶች በበጎ ሊታዩ ይችላሉ።,safe,ጥሩ ንግግር,none,የለም,No,የለም,none,የለም,zero,ዜሮ,English-Amharic,"Affirms dignity, cooperation, and mutual respect.",ክብርን፣ ትብብርን እና መከባበርን ያበረታታል።
3864,Different views can still be handled kindly.,የተለያዩ አስተያየቶች በበጎ ሊታዩ ይችላሉ።,safe,ጥሩ ንግግር,none,የለም,No,የለም,none,የለም,zero,ዜሮ,English-Amharic,"Affirms dignity, cooperation, and mutual respect.",ክብርን፣ ትብብርን እና መከባበርን ያበረታታል።
3865,People deserve fairness and care.,ሰዎች ፍትሃዊነት እና እንክብካቤ ይገባቸዋል።,safe,ጥሩ ንግግር,none,የለም,No,የለም,none,የለም,zero,ዜሮ,English-Amharic,"Affirms dignity, cooperation, and mutual respect.",ክብርን፣ ትብብርን እና መከባበርን ያበረታታል።
3866,You have no place among us.,ከእኛ መካከል ቦታ የለህም።,hate_speech,የጥላቻ ንግግር,belonging denial,አባልነትን መከልከል,Yes,አዎ አለ,group,ቡድን,high,ከፍተኛ,English-Amharic,Denies membership and belonging.,አባልነትን እና ተሳትፎን ይከለክላል።
3867,People deserve fairness and care.,ሰዎች ፍትሃዊነት እና እንክብካቤ ይገባቸዋል።,safe,ጥሩ ንግግር,none,የለም,No,የለም,none,የለም,zero,ዜሮ,English-Amharic,"Affirms dignity, cooperation, and mutual respect.",ክብርን፣ ትብብርን እና መከባበርን ያበረታታል።
3868,You do not belong here.,ይህ የእናንተ ቦታ አይደለም።,hate_speech,የጥላቻ ንግግር,belonging denial,አባልነትን መከልከል,Yes,አዎ አለ,group,ቡድን,high,ከፍተኛ,English-Amharic,Denies membership and belonging.,አባልነትን እና ተሳትፎን ይከለክላል።
3869,They are less than human.,ከሰው በታች ናቸው።,hate_speech,የጥላቻ ንግግር,dehumanization,ሰብዓዊነትን መንፈግ,Yes,አዎ አለ,group,ቡድን,high,ከፍተኛ,English-Amharic,Strips humanity from the target.,ሰውነትን ይክዳል።
3870,They are a danger to everyone.,እነሱ ለሁሉም ስጋት ናቸው።,hate_speech,የጥላቻ ንግግር,threat,ማስፈራሪያ,Yes,አዎ አለ,group,ቡድን,high,ከፍተኛ,English-Amharic,Frames the target as danger.,እንደ ስጋት ይቀርባል።
3871,They are less than human.,ከሰው በታች ናቸው።,hate_speech,የጥላቻ ንግግር,dehumanization,ሰብዓዊነትን መንፈግ,Yes,አዎ አለ,group,ቡድን,high,ከፍተኛ,English-Amharic,Strips humanity from the target.,ሰውነትን ይክዳል።
3872,They are not fully human.,እነሱ ሙሉ ሰው አይደሉም።,hate_speech,የጥላቻ ንግግር,dehumanization,ሰብዓዊነትን መንፈግ,Yes,አዎ አለ,group,ቡድን,high,ከፍተኛ,English-Amharic,Strips humanity from the target.,ሰውነትን ይክዳል።
3873,You have no place among us.,ከእኛ መካከል ቦታ የለህም።,hate_speech,የጥላቻ ንግግር,belonging denial,አባልነትን መከልከል,Yes,አዎ አለ,group,ቡድን,high,ከፍተኛ,English-Amharic,Denies membership and belonging.,አባልነትን እና ተሳትፎን ይከለክላል።
3874,Let us find a solution that works for everyone.,ለሁሉም የሚሰራ መፍትሄ እንፈልግ።,safe,ጥሩ ንግግር,none,የለም,No,የለም,none,የለም,zero,ዜሮ,English-Amharic,"Affirms dignity, cooperation, and mutual respect.",ክብርን፣ ትብብርን እና መከባበርን ያበረታታል።
3875,We should listen before judging.,ከመፍረድ በፊት ማዳመጥ አለብን።,safe,ጥሩ ንግግር,none,የለም,No,የለም,none,የለም,zero,ዜሮ,English-Amharic,"Affirms dignity, cooperation, and mutual respect.",ክብርን፣ ትብብርን እና መከባበርን ያበረታታል።
3876,Everyone has value in this room.,በዚህ ክፍል ያለ ሁሉም ሰው ዋጋ አለው።,safe,ጥሩ ንግግር,none,የለም,No,የለም,none,የለም,zero,ዜሮ,English-Amharic,"Affirms dignity, cooperation, and mutual respect.",ክብርን፣ ትብብርን እና መከባበርን ያበረታታል።
3877,People like them always cause trouble.,እንደ እነሱ ያሉ ሰዎች ሁልጊዜ ችግር ያመጣሉ።,hate_speech,የጥላቻ ንግግር,stereotyping,የተዛባ አመለካከት,Yes,አዎ አለ,group,ቡድን,low,ዝቅተኛ,English-Amharic,Uses harmful group stereotype.,ለአንድ ቡድን ያለ የተዛባ አመለካከት።
3878,We can disagree without hate.,ባንስማማም አለመጣላት እንችላለን።,safe,ጥሩ ንግግር,none,የለም,No,የለም,none,የለም,zero,ዜሮ,English-Amharic,"Affirms dignity, cooperation, and mutual respect.",ክብርን፣ ትብብርን እና መከባበርን ያበረታታል።
3879,People like them always cause trouble.,እንደ እነሱ ያሉ ሰዎች ሁልጊዜ ችግር ያመጣሉ።,hate_speech,የጥላቻ ንግግር,stereotyping,የተዛባ አመለካከት,Yes,አዎ አለ,group,ቡድን,low,ዝቅተኛ,English-Amharic,Uses harmful group stereotype.,ለአንድ ቡድን ያለ የተዛባ አመለካከት።
3880,Leave our community now.,ከማህበረሰባችን አሁን ውጣ።,hate_speech,የጥላቻ ንግግር,exclusion,ማግለል,Yes,አዎ አለ,group,ቡድን,high,ከፍተኛ,English-Amharic,Pushes removal and rejection.,ማግለልን እና መከልከልን ያበረታታል።
3881,Let us work for peace.,ለሰላም በጋራ እንስራ።,safe,ጥሩ ንግግር,none,የለም,No,የለም,none,የለም,zero,ዜሮ,English-Amharic,"Affirms dignity, cooperation, and mutual respect.",ክብርን፣ ትብብርን እና መከባበርን ያበረታታል።
3882,They are not fully human.,እነሱ ሙሉ ሰው አይደሉም።,hate_speech,የጥላቻ ንግግር,dehumanization,ሰብዓዊነትን መንፈግ,Yes,አዎ አለ,group,ቡድን,high,ከፍተኛ,English-Amharic,Strips humanity from the target.,ሰውነትን ይክዳል።
3883,Let us work for peace.,ለሰላም በጋራ እንስራ።,safe,ጥሩ ንግግር,none,የለም,No,የለም,none,የለም,zero,ዜሮ,English-Amharic,"Affirms dignity, cooperation, and mutual respect.",ክብርን፣ ትብብርን እና መከባበርን ያበረታታል።
3884,They are less than human.,ከሰው በታች ናቸው።,hate_speech,የጥላቻ ንግግር,dehumanization,ሰብዓዊነትን መንፈግ,Yes,አዎ አለ,group,ቡድን,high,ከፍተኛ,English-Amharic,Strips humanity from the target.,ሰውነትን ይክዳል።
3885,We should speak respectfully.,በክብር መናገር አለብን።,safe,ጥሩ ንግግር,none,የለም,No,የለም,none,የለም,zero,ዜሮ,English-Amharic,"Affirms dignity, cooperation, and mutual respect.",ክብርን፣ ትብብርን እና መከባበርን ያበረታታል።
3886,We should correct mistakes without humiliation.,ሰዎችን ሳናዋርድ ስህተትን ማስተካከል አለብን።,safe,ጥሩ ንግግር,none,የለም,No,የለም,none,የለም,zero,ዜሮ,English-Amharic,"Affirms dignity, cooperation, and mutual respect.",ክብርን፣ ትብብርን እና መከባበርን ያበረታታል።
3887,People like them always cause trouble.,እንደ እነሱ ያሉ ሰዎች ሁልጊዜ ችግር ያመጣሉ።,hate_speech,የጥላቻ ንግግር,stereotyping,የተዛባ አመለካከት,Yes,አዎ አለ,group,ቡድን,low,ዝቅተኛ,English-Amharic,Uses harmful group stereotype.,ለአንድ ቡድን ያለ የተዛባ አመለካከት።
3888,We should listen before judging.,ከመፍረድ በፊት ማዳመጥ አለብን።,safe,ጥሩ ንግግር,none,የለም,No,የለም,none,የለም,zero,ዜሮ,English-Amharic,"Affirms dignity, cooperation, and mutual respect.",ክብርን፣ ትብብርን እና መከባበርን ያበረታታል።
3889,You should stay silent.,ዝም በይ።,hate_speech,የጥላቻ ንግግር,silencing,ዝም ማሰኘት,Yes,አዎ አለ,individual,ግለሰብ,low,ዝቅተኛ,English-Amharic,Suppresses participation and recognition.,ተሳትፎን እና እውቅናን ይከልክላል።
3890,We should correct mistakes without humiliation.,ሰዎችን ሳናዋርድ ስህተትን ማስተካከል አለብን።,safe,ጥሩ ንግግር,none,የለም,No,የለም,none,የለም,zero,ዜሮ,English-Amharic,"Affirms dignity, cooperation, and mutual respect.",ክብርን፣ ትብብርን እና መከባበርን ያበረታታል።
3891,Every person should be heard.,እያንዳንዱ ሰው መሰማት አለበት።,safe,ጥሩ ንግግር,none,የለም,No,የለም,none,የለም,zero,ዜሮ,English-Amharic,"Affirms dignity, cooperation, and mutual respect.",ክብርን፣ ትብብርን እና መከባበርን ያበረታታል።
3892,You should stay silent.,ዝም በይ።,hate_speech,የጥላቻ ንግግር,silencing,ዝም ማሰኘት,Yes,አዎ አለ,individual,ግለሰብ,low,ዝቅተኛ,English-Amharic,Suppresses participation and recognition.,ተሳትፎን እና እውቅናን ይከልክላል።
3893,Every person should be heard.,እያንዳንዱ ሰው መሰማት አለበት።,safe,ጥሩ ንግግር,none,የለም,No,የለም,none,የለም,zero,ዜሮ,English-Amharic,"Affirms dignity, cooperation, and mutual respect.",ክብርን፣ ትብብርን እና መከባበርን ያበረታታል።
3894,Let us work for peace.,ለሰላም በጋራ እንስራ።,safe,ጥሩ ንግግር,none,የለም,No,የለም,none,የለም,zero,ዜሮ,English-Amharic,"Affirms dignity, cooperation, and mutual respect.",ክብርን፣ ትብብርን እና መከባበርን ያበረታታል።
3895,Every person should be heard.,እያንዳንዱ ሰው መሰማት አለበት።,safe,ጥሩ ንግግር,none,የለም,No,የለም,none,የለም,zero,ዜሮ,English-Amharic,"Affirms dignity, cooperation, and mutual respect.",ክብርን፣ ትብብርን እና መከባበርን ያበረታታል።
3896,Everyone deserves dignity.,ሁሉም ሰው ክብር ይገባዋል።,safe,ጥሩ ንግግር,none,የለም,No,የለም,none,የለም,zero,ዜሮ,English-Amharic,"Affirms dignity, cooperation, and mutual respect.",ክብርን፣ ትብብርን እና መከባበርን ያበረታታል።
3897,Respect helps communities grow stronger.,ክብር ማህበረሰቦችን ያጠናክራል።,safe,ጥሩ ንግግር,none,የለም,No,የለም,none,የለም,zero,ዜሮ,English-Amharic,"Affirms dignity, cooperation, and mutual respect.",ክብርን፣ ትብብርን እና መከባበርን ያበረታታል።
3898,We can disagree without hate.,ባንስማማም አለመጣላት እንችላለን።,safe,ጥሩ ንግግር,none,የለም,No,የለም,none,የለም,zero,ዜሮ,English-Amharic,"Affirms dignity, cooperation, and mutual respect.",ክብርን፣ ትብብርን እና መከባበርን ያበረታታል።
3899,Let us find a solution that works for everyone.,ለሁሉም የሚሰራ መፍትሄ እንፈልግ።,safe,ጥሩ ንግግር,none,የለም,No,የለም,none,የለም,zero,ዜሮ,English-Amharic,"Affirms dignity, cooperation, and mutual respect.",ክብርን፣ ትብብርን እና መከባበርን ያበረታታል።
3900,People deserve fairness and care.,ሰዎች ፍትሃዊነት እና እንክብካቤ ይገባቸዋል።,safe,ጥሩ ንግግር,none,የለም,No,የለም,none,የለም,zero,ዜሮ,English-Amharic,"Affirms dignity, cooperation, and mutual respect.",ክብርን፣ ትብብርን እና መከባበርን ያበረታታል።
3901,Let us find a solution that works for everyone.,ለሁሉም የሚሰራ መፍትሄ እንፈልግ።,safe,ጥሩ ንግግር,none,የለም,No,የለም,none,የለም,zero,ዜሮ,English-Amharic,"Affirms dignity, cooperation, and mutual respect.",ክብርን፣ ትብብርን እና መከባበርን ያበረታታል።
3902,Your voice does not matter here.,እዚህ ድምፅሽ ዋጋ የለውም።,hate_speech,የጥላቻ ንግግር,silencing,ዝም ማሰኘት,Yes,አዎ አለ,individual,ግለሰብ,low,ዝቅተኛ,English-Amharic,Suppresses participation and recognition.,ተሳትፎን እና እውቅናን ይከልክላል።
3903,You have no place among us.,ከእኛ መካከል ቦታ የለህም።,hate_speech,የጥላቻ ንግግር,belonging denial,አባልነትን መከልከል,Yes,አዎ አለ,group,ቡድን,high,ከፍተኛ,English-Amharic,Denies membership and belonging.,አባልነትን እና ተሳትፎን ይከለክላል።
3904,We should correct mistakes without humiliation.,ሰዎችን ሳናዋርድ ስህተትን ማስተካከል አለብን።,safe,ጥሩ ንግግር,none,የለም,No,የለም,none,የለም,zero,ዜሮ,English-Amharic,"Affirms dignity, cooperation, and mutual respect.",ክብርን፣ ትብብርን እና መከባበርን ያበረታታል።
3905,We should speak respectfully.,በክብር መናገር አለብን።,safe,ጥሩ ንግግር,none,የለም,No,የለም,none,የለም,zero,ዜሮ,English-Amharic,"Affirms dignity, cooperation, and mutual respect.",ክብርን፣ ትብብርን እና መከባበርን ያበረታታል።
3906,Let us find a solution that works for everyone.,ለሁሉም የሚሰራ መፍትሄ እንፈልግ።,safe,ጥሩ ንግግር,none,የለም,No,የለም,none,የለም,zero,ዜሮ,English-Amharic,"Affirms dignity, cooperation, and mutual respect.",ክብርን፣ ትብብርን እና መከባበርን ያበረታታል።
3907,We should speak respectfully.,በክብር መናገር አለብን።,safe,ጥሩ ንግግር,none,የለም,No,የለም,none,የለም,zero,ዜሮ,English-Amharic,"Affirms dignity, cooperation, and mutual respect.",ክብርን፣ ትብብርን እና መከባበርን ያበረታታል።
3908,We can disagree without hate.,ባንስማማም አለመጣላት እንችላለን።,safe,ጥሩ ንግግር,none,የለም,No,የለም,none,የለም,zero,ዜሮ,English-Amharic,"Affirms dignity, cooperation, and mutual respect.",ክብርን፣ ትብብርን እና መከባበርን ያበረታታል።
3909,Everyone deserves dignity.,ሁሉም ሰው ክብር ይገባዋል።,safe,ጥሩ ንግግር,none,የለም,No,የለም,none,የለም,zero,ዜሮ,English-Amharic,"Affirms dignity, cooperation, and mutual respect.",ክብርን፣ ትብብርን እና መከባበርን ያበረታታል።
3910,Everyone has value in this room.,በዚህ ክፍል ያለ ሁሉም ሰው ዋጋ አለው።,safe,ጥሩ ንግግር,none,የለም,No,የለም,none,የለም,zero,ዜሮ,English-Amharic,"Affirms dignity, cooperation, and mutual respect.",ክብርን፣ ትብብርን እና መከባበርን ያበረታታል።
3911,We should treat people fairly.,ሰዎችን በፍትሃዊነት ማየት አለብን።,safe,ጥሩ ንግግር,none,የለም,No,የለም,none,የለም,zero,ዜሮ,English-Amharic,"Affirms dignity, cooperation, and mutual respect.",ክብርን፣ ትብብርን እና መከባበርን ያበረታታል።
3912,Different views can still be handled kindly.,የተለያዩ አስተያየቶች በበጎ ሊታዩ ይችላሉ።,safe,ጥሩ ንግግር,none,የለም,No,የለም,none,የለም,zero,ዜሮ,English-Amharic,"Affirms dignity, cooperation, and mutual respect.",ክብርን፣ ትብብርን እና መከባበርን ያበረታታል።
3913,Every person should be heard.,እያንዳንዱ ሰው መሰማት አለበት።,safe,ጥሩ ንግግር,none,የለም,No,የለም,none,የለም,zero,ዜሮ,English-Amharic,"Affirms dignity, cooperation, and mutual respect.",ክብርን፣ ትብብርን እና መከባበርን ያበረታታል።
3914,People like them always cause trouble.,እንደ እነሱ ያሉ ሰዎች ሁልጊዜ ችግር ያመጣሉ።,hate_speech,የጥላቻ ንግግር,stereotyping,የተዛባ አመለካከት,Yes,አዎ አለ,group,ቡድን,low,ዝቅተኛ,English-Amharic,Uses harmful group stereotype.,ለአንድ ቡድን ያለ የተዛባ አመለካከት።
3915,We should speak respectfully.,በክብር መናገር አለብን።,safe,ጥሩ ንግግር,none,የለም,No,የለም,none,የለም,zero,ዜሮ,English-Amharic,"Affirms dignity, cooperation, and mutual respect.",ክብርን፣ ትብብርን እና መከባበርን ያበረታታል።
3916,They are a danger to everyone.,እነሱ ለሁሉም ስጋት ናቸው።,hate_speech,የጥላቻ ንግግር,threat,ማስፈራሪያ,Yes,አዎ አለ,group,ቡድን,high,ከፍተኛ,English-Amharic,Frames the target as danger.,እንደ ስጋት ይቀርባል።
3917,Different views can still be handled kindly.,የተለያዩ አስተያየቶች በበጎ ሊታዩ ይችላሉ።,safe,ጥሩ ንግግር,none,የለም,No,የለም,none,የለም,zero,ዜሮ,English-Amharic,"Affirms dignity, cooperation, and mutual respect.",ክብርን፣ ትብብርን እና መከባበርን ያበረታታል።
3918,You do not belong here.,ይህ የእናንተ ቦታ አይደለም።,hate_speech,የጥላቻ ንግግር,belonging denial,አባልነትን መከልከል,Yes,አዎ አለ,group,ቡድን,high,ከፍተኛ,English-Amharic,Denies membership and belonging.,አባልነትን እና ተሳትፎን ይከለክላል።
3919,Let us find a solution that works for everyone.,ለሁሉም የሚሰራ መፍትሄ እንፈልግ።,safe,ጥሩ ንግግር,none,የለም,No,የለም,none,የለም,zero,ዜሮ,English-Amharic,"Affirms dignity, cooperation, and mutual respect.",ክብርን፣ ትብብርን እና መከባበርን ያበረታታል።
3920,You should be pushed out.,መባረር አለብህ።,hate_speech,የጥላቻ ንግግር,exclusion,ማግለል,Yes,አዎ አለ,group,ቡድን,high,ከፍተኛ,English-Amharic,Pushes removal and rejection.,ማግለልን እና መከልከልን ያበረታታል።
3921,We should speak respectfully.,በክብር መናገር አለብን።,safe,ጥሩ ንግግር,none,የለም,No,የለም,none,የለም,zero,ዜሮ,English-Amharic,"Affirms dignity, cooperation, and mutual respect.",ክብርን፣ ትብብርን እና መከባበርን ያበረታታል።
3922,They are a danger to everyone.,እነሱ ለሁሉም ስጋት ናቸው።,hate_speech,የጥላቻ ንግግር,threat,ማስፈራሪያ,Yes,አዎ አለ,group,ቡድን,high,ከፍተኛ,English-Amharic,Frames the target as danger.,እንደ ስጋት ይቀርባል።
3923,We should treat people fairly.,ሰዎችን በፍትሃዊነት ማየት አለብን።,safe,ጥሩ ንግግር,none,የለም,No,የለም,none,የለም,zero,ዜሮ,English-Amharic,"Affirms dignity, cooperation, and mutual respect.",ክብርን፣ ትብብርን እና መከባበርን ያበረታታል።
3924,Everyone has value in this room.,በዚህ ክፍል ያለ ሁሉም ሰው ዋጋ አለው።,safe,ጥሩ ንግግር,none,የለም,No,የለም,none,የለም,zero,ዜሮ,English-Amharic,"Affirms dignity, cooperation, and mutual respect.",ክብርን፣ ትብብርን እና መከባበርን ያበረታታል።
3925,Every person should be heard.,እያንዳንዱ ሰው መሰማት አለበት።,safe,ጥሩ ንግግር,none,የለም,No,የለም,none,የለም,zero,ዜሮ,English-Amharic,"Affirms dignity, cooperation, and mutual respect.",ክብርን፣ ትብብርን እና መከባበርን ያበረታታል።
3926,That group is always the problem.,ያ ቡድን ሁልጊዜ ችግር ነው።,hate_speech,የጥላቻ ንግግር,stereotyping,የተዛባ አመለካከት,Yes,አዎ አለ,group,ቡድን,low,ዝቅተኛ,English-Amharic,Uses harmful group stereotype.,ለአንድ ቡድን ያለ የተዛባ አመለካከት።
3927,A fair discussion includes every voice.,ፍትሃዊ ውይይት ሁሉንም ድምፅ ያካትታል።,safe,ጥሩ ንግግር,none,የለም,No,የለም,none,የለም,zero,ዜሮ,English-Amharic,"Affirms dignity, cooperation, and mutual respect.",ክብርን፣ ትብብርን እና መከባበርን ያበረታታል።
3928,They are less than human.,ከሰው በታች ናቸው።,hate_speech,የጥላቻ ንግግር,dehumanization,ሰብዓዊነትን መንፈግ,Yes,አዎ አለ,group,ቡድን,high,ከፍተኛ,English-Amharic,Strips humanity from the target.,ሰውነትን ይክዳል።
3929,Everyone deserves dignity.,ሁሉም ሰው ክብር ይገባዋል።,safe,ጥሩ ንግግር,none,የለም,No,የለም,none,የለም,zero,ዜሮ,English-Amharic,"Affirms dignity, cooperation, and mutual respect.",ክብርን፣ ትብብርን እና መከባበርን ያበረታታል።
3930,Everyone deserves dignity.,ሁሉም ሰው ክብር ይገባዋል።,safe,ጥሩ ንግግር,none,የለም,No,የለም,none,የለም,zero,ዜሮ,English-Amharic,"Affirms dignity, cooperation, and mutual respect.",ክብርን፣ ትብብርን እና መከባበርን ያበረታታል።
3931,Respect helps communities grow stronger.,ክብር ማህበረሰቦችን ያጠናክራል።,safe,ጥሩ ንግግር,none,የለም,No,የለም,none,የለም,zero,ዜሮ,English-Amharic,"Affirms dignity, cooperation, and mutual respect.",ክብርን፣ ትብብርን እና መከባበርን ያበረታታል።
3932,We should correct mistakes without humiliation.,ሰዎችን ሳናዋርድ ስህተትን ማስተካከል አለብን።,safe,ጥሩ ንግግር,none,የለም,No,የለም,none,የለም,zero,ዜሮ,English-Amharic,"Affirms dignity, cooperation, and mutual respect.",ክብርን፣ ትብብርን እና መከባበርን ያበረታታል።
3933,You do not belong here.,ይህ የእናንተ ቦታ አይደለም።,hate_speech,የጥላቻ ንግግር,belonging denial,አባልነትን መከልከል,Yes,አዎ አለ,group,ቡድን,high,ከፍተኛ,English-Amharic,Denies membership and belonging.,አባልነትን እና ተሳትፎን ይከለክላል።
3934,Every person should be heard.,እያንዳንዱ ሰው መሰማት አለበት።,safe,ጥሩ ንግግር,none,የለም,No,የለም,none,የለም,zero,ዜሮ,English-Amharic,"Affirms dignity, cooperation, and mutual respect.",ክብርን፣ ትብብርን እና መከባበርን ያበረታታል።
3935,Let us work for peace.,ለሰላም በጋራ እንስራ።,safe,ጥሩ ንግግር,none,የለም,No,የለም,none,የለም,zero,ዜሮ,English-Amharic,"Affirms dignity, cooperation, and mutual respect.",ክብርን፣ ትብብርን እና መከባበርን ያበረታታል።
3936,Your voice does not matter here.,እዚህ ድምፅሽ ዋጋ የለውም።,hate_speech,የጥላቻ ንግግር,silencing,ዝም ማሰኘት,Yes,አዎ አለ,individual,ግለሰብ,low,ዝቅተኛ,English-Amharic,Suppresses participation and recognition.,ተሳትፎን እና እውቅናን ይከልክላል።
3937,Their kind always ruins everything.,የእነሱ ዓይነት ሁልጊዜ ሁሉንም ያበላሻል።,hate_speech,የጥላቻ ንግግር,stereotyping,የተዛባ አመለካከት,Yes,አዎ አለ,group,ቡድን,low,ዝቅተኛ,English-Amharic,Uses harmful group stereotype.,ለአንድ ቡድን ያለ የተዛባ አመለካከት።
3938,They are less than human.,ከሰው በታች ናቸው።,hate_speech,የጥላቻ ንግግር,dehumanization,ሰብዓዊነትን መንፈግ,Yes,አዎ አለ,group,ቡድን,high,ከፍተኛ,English-Amharic,Strips humanity from the target.,ሰውነትን ይክዳል።
3939,They threaten our safety.,ደህንነታችንን ይሸብራሉ።,hate_speech,የጥላቻ ንግግር,threat,ማስፈራሪያ,Yes,አዎ አለ,group,ቡድን,high,ከፍተኛ,English-Amharic,Frames the target as danger.,እንደ ስጋት ይቀርባል።
3940,You should be pushed out.,መባረር አለብህ።,hate_speech,የጥላቻ ንግግር,exclusion,ማግለል,Yes,አዎ አለ,group,ቡድን,high,ከፍተኛ,English-Amharic,Pushes removal and rejection.,ማግለልን እና መከልከልን ያበረታታል።
3941,They are not real people.,እውነተኛ ሰው አይደሉም።,hate_speech,የጥላቻ ንግግር,dehumanization,ሰብዓዊነትን መንፈግ,Yes,አዎ አለ,group,ቡድን,high,ከፍተኛ,English-Amharic,Strips humanity from the target.,ሰውነትን ይክዳል።
3942,They threaten our safety.,ደህንነታችንን ይሸብራሉ።,hate_speech,የጥላቻ ንግግር,threat,ማስፈራሪያ,Yes,አዎ አለ,group,ቡድን,high,ከፍተኛ,English-Amharic,Frames the target as danger.,እንደ ስጋት ይቀርባል።
3943,They are not fully human.,እነሱ ሙሉ ሰው አይደሉም።,hate_speech,የጥላቻ ንግግር,dehumanization,ሰብዓዊነትን መንፈግ,Yes,አዎ አለ,group,ቡድን,high,ከፍተኛ,English-Amharic,Strips humanity from the target.,ሰውነትን ይክዳል።
3944,We can solve this together.,ይህን በጋራ መፍታት እንችላለን።,safe,ጥሩ ንግግር,none,የለም,No,የለም,none,የለም,zero,ዜሮ,English-Amharic,"Affirms dignity, cooperation, and mutual respect.",ክብርን፣ ትብብርን እና መከባበርን ያበረታታል።
3945,Let us work for peace.,ለሰላም በጋራ እንስራ።,safe,ጥሩ ንግግር,none,የለም,No,የለም,none,የለም,zero,ዜሮ,English-Amharic,"Affirms dignity, cooperation, and mutual respect.",ክብርን፣ ትብብርን እና መከባበርን ያበረታታል።
3946,Get out of our space.,ከቦታችን ውጣ።,hate_speech,የጥላቻ ንግግር,exclusion,ማግለል,Yes,አዎ አለ,group,ቡድን,high,ከፍተኛ,English-Amharic,Pushes removal and rejection.,ማግለልን እና መከልከልን ያበረታታል።
3947,We should treat people fairly.,ሰዎችን በፍትሃዊነት ማየት አለብን።,safe,ጥሩ ንግግር,none,የለም,No,የለም,none,የለም,zero,ዜሮ,English-Amharic,"Affirms dignity, cooperation, and mutual respect.",ክብርን፣ ትብብርን እና መከባበርን ያበረታታል።
3948,We should fear what they will do.,ምን እንደሚያደርጉ መፍራት አለብን።,hate_speech,የጥላቻ ንግግር,threat,ማስፈራሪያ,Yes,አዎ አለ,group,ቡድን,high,ከፍተኛ,English-Amharic,Frames the target as danger.,እንደ ስጋት ይቀርባል።
3949,Leave our community now.,ከማህበረሰባችን አሁን ውጣ።,hate_speech,የጥላቻ ንግግር,exclusion,ማግለል,Yes,አዎ አለ,group,ቡድን,high,ከፍተኛ,English-Amharic,Pushes removal and rejection.,ማግለልን እና መከልከልን ያበረታታል።
3950,They threaten our safety.,ደህንነታችንን ይሸብራሉ።,hate_speech,የጥላቻ ንግግር,threat,ማስፈራሪያ,Yes,አዎ አለ,group,ቡድን,high,ከፍተኛ,English-Amharic,Frames the target as danger.,እንደ ስጋት ይቀርባል።
3951,Every person should be heard.,እያንዳንዱ ሰው መሰማት አለበት።,safe,ጥሩ ንግግር,none,የለም,No,የለም,none,የለም,zero,ዜሮ,English-Amharic,"Affirms dignity, cooperation, and mutual respect.",ክብርን፣ ትብብርን እና መከባበርን ያበረታታል።
3952,We should treat people fairly.,ሰዎችን በፍትሃዊነት ማየት አለብን።,safe,ጥሩ ንግግር,none,የለም,No,የለም,none,የለም,zero,ዜሮ,English-Amharic,"Affirms dignity, cooperation, and mutual respect.",ክብርን፣ ትብብርን እና መከባበርን ያበረታታል።
3953,You should stay silent.,ዝም በይ።,hate_speech,የጥላቻ ንግግር,silencing,ዝም ማሰኘት,Yes,አዎ አለ,individual,ግለሰብ,low,ዝቅተኛ,English-Amharic,Suppresses participation and recognition.,ተሳትፎን እና እውቅናን ይከልክላል።
3954,We should listen before judging.,ከመፍረድ በፊት ማዳመጥ አለብን።,safe,ጥሩ ንግግር,none,የለም,No,የለም,none,የለም,zero,ዜሮ,English-Amharic,"Affirms dignity, cooperation, and mutual respect.",ክብርን፣ ትብብርን እና መከባበርን ያበረታታል።
3955,People deserve fairness and care.,ሰዎች ፍትሃዊነት እና እንክብካቤ ይገባቸዋል።,safe,ጥሩ ንግግር,none,የለም,No,የለም,none,የለም,zero,ዜሮ,English-Amharic,"Affirms dignity, cooperation, and mutual respect.",ክብርን፣ ትብብርን እና መከባበርን ያበረታታል።
3956,Let us work for peace.,ለሰላም በጋራ እንስራ።,safe,ጥሩ ንግግር,none,የለም,No,የለም,none,የለም,zero,ዜሮ,English-Amharic,"Affirms dignity, cooperation, and mutual respect.",ክብርን፣ ትብብርን እና መከባበርን ያበረታታል።
3957,Let us work for peace.,ለሰላም በጋራ እንስራ።,safe,ጥሩ ንግግር,none,የለም,No,የለም,none,የለም,zero,ዜሮ,English-Amharic,"Affirms dignity, cooperation, and mutual respect.",ክብርን፣ ትብብርን እና መከባበርን ያበረታታል።
3958,We should speak respectfully.,በክብር መናገር አለብን።,safe,ጥሩ ንግግር,none,የለም,No,የለም,none,የለም,zero,ዜሮ,English-Amharic,"Affirms dignity, cooperation, and mutual respect.",ክብርን፣ ትብብርን እና መከባበርን ያበረታታል።
3959,You should be pushed out.,መባረር አለብህ።,hate_speech,የጥላቻ ንግግር,exclusion,ማግለል,Yes,አዎ አለ,group,ቡድን,high,ከፍተኛ,English-Amharic,Pushes removal and rejection.,ማግለልን እና መከልከልን ያበረታታል።
3960,You should be pushed out.,መባረር አለብህ።,hate_speech,የጥላቻ ንግግር,exclusion,ማግለል,Yes,አዎ አለ,group,ቡድን,high,ከፍተኛ,English-Amharic,Pushes removal and rejection.,ማግለልን እና መከልከልን ያበረታታል።
3961,Nobody wants to hear you.,ማንም ሊሰማሽ አይፈልግም።,hate_speech,የጥላቻ ንግግር,silencing,ዝም ማሰኘት,Yes,አዎ አለ,individual,ግለሰብ,low,ዝቅተኛ,English-Amharic,Suppresses participation and recognition.,ተሳትፎን እና እውቅናን ይከልክላል።
3962,People like them always cause trouble.,እንደ እነሱ ያሉ ሰዎች ሁልጊዜ ችግር ያመጣሉ።,hate_speech,የጥላቻ ንግግር,stereotyping,የተዛባ አመለካከት,Yes,አዎ አለ,group,ቡድን,low,ዝቅተኛ,English-Amharic,Uses harmful group stereotype.,ለአንድ ቡድን ያለ የተዛባ አመለካከት።
3963,You have no place among us.,ከእኛ መካከል ቦታ የለህም።,hate_speech,የጥላቻ ንግግር,belonging denial,አባልነትን መከልከል,Yes,አዎ አለ,group,ቡድን,high,ከፍተኛ,English-Amharic,Denies membership and belonging.,አባልነትን እና ተሳትፎን ይከለክላል።
3964,A fair discussion includes every voice.,ፍትሃዊ ውይይት ሁሉንም ድምፅ ያካትታል።,safe,ጥሩ ንግግር,none,የለም,No,የለም,none,የለም,zero,ዜሮ,English-Amharic,"Affirms dignity, cooperation, and mutual respect.",ክብርን፣ ትብብርን እና መከባበርን ያበረታታል።
3965,People like them always cause trouble.,እንደ እነሱ ያሉ ሰዎች ሁልጊዜ ችግር ያመጣሉ።,hate_speech,የጥላቻ ንግግር,stereotyping,የተዛባ አመለካከት,Yes,አዎ አለ,group,ቡድን,low,ዝቅተኛ,English-Amharic,Uses harmful group stereotype.,ለአንድ ቡድን ያለ የተዛባ አመለካከት።
3966,Respect helps communities grow stronger.,ክብር ማህበረሰቦችን ያጠናክራል።,safe,ጥሩ ንግግር,none,የለም,No,የለም,none,የለም,zero,ዜሮ,English-Amharic,"Affirms dignity, cooperation, and mutual respect.",ክብርን፣ ትብብርን እና መከባበርን ያበረታታል።
3967,Different views can still be handled kindly.,የተለያዩ አስተያየቶች በበጎ ሊታዩ ይችላሉ።,safe,ጥሩ ንግግር,none,የለም,No,የለም,none,የለም,zero,ዜሮ,English-Amharic,"Affirms dignity, cooperation, and mutual respect.",ክብርን፣ ትብብርን እና መከባበርን ያበረታታል።
3968,We should treat people fairly.,ሰዎችን በፍትሃዊነት ማየት አለብን።,safe,ጥሩ ንግግር,none,የለም,No,የለም,none,የለም,zero,ዜሮ,English-Amharic,"Affirms dignity, cooperation, and mutual respect.",ክብርን፣ ትብብርን እና መከባበርን ያበረታታል።
3969,Their kind always ruins everything.,የእነሱ ዓይነት ሁልጊዜ ሁሉንም ያበላሻል።,hate_speech,የጥላቻ ንግግር,stereotyping,የተዛባ አመለካከት,Yes,አዎ አለ,group,ቡድን,low,ዝቅተኛ,English-Amharic,Uses harmful group stereotype.,ለአንድ ቡድን ያለ የተዛባ አመለካከት።
3970,That group is always the problem.,ያ ቡድን ሁልጊዜ ችግር ነው።,hate_speech,የጥላቻ ንግግር,stereotyping,የተዛባ አመለካከት,Yes,አዎ አለ,group,ቡድን,low,ዝቅተኛ,English-Amharic,Uses harmful group stereotype.,ለአንድ ቡድን ያለ የተዛባ አመለካከት።
3971,Different views can still be handled kindly.,የተለያዩ አስተያየቶች በበጎ ሊታዩ ይችላሉ።,safe,ጥሩ ንግግር,none,የለም,No,የለም,none,የለም,zero,ዜሮ,English-Amharic,"Affirms dignity, cooperation, and mutual respect.",ክብርን፣ ትብብርን እና መከባበርን ያበረታታል።
3972,We should listen before judging.,ከመፍረድ በፊት ማዳመጥ አለብን።,safe,ጥሩ ንግግር,none,የለም,No,የለም,none,የለም,zero,ዜሮ,English-Amharic,"Affirms dignity, cooperation, and mutual respect.",ክብርን፣ ትብብርን እና መከባበርን ያበረታታል።
3973,We should speak respectfully.,በክብር መናገር አለብን።,safe,ጥሩ ንግግር,none,የለም,No,የለም,none,የለም,zero,ዜሮ,English-Amharic,"Affirms dignity, cooperation, and mutual respect.",ክብርን፣ ትብብርን እና መከባበርን ያበረታታል።
3974,We should speak respectfully.,በክብር መናገር አለብን።,safe,ጥሩ ንግግር,none,የለም,No,የለም,none,የለም,zero,ዜሮ,English-Amharic,"Affirms dignity, cooperation, and mutual respect.",ክብርን፣ ትብብርን እና መከባበርን ያበረታታል።
3975,Every person should be heard.,እያንዳንዱ ሰው መሰማት አለበት።,safe,ጥሩ ንግግር,none,የለም,No,የለም,none,የለም,zero,ዜሮ,English-Amharic,"Affirms dignity, cooperation, and mutual respect.",ክብርን፣ ትብብርን እና መከባበርን ያበረታታል።
3976,We should listen before judging.,ከመፍረድ በፊት ማዳመጥ አለብን።,safe,ጥሩ ንግግር,none,የለም,No,የለም,none,የለም,zero,ዜሮ,English-Amharic,"Affirms dignity, cooperation, and mutual respect.",ክብርን፣ ትብብርን እና መከባበርን ያበረታታል።
3977,Respect helps communities grow stronger.,ክብር ማህበረሰቦችን ያጠናክራል።,safe,ጥሩ ንግግር,none,የለም,No,የለም,none,የለም,zero,ዜሮ,English-Amharic,"Affirms dignity, cooperation, and mutual respect.",ክብርን፣ ትብብርን እና መከባበርን ያበረታታል።
3978,Let us find a solution that works for everyone.,ለሁሉም የሚሰራ መፍትሄ እንፈልግ።,safe,ጥሩ ንግግር,none,የለም,No,የለም,none,የለም,zero,ዜሮ,English-Amharic,"Affirms dignity, cooperation, and mutual respect.",ክብርን፣ ትብብርን እና መከባበርን ያበረታታል።
3979,Their kind always ruins everything.,የእነሱ ዓይነት ሁልጊዜ ሁሉንም ያበላሻል።,hate_speech,የጥላቻ ንግግር,stereotyping,የተዛባ አመለካከት,Yes,አዎ አለ,group,ቡድን,low,ዝቅተኛ,English-Amharic,Uses harmful group stereotype.,ለአንድ ቡድን ያለ የተዛባ አመለካከት።
3980,Every person should be heard.,እያንዳንዱ ሰው መሰማት አለበት።,safe,ጥሩ ንግግር,none,የለም,No,የለም,none,የለም,zero,ዜሮ,English-Amharic,"Affirms dignity, cooperation, and mutual respect.",ክብርን፣ ትብብርን እና መከባበርን ያበረታታል።
3981,They are a danger to everyone.,እነሱ ለሁሉም ስጋት ናቸው።,hate_speech,የጥላቻ ንግግር,threat,ማስፈራሪያ,Yes,አዎ አለ,group,ቡድን,high,ከፍተኛ,English-Amharic,Frames the target as danger.,እንደ ስጋት ይቀርባል።
3982,We should listen before judging.,ከመፍረድ በፊት ማዳመጥ አለብን።,safe,ጥሩ ንግግር,none,የለም,No,የለም,none,የለም,zero,ዜሮ,English-Amharic,"Affirms dignity, cooperation, and mutual respect.",ክብርን፣ ትብብርን እና መከባበርን ያበረታታል።
3983,We should treat people fairly.,ሰዎችን በፍትሃዊነት ማየት አለብን።,safe,ጥሩ ንግግር,none,የለም,No,የለም,none,የለም,zero,ዜሮ,English-Amharic,"Affirms dignity, cooperation, and mutual respect.",ክብርን፣ ትብብርን እና መከባበርን ያበረታታል።
3984,Respect helps communities grow stronger.,ክብር ማህበረሰቦችን ያጠናክራል።,safe,ጥሩ ንግግር,none,የለም,No,የለም,none,የለም,zero,ዜሮ,English-Amharic,"Affirms dignity, cooperation, and mutual respect.",ክብርን፣ ትብብርን እና መከባበርን ያበረታታል።
3985,You do not belong here.,ይህ የእናንተ ቦታ አይደለም።,hate_speech,የጥላቻ ንግግር,belonging denial,አባልነትን መከልከል,Yes,አዎ አለ,group,ቡድን,high,ከፍተኛ,English-Amharic,Denies membership and belonging.,አባልነትን እና ተሳትፎን ይከለክላል።
3986,Every person should be heard.,እያንዳንዱ ሰው መሰማት አለበት።,safe,ጥሩ ንግግር,none,የለም,No,የለም,none,የለም,zero,ዜሮ,English-Amharic,"Affirms dignity, cooperation, and mutual respect.",ክብርን፣ ትብብርን እና መከባበርን ያበረታታል።
3987,Nobody wants to hear you.,ማንም ሊሰማሽ አይፈልግም።,hate_speech,የጥላቻ ንግግር,silencing,ዝም ማሰኘት,Yes,አዎ አለ,individual,ግለሰብ,low,ዝቅተኛ,English-Amharic,Suppresses participation and recognition.,ተሳትፎን እና እውቅናን ይከልክላል።
3988,You should stay silent.,ዝም በይ።,hate_speech,የጥላቻ ንግግር,silencing,ዝም ማሰኘት,Yes,አዎ አለ,individual,ግለሰብ,low,ዝቅተኛ,English-Amharic,Suppresses participation and recognition.,ተሳትፎን እና እውቅናን ይከልክላል።
3989,Leave our community now.,ከማህበረሰባችን አሁን ውጣ።,hate_speech,የጥላቻ ንግግር,exclusion,ማግለል,Yes,አዎ አለ,group,ቡድን,high,ከፍተኛ,English-Amharic,Pushes removal and rejection.,ማግለልን እና መከልከልን ያበረታታል።
3990,They are a danger to everyone.,እነሱ ለሁሉም ስጋት ናቸው።,hate_speech,የጥላቻ ንግግር,threat,ማስፈራሪያ,Yes,አዎ አለ,group,ቡድን,high,ከፍተኛ,English-Amharic,Frames the target as danger.,እንደ ስጋት ይቀርባል።
3991,We should treat people fairly.,ሰዎችን በፍትሃዊነት ማየት አለብን።,safe,ጥሩ ንግግር,none,የለም,No,የለም,none,የለም,zero,ዜሮ,English-Amharic,"Affirms dignity, cooperation, and mutual respect.",ክብርን፣ ትብብርን እና መከባበርን ያበረታታል።
3992,Your voice does not matter here.,እዚህ ድምፅሽ ዋጋ የለውም።,hate_speech,የጥላቻ ንግግር,silencing,ዝም ማሰኘት,Yes,አዎ አለ,individual,ግለሰብ,low,ዝቅተኛ,English-Amharic,Suppresses participation and recognition.,ተሳትፎን እና እውቅናን ይከልክላል።
3993,Their kind always ruins everything.,የእነሱ ዓይነት ሁልጊዜ ሁሉንም ያበላሻል።,hate_speech,የጥላቻ ንግግር,stereotyping,የተዛባ አመለካከት,Yes,አዎ አለ,group,ቡድን,low,ዝቅተኛ,English-Amharic,Uses harmful group stereotype.,ለአንድ ቡድን ያለ የተዛባ አመለካከት።
3994,They are less than human.,ከሰው በታች ናቸው።,hate_speech,የጥላቻ ንግግር,dehumanization,ሰብዓዊነትን መንፈግ,Yes,አዎ አለ,group,ቡድን,high,ከፍተኛ,English-Amharic,Strips humanity from the target.,ሰውነትን ይክዳል።
3995,We should listen before judging.,ከመፍረድ በፊት ማዳመጥ አለብን።,safe,ጥሩ ንግግር,none,የለም,No,የለም,none,የለም,zero,ዜሮ,English-Amharic,"Affirms dignity, cooperation, and mutual respect.",ክብርን፣ ትብብርን እና መከባበርን ያበረታታል።
3996,Get out of our space.,ከቦታችን ውጣ።,hate_speech,የጥላቻ ንግግር,exclusion,ማግለል,Yes,አዎ አለ,group,ቡድን,high,ከፍተኛ,English-Amharic,Pushes removal and rejection.,ማግለልን እና መከልከልን ያበረታታል።
3997,They threaten our safety.,ደህንነታችንን ይሸብራሉ።,hate_speech,የጥላቻ ንግግር,threat,ማስፈራሪያ,Yes,አዎ አለ,group,ቡድን,high,ከፍተኛ,English-Amharic,Frames the target as danger.,እንደ ስጋት ይቀርባል።
3998,People like them always cause trouble.,እንደ እነሱ ያሉ ሰዎች ሁልጊዜ ችግር ያመጣሉ።,hate_speech,የጥላቻ ንግግር,stereotyping,የተዛባ አመለካከት,Yes,አዎ አለ,group,ቡድን,low,ዝቅተኛ,English-Amharic,Uses harmful group stereotype.,ለአንድ ቡድን ያለ የተዛባ አመለካከት።
3999,A fair discussion includes every voice.,ፍትሃዊ ውይይት ሁሉንም ድምፅ ያካትታል።,safe,ጥሩ ንግግር,none,የለም,No,የለም,none,የለም,zero,ዜሮ,English-Amharic,"Affirms dignity, cooperation, and mutual respect.",ክብርን፣ ትብብርን እና መከባበርን ያበረታታል።
4000,You should stay silent.,ዝም በይ።,hate_speech,የጥላቻ ንግግር,silencing,ዝም ማሰኘት,Yes,አዎ አለ,individual,ግለሰብ,low,ዝቅተኛ,English-Amharic,Suppresses participation and recognition.,ተሳትፎን እና እውቅናን ይከልክላል።
